getpwuid_r did not find a match for uid 501
Filtering the log data using "process == "Flagstone""
Timestamp               Ty Process[PID:TID]
2026-08-21 01:46:13.636 Df Flagstone[64432:73bfc] [com.apple.locationd.Core:Client] {"msg":"#CLLocationManager invoking #delegate - location unavailable", "self":"0x10fce51a0", "delegate":"0x10aeee7c0", "selector":locationManager:didFailWithError:}
2026-08-21 01:46:13.656 E  Flagstone[64432:73bfc] [com.apple.MapKit:MKCoreLocationProvider] CLLocationManager(<CLLocationManager: 0x10fce51a0>) for <MKCoreLocationProvider: 0x10aeee7c0> did fail with error: Error Domain=kCLErrorDomain Code=0 "(null)"
2026-08-21 01:46:13.662 Df Flagstone[64432:73bfc] [com.apple.locationd.Core:Client] {"msg":"#CLLocationManager invoking #delegate", "self":"0x10fce51a0", "delegate":"0x10aeee7c0", "selector":locationManager:didUpdateLocations:, "location":<private>, "eventType":kCLConnectionMessageLocation}
2026-08-21 01:46:13.933 A  Flagstone[64432:6f572] (CoreLocation) CL: CLLocationManager
2026-08-21 01:46:13.933 Df Flagstone[64432:6f572] [com.apple.locationd.Core:Client] {"msg":"CLLocationManager", "event":activity, "_cmd":desiredAccuracy, "self":"0x10fce51a0"}
2026-08-21 01:46:13.933 A  Flagstone[64432:6f572] (CoreLocation) CL: CLLocationManager
2026-08-21 01:46:13.933 Df Flagstone[64432:6f572] [com.apple.locationd.Core:Client] {"msg":"CLLocationManager", "event":activity, "_cmd":desiredAccuracy, "self":"0x10fce51a0"}
2026-08-21 01:46:24.302 Df Flagstone[64432:74119] [com.apple.dt.xctest:Default] Received attributes request for element: App element pid: 64432. Attributes: (
    "XC_kAXXCAttributeFrame",
    "XC_kAXXCAttributeWindowDisplayId",
    "XC_kAXXCAttributeWindowContextId"
)
2026-08-21 01:46:24.302 Df Flagstone[64432:741ed] [com.apple.dt.xctest:Default] XCTPerformOnMainRunLoop[not MT]: about to CFRunLoopPerform
2026-08-21 01:46:24.302 Df Flagstone[64432:741ed] [com.apple.dt.xctest:Default] XCTPerformOnMainRunLoop[not MT]: waiting with 30.00s responsiveness timeout
2026-08-21 01:46:24.302 Df Flagstone[64432:6f572] [com.apple.dt.xctest:Default] XCTPerformOnMainRunLoop[MT]: inside CFRunLoopPerform
2026-08-21 01:46:24.302 Df Flagstone[64432:6f572] [com.apple.dt.xctest:Default] XCTPerformOnMainRunLoop[MT]: MT responded in time (won the race to the busy flag)
2026-08-21 01:46:24.302 Df Flagstone[64432:741ed] [com.apple.dt.xctest:Default] XCTPerformOnMainRunLoop[not MT]: waiting 60.00s for work to complete
2026-08-21 01:46:24.302 Df Flagstone[64432:6f572] [com.apple.dt.xctest:Default] Fetching AX attributes XC_kAXXCAttributeFrame, XC_kAXXCAttributeWindowDisplayId, XC_kAXXCAttributeWindowContextId for App element pid: 64432
2026-08-21 01:46:24.302 Df Flagstone[64432:6f572] [com.apple.dt.xctest:Default] Got attributes, transferring to dictionary for return.
2026-08-21 01:46:24.303 Df Flagstone[64432:741ed] [com.apple.dt.xctest:Default] Replying with attribute values: {
    "XC_kAXXCAttributeFrame" =     {
        Height = 844;
        Width = 390;
        X = 0;
        Y = 0;
    };
    "XC_kAXXCAttributeWindowContextId" = 2196523812;
    "XC_kAXXCAttributeWindowDisplayId" = 0;
}
2026-08-21 01:46:24.305 Df Flagstone[64432:741ed] [com.apple.dt.xctest:Default] Received attributes request for element: App element pid: 64432. Attributes: (
    "XC_kAXXCAttributeElementType",
    "XC_kAXXCAttributeElementBaseType",
    "XC_kAXXCAttributeTraits",
    "XC_kAXXCAttributeAutomationType"
)
2026-08-21 01:46:24.305 Df Flagstone[64432:74119] [com.apple.dt.xctest:Default] XCTPerformOnMainRunLoop[not MT]: about to CFRunLoopPerform
2026-08-21 01:46:24.305 Df Flagstone[64432:74119] [com.apple.dt.xctest:Default] XCTPerformOnMainRunLoop[not MT]: waiting with 30.00s responsiveness timeout
2026-08-21 01:46:24.305 Df Flagstone[64432:6f572] [com.apple.dt.xctest:Default] XCTPerformOnMainRunLoop[MT]: inside CFRunLoopPerform
2026-08-21 01:46:24.305 Df Flagstone[64432:6f572] [com.apple.dt.xctest:Default] XCTPerformOnMainRunLoop[MT]: MT responded in time (won the race to the busy flag)
2026-08-21 01:46:24.305 Df Flagstone[64432:6f572] [com.apple.dt.xctest:Default] Fetching AX attributes XC_kAXXCAttributeElementType, XC_kAXXCAttributeElementBaseType, XC_kAXXCAttributeTraits, XC_kAXXCAttributeAutomationType for App element pid: 64432
2026-08-21 01:46:24.305 Df Flagstone[64432:74119] [com.apple.dt.xctest:Default] XCTPerformOnMainRunLoop[not MT]: waiting 60.00s for work to complete
2026-08-21 01:46:24.305 Df Flagstone[64432:6f572] [com.apple.dt.xctest:Default] Got attributes, transferring to dictionary for return.
2026-08-21 01:46:24.305 Df Flagstone[64432:74119] [com.apple.dt.xctest:Default] Replying with attribute values: {
    "XC_kAXXCAttributeAutomationType" = 1;
    "XC_kAXXCAttributeElementBaseType" = UIApplication;
    "XC_kAXXCAttributeElementType" = UIApplication;
    "XC_kAXXCAttributeTraits" = 0;
}
2026-08-21 01:46:24.329 Df Flagstone[64432:74119] [com.apple.dt.xctest:Default] Received attributes request for element: App element pid: 64432. Attributes: (
    "XC_kAXXCAttributeFrame",
    "XC_kAXXCAttributeWindowDisplayId",
    "XC_kAXXCAttributeWindowContextId"
)
2026-08-21 01:46:24.329 Df Flagstone[64432:741ed] [com.apple.dt.xctest:Default] XCTPerformOnMainRunLoop[not MT]: about to CFRunLoopPerform
2026-08-21 01:46:24.329 Df Flagstone[64432:741ed] [com.apple.dt.xctest:Default] XCTPerformOnMainRunLoop[not MT]: waiting with 30.00s responsiveness timeout
2026-08-21 01:46:24.329 Df Flagstone[64432:6f572] [com.apple.dt.xctest:Default] XCTPerformOnMainRunLoop[MT]: inside CFRunLoopPerform
2026-08-21 01:46:24.329 Df Flagstone[64432:6f572] [com.apple.dt.xctest:Default] XCTPerformOnMainRunLoop[MT]: MT responded in time (won the race to the busy flag)
2026-08-21 01:46:24.329 Df Flagstone[64432:741ed] [com.apple.dt.xctest:Default] XCTPerformOnMainRunLoop[not MT]: waiting 60.00s for work to complete
2026-08-21 01:46:24.329 Df Flagstone[64432:6f572] [com.apple.dt.xctest:Default] Fetching AX attributes XC_kAXXCAttributeFrame, XC_kAXXCAttributeWindowDisplayId, XC_kAXXCAttributeWindowContextId for App element pid: 64432
2026-08-21 01:46:24.329 Df Flagstone[64432:6f572] [com.apple.dt.xctest:Default] Got attributes, transferring to dictionary for return.
2026-08-21 01:46:24.329 Df Flagstone[64432:741ed] [com.apple.dt.xctest:Default] Replying with attribute values: {
    "XC_kAXXCAttributeFrame" =     {
        Height = 844;
        Width = 390;
        X = 0;
        Y = 0;
    };
    "XC_kAXXCAttributeWindowContextId" = 2196523812;
    "XC_kAXXCAttributeWindowDisplayId" = 0;
}
2026-08-21 01:46:24.331 Df Flagstone[64432:741ed] [com.apple.dt.xctest:Default] Received attributes request for element: App element pid: 64432. Attributes: (
    "XC_kAXXCAttributeElementType",
    "XC_kAXXCAttributeElementBaseType",
    "XC_kAXXCAttributeTraits",
    "XC_kAXXCAttributeAutomationType"
)
2026-08-21 01:46:24.331 Df Flagstone[64432:741ed] [com.apple.dt.xctest:Default] XCTPerformOnMainRunLoop[not MT]: about to CFRunLoopPerform
2026-08-21 01:46:24.331 Df Flagstone[64432:741ed] [com.apple.dt.xctest:Default] XCTPerformOnMainRunLoop[not MT]: waiting with 30.00s responsiveness timeout
2026-08-21 01:46:24.331 Df Flagstone[64432:6f572] [com.apple.dt.xctest:Default] XCTPerformOnMainRunLoop[MT]: inside CFRunLoopPerform
2026-08-21 01:46:24.331 Df Flagstone[64432:6f572] [com.apple.dt.xctest:Default] XCTPerformOnMainRunLoop[MT]: MT responded in time (won the race to the busy flag)
2026-08-21 01:46:24.331 Df Flagstone[64432:741ed] [com.apple.dt.xctest:Default] XCTPerformOnMainRunLoop[not MT]: waiting 60.00s for work to complete
2026-08-21 01:46:24.331 Df Flagstone[64432:6f572] [com.apple.dt.xctest:Default] Fetching AX attributes XC_kAXXCAttributeElementType, XC_kAXXCAttributeElementBaseType, XC_kAXXCAttributeTraits, XC_kAXXCAttributeAutomationType for App element pid: 64432
2026-08-21 01:46:24.331 Df Flagstone[64432:6f572] [com.apple.dt.xctest:Default] Got attributes, transferring to dictionary for return.
2026-08-21 01:46:24.331 Df Flagstone[64432:741ed] [com.apple.dt.xctest:Default] Replying with attribute values: {
    "XC_kAXXCAttributeAutomationType" = 1;
    "XC_kAXXCAttributeElementBaseType" = UIApplication;
    "XC_kAXXCAttributeElementType" = UIApplication;
    "XC_kAXXCAttributeTraits" = 0;
}
2026-08-21 01:46:24.335 Df Flagstone[64432:741ed] [com.apple.dt.xctest:Default] Received attributes request for element: App element pid: 64432. Attributes: (
    "XC_kAXXCAttributeWindowDisplayId"
)
2026-08-21 01:46:24.335 Df Flagstone[64432:74119] [com.apple.dt.xctest:Default] XCTPerformOnMainRunLoop[not MT]: about to CFRunLoopPerform
2026-08-21 01:46:24.335 Df Flagstone[64432:74119] [com.apple.dt.xctest:Default] XCTPerformOnMainRunLoop[not MT]: waiting with 30.00s responsiveness timeout
2026-08-21 01:46:24.335 Df Flagstone[64432:6f572] [com.apple.dt.xctest:Default] XCTPerformOnMainRunLoop[MT]: inside CFRunLoopPerform
2026-08-21 01:46:24.335 Df Flagstone[64432:6f572] [com.apple.dt.xctest:Default] XCTPerformOnMainRunLoop[MT]: MT responded in time (won the race to the busy flag)
2026-08-21 01:46:24.335 Df Flagstone[64432:74119] [com.apple.dt.xctest:Default] XCTPerformOnMainRunLoop[not MT]: waiting 60.00s for work to complete
2026-08-21 01:46:24.335 Df Flagstone[64432:6f572] [com.apple.dt.xctest:Default] Fetching AX attributes XC_kAXXCAttributeWindowDisplayId for App element pid: 64432
2026-08-21 01:46:24.335 Df Flagstone[64432:6f572] [com.apple.dt.xctest:Default] Got attributes, transferring to dictionary for return.
2026-08-21 01:46:24.335 Df Flagstone[64432:74119] [com.apple.dt.xctest:Default] Replying with attribute values: {
    "XC_kAXXCAttributeWindowDisplayId" = 0;
}
2026-08-21 01:46:24.413 Df Flagstone[64432:6f572] [com.apple.KeyboardArbiter:Client] TX focusApplication (peekAppEvent) stealKB:Y scene:com.accessmap.app-default
2026-08-21 01:46:24.416 Df Flagstone[64432:6f572] [com.apple.UIKit:EventDispatch] Evaluating dispatch of UIEvent: 0x106d1de00; type: 0; subtype: 0; backing type: 11; shouldSend: 1; ignoreInteractionEvents: 0, systemGestureStateChange: 0
2026-08-21 01:46:24.416 Df Flagstone[64432:6f572] [com.apple.UIKit:EventDispatch] Sending UIEvent type: 0; subtype: 0; to windows: 1
2026-08-21 01:46:24.416 Df Flagstone[64432:6f572] [com.apple.UIKit:EventDispatch] Sending UIEvent type: 0; subtype: 0; to window: <UIWindow: 0x106dd4400>; contextId: 0x82EC4B24
2026-08-21 01:46:24.428 Df Flagstone[64432:6f572] [com.apple.UIKit:EventDispatch] Evaluating dispatch of UIEvent: 0x106d1de00; type: 0; subtype: 0; backing type: 11; shouldSend: 0; ignoreInteractionEvents: 0, systemGestureStateChange: 0
2026-08-21 01:46:24.443 Df Flagstone[64432:6f572] [com.apple.UIKit:EventDispatch] Evaluating dispatch of UIEvent: 0x106d1de00; type: 0; subtype: 0; backing type: 11; shouldSend: 0; ignoreInteractionEvents: 0, systemGestureStateChange: 0
2026-08-21 01:46:24.459 Df Flagstone[64432:6f572] [com.apple.UIKit:EventDispatch] Evaluating dispatch of UIEvent: 0x106d1de00; type: 0; subtype: 0; backing type: 11; shouldSend: 0; ignoreInteractionEvents: 0, systemGestureStateChange: 0
2026-08-21 01:46:24.476 Df Flagstone[64432:6f572] [com.apple.UIKit:EventDispatch] Evaluating dispatch of UIEvent: 0x106d1de00; type: 0; subtype: 0; backing type: 11; shouldSend: 0; ignoreInteractionEvents: 0, systemGestureStateChange: 0
2026-08-21 01:46:24.477 Df Flagstone[64432:6f572] [com.apple.UIKit:EventDispatch] Evaluating dispatch of UIEvent: 0x106d1de00; type: 0; subtype: 0; backing type: 11; shouldSend: 1; ignoreInteractionEvents: 0, systemGestureStateChange: 0
2026-08-21 01:46:24.477 Df Flagstone[64432:6f572] [com.apple.UIKit:EventDispatch] Sending UIEvent type: 0; subtype: 0; to windows: 1
2026-08-21 01:46:24.477 Df Flagstone[64432:6f572] [com.apple.UIKit:EventDispatch] Sending UIEvent type: 0; subtype: 0; to window: <UIWindow: 0x106dd4400>; contextId: 0x82EC4B24
2026-08-21 01:46:24.484 Df Flagstone[64432:6f572] [com.apple.UIKit:Feedback] generator <UISelectionFeedbackGenerator: 0x131802400> cannot play feedback <nil: 0x0> (enabled=0)
2026-08-21 01:46:24.493 Df Flagstone[64432:6f572] [com.apple.UIKit:EventDispatch] Evaluating dispatch of UIEvent: 0x106d1de00; type: 0; subtype: 0; backing type: 11; shouldSend: 0; ignoreInteractionEvents: 0, systemGestureStateChange: 1
2026-08-21 01:46:24.493 A  Flagstone[64432:6f572] (UIKitCore) send gesture actions
2026-08-21 01:46:24.493 A  Flagstone[64432:6f572] (UIKitCore) send gesture actions
2026-08-21 01:46:24.772 Df Flagstone[64432:74119] [com.apple.dt.xctest:Default] Received request to notify when the main run loop is idle
2026-08-21 01:46:24.772 Df Flagstone[64432:74119] [com.apple.dt.xctest:Default] Idle notifier finished setting up run loop observer
2026-08-21 01:46:24.772 Df Flagstone[64432:6f572] [com.apple.dt.xctest:Default] Idle notifier run loop observer fired
2026-08-21 01:46:24.772 Df Flagstone[64432:6f572] [com.apple.dt.xctest:Default] Sending main run loop idle reply
2026-08-21 01:46:24.773 Df Flagstone[64432:74119] [com.apple.dt.xctest:Default] Received request to notify when animations are idle
2026-08-21 01:46:24.773 Df Flagstone[64432:74119] [com.apple.dt.xctest:Default] Sending animations idle reply with error: (null)
2026-08-21 01:46:30.336 Df Flagstone[64432:743c9] [com.apple.dt.xctest:Default] Received attributes request for element: App element pid: 64432. Attributes: (
    "XC_kAXXCAttributeFrame",
    "XC_kAXXCAttributeWindowDisplayId",
    "XC_kAXXCAttributeWindowContextId"
)
2026-08-21 01:46:30.336 Df Flagstone[64432:743c9] [com.apple.dt.xctest:Default] XCTPerformOnMainRunLoop[not MT]: about to CFRunLoopPerform
2026-08-21 01:46:30.336 Df Flagstone[64432:743c9] [com.apple.dt.xctest:Default] XCTPerformOnMainRunLoop[not MT]: waiting with 30.00s responsiveness timeout
2026-08-21 01:46:30.336 Df Flagstone[64432:6f572] [com.apple.dt.xctest:Default] XCTPerformOnMainRunLoop[MT]: inside CFRunLoopPerform
2026-08-21 01:46:30.336 Df Flagstone[64432:6f572] [com.apple.dt.xctest:Default] XCTPerformOnMainRunLoop[MT]: MT responded in time (won the race to the busy flag)
2026-08-21 01:46:30.336 Df Flagstone[64432:743c9] [com.apple.dt.xctest:Default] XCTPerformOnMainRunLoop[not MT]: waiting 60.00s for work to complete
2026-08-21 01:46:30.336 Df Flagstone[64432:6f572] [com.apple.dt.xctest:Default] Fetching AX attributes XC_kAXXCAttributeFrame, XC_kAXXCAttributeWindowDisplayId, XC_kAXXCAttributeWindowContextId for App element pid: 64432
2026-08-21 01:46:30.336 Df Flagstone[64432:6f572] [com.apple.dt.xctest:Default] Got attributes, transferring to dictionary for return.
2026-08-21 01:46:30.336 Df Flagstone[64432:743c9] [com.apple.dt.xctest:Default] Replying with attribute values: {
    "XC_kAXXCAttributeFrame" =     {
        Height = 844;
        Width = 390;
        X = 0;
        Y = 0;
    };
    "XC_kAXXCAttributeWindowContextId" = 2196523812;
    "XC_kAXXCAttributeWindowDisplayId" = 0;
}
2026-08-21 01:46:30.338 Df Flagstone[64432:743c9] [com.apple.dt.xctest:Default] Received attributes request for element: App element pid: 64432. Attributes: (
    "XC_kAXXCAttributeElementType",
    "XC_kAXXCAttributeElementBaseType",
    "XC_kAXXCAttributeTraits",
    "XC_kAXXCAttributeAutomationType"
)
2026-08-21 01:46:30.338 Df Flagstone[64432:741ed] [com.apple.dt.xctest:Default] XCTPerformOnMainRunLoop[not MT]: about to CFRunLoopPerform
2026-08-21 01:46:30.338 Df Flagstone[64432:741ed] [com.apple.dt.xctest:Default] XCTPerformOnMainRunLoop[not MT]: waiting with 30.00s responsiveness timeout
2026-08-21 01:46:30.338 Df Flagstone[64432:6f572] [com.apple.dt.xctest:Default] XCTPerformOnMainRunLoop[MT]: inside CFRunLoopPerform
2026-08-21 01:46:30.338 Df Flagstone[64432:6f572] [com.apple.dt.xctest:Default] XCTPerformOnMainRunLoop[MT]: MT responded in time (won the race to the busy flag)
2026-08-21 01:46:30.338 Df Flagstone[64432:6f572] [com.apple.dt.xctest:Default] Fetching AX attributes XC_kAXXCAttributeElementType, XC_kAXXCAttributeElementBaseType, XC_kAXXCAttributeTraits, XC_kAXXCAttributeAutomationType for App element pid: 64432
2026-08-21 01:46:30.338 Df Flagstone[64432:741ed] [com.apple.dt.xctest:Default] XCTPerformOnMainRunLoop[not MT]: waiting 60.00s for work to complete
2026-08-21 01:46:30.338 Df Flagstone[64432:6f572] [com.apple.dt.xctest:Default] Got attributes, transferring to dictionary for return.
2026-08-21 01:46:30.338 Df Flagstone[64432:741ed] [com.apple.dt.xctest:Default] Replying with attribute values: {
    "XC_kAXXCAttributeAutomationType" = 1;
    "XC_kAXXCAttributeElementBaseType" = UIApplication;
    "XC_kAXXCAttributeElementType" = UIApplication;
    "XC_kAXXCAttributeTraits" = 0;
}
2026-08-21 01:46:30.367 Df Flagstone[64432:741ed] [com.apple.dt.xctest:Default] Received attributes request for element: App element pid: 64432. Attributes: (
    "XC_kAXXCAttributeFrame",
    "XC_kAXXCAttributeWindowDisplayId",
    "XC_kAXXCAttributeWindowContextId"
)
2026-08-21 01:46:30.367 Df Flagstone[64432:741ed] [com.apple.dt.xctest:Default] XCTPerformOnMainRunLoop[not MT]: about to CFRunLoopPerform
2026-08-21 01:46:30.367 Df Flagstone[64432:741ed] [com.apple.dt.xctest:Default] XCTPerformOnMainRunLoop[not MT]: waiting with 30.00s responsiveness timeout
2026-08-21 01:46:30.367 Df Flagstone[64432:6f572] [com.apple.dt.xctest:Default] XCTPerformOnMainRunLoop[MT]: inside CFRunLoopPerform
2026-08-21 01:46:30.367 Df Flagstone[64432:6f572] [com.apple.dt.xctest:Default] XCTPerformOnMainRunLoop[MT]: MT responded in time (won the race to the busy flag)
2026-08-21 01:46:30.367 Df Flagstone[64432:741ed] [com.apple.dt.xctest:Default] XCTPerformOnMainRunLoop[not MT]: waiting 60.00s for work to complete
2026-08-21 01:46:30.367 Df Flagstone[64432:6f572] [com.apple.dt.xctest:Default] Fetching AX attributes XC_kAXXCAttributeFrame, XC_kAXXCAttributeWindowDisplayId, XC_kAXXCAttributeWindowContextId for App element pid: 64432
2026-08-21 01:46:30.367 Df Flagstone[64432:6f572] [com.apple.dt.xctest:Default] Got attributes, transferring to dictionary for return.
2026-08-21 01:46:30.367 Df Flagstone[64432:741ed] [com.apple.dt.xctest:Default] Replying with attribute values: {
    "XC_kAXXCAttributeFrame" =     {
        Height = 844;
        Width = 390;
        X = 0;
        Y = 0;
    };
    "XC_kAXXCAttributeWindowContextId" = 2196523812;
    "XC_kAXXCAttributeWindowDisplayId" = 0;
}
2026-08-21 01:46:30.369 Df Flagstone[64432:741ed] [com.apple.dt.xctest:Default] Received attributes request for element: App element pid: 64432. Attributes: (
    "XC_kAXXCAttributeElementType",
    "XC_kAXXCAttributeElementBaseType",
    "XC_kAXXCAttributeTraits",
    "XC_kAXXCAttributeAutomationType"
)
2026-08-21 01:46:30.369 Df Flagstone[64432:741ed] [com.apple.dt.xctest:Default] XCTPerformOnMainRunLoop[not MT]: about to CFRunLoopPerform
2026-08-21 01:46:30.369 Df Flagstone[64432:741ed] [com.apple.dt.xctest:Default] XCTPerformOnMainRunLoop[not MT]: waiting with 30.00s responsiveness timeout
2026-08-21 01:46:30.369 Df Flagstone[64432:6f572] [com.apple.dt.xctest:Default] XCTPerformOnMainRunLoop[MT]: inside CFRunLoopPerform
2026-08-21 01:46:30.369 Df Flagstone[64432:6f572] [com.apple.dt.xctest:Default] XCTPerformOnMainRunLoop[MT]: MT responded in time (won the race to the busy flag)
2026-08-21 01:46:30.369 Df Flagstone[64432:741ed] [com.apple.dt.xctest:Default] XCTPerformOnMainRunLoop[not MT]: waiting 60.00s for work to complete
2026-08-21 01:46:30.369 Df Flagstone[64432:6f572] [com.apple.dt.xctest:Default] Fetching AX attributes XC_kAXXCAttributeElementType, XC_kAXXCAttributeElementBaseType, XC_kAXXCAttributeTraits, XC_kAXXCAttributeAutomationType for App element pid: 64432
2026-08-21 01:46:30.369 Df Flagstone[64432:6f572] [com.apple.dt.xctest:Default] Got attributes, transferring to dictionary for return.
2026-08-21 01:46:30.369 Df Flagstone[64432:741ed] [com.apple.dt.xctest:Default] Replying with attribute values: {
    "XC_kAXXCAttributeAutomationType" = 1;
    "XC_kAXXCAttributeElementBaseType" = UIApplication;
    "XC_kAXXCAttributeElementType" = UIApplication;
    "XC_kAXXCAttributeTraits" = 0;
}
2026-08-21 01:46:30.372 Df Flagstone[64432:741ed] [com.apple.dt.xctest:Default] Received attributes request for element: App element pid: 64432. Attributes: (
    "XC_kAXXCAttributeWindowDisplayId"
)
2026-08-21 01:46:30.372 Df Flagstone[64432:743c9] [com.apple.dt.xctest:Default] XCTPerformOnMainRunLoop[not MT]: about to CFRunLoopPerform
2026-08-21 01:46:30.372 Df Flagstone[64432:743c9] [com.apple.dt.xctest:Default] XCTPerformOnMainRunLoop[not MT]: waiting with 30.00s responsiveness timeout
2026-08-21 01:46:30.372 Df Flagstone[64432:6f572] [com.apple.dt.xctest:Default] XCTPerformOnMainRunLoop[MT]: inside CFRunLoopPerform
2026-08-21 01:46:30.372 Df Flagstone[64432:6f572] [com.apple.dt.xctest:Default] XCTPerformOnMainRunLoop[MT]: MT responded in time (won the race to the busy flag)
2026-08-21 01:46:30.372 Df Flagstone[64432:743c9] [com.apple.dt.xctest:Default] XCTPerformOnMainRunLoop[not MT]: waiting 60.00s for work to complete
2026-08-21 01:46:30.372 Df Flagstone[64432:6f572] [com.apple.dt.xctest:Default] Fetching AX attributes XC_kAXXCAttributeWindowDisplayId for App element pid: 64432
2026-08-21 01:46:30.372 Df Flagstone[64432:6f572] [com.apple.dt.xctest:Default] Got attributes, transferring to dictionary for return.
2026-08-21 01:46:30.372 Df Flagstone[64432:743c9] [com.apple.dt.xctest:Default] Replying with attribute values: {
    "XC_kAXXCAttributeWindowDisplayId" = 0;
}
2026-08-21 01:46:30.382 Df Flagstone[64432:6f572] [com.apple.KeyboardArbiter:Client] TX focusApplication (peekAppEvent) stealKB:Y scene:com.accessmap.app-default
2026-08-21 01:46:30.383 Df Flagstone[64432:6f572] [com.apple.UIKit:EventDispatch] Evaluating dispatch of UIEvent: 0x106d1de00; type: 0; subtype: 0; backing type: 11; shouldSend: 1; ignoreInteractionEvents: 0, systemGestureStateChange: 0
2026-08-21 01:46:30.383 Df Flagstone[64432:6f572] [com.apple.UIKit:EventDispatch] Sending UIEvent type: 0; subtype: 0; to windows: 1
2026-08-21 01:46:30.383 Df Flagstone[64432:6f572] [com.apple.UIKit:EventDispatch] Sending UIEvent type: 0; subtype: 0; to window: <UIWindow: 0x106dd4400>; contextId: 0x82EC4B24
2026-08-21 01:46:30.393 Df Flagstone[64432:6f572] [com.apple.UIKit:EventDispatch] Evaluating dispatch of UIEvent: 0x106d1de00; type: 0; subtype: 0; backing type: 11; shouldSend: 0; ignoreInteractionEvents: 0, systemGestureStateChange: 0
2026-08-21 01:46:30.409 Df Flagstone[64432:6f572] [com.apple.UIKit:EventDispatch] Evaluating dispatch of UIEvent: 0x106d1de00; type: 0; subtype: 0; backing type: 11; shouldSend: 0; ignoreInteractionEvents: 0, systemGestureStateChange: 0
2026-08-21 01:46:30.426 Df Flagstone[64432:6f572] [com.apple.UIKit:EventDispatch] Evaluating dispatch of UIEvent: 0x106d1de00; type: 0; subtype: 0; backing type: 11; shouldSend: 0; ignoreInteractionEvents: 0, systemGestureStateChange: 0
2026-08-21 01:46:30.443 Df Flagstone[64432:6f572] [com.apple.UIKit:EventDispatch] Evaluating dispatch of UIEvent: 0x106d1de00; type: 0; subtype: 0; backing type: 11; shouldSend: 0; ignoreInteractionEvents: 0, systemGestureStateChange: 0
2026-08-21 01:46:30.459 Df Flagstone[64432:6f572] [com.apple.UIKit:EventDispatch] Evaluating dispatch of UIEvent: 0x106d1de00; type: 0; subtype: 0; backing type: 11; shouldSend: 0; ignoreInteractionEvents: 0, systemGestureStateChange: 0
2026-08-21 01:46:30.476 Df Flagstone[64432:6f572] [com.apple.UIKit:EventDispatch] Evaluating dispatch of UIEvent: 0x106d1de00; type: 0; subtype: 0; backing type: 11; shouldSend: 0; ignoreInteractionEvents: 0, systemGestureStateChange: 0
2026-08-21 01:46:30.476 Df Flagstone[64432:6f572] [com.apple.UIKit:EventDispatch] Evaluating dispatch of UIEvent: 0x106d1de00; type: 0; subtype: 0; backing type: 11; shouldSend: 1; ignoreInteractionEvents: 0, systemGestureStateChange: 0
2026-08-21 01:46:30.476 Df Flagstone[64432:6f572] [com.apple.UIKit:EventDispatch] Sending UIEvent type: 0; subtype: 0; to windows: 1
2026-08-21 01:46:30.476 Df Flagstone[64432:6f572] [com.apple.UIKit:EventDispatch] Sending UIEvent type: 0; subtype: 0; to window: <UIWindow: 0x106dd4400>; contextId: 0x82EC4B24
2026-08-21 01:46:30.477 Df Flagstone[64432:6f572] [com.apple.UIKit:Feedback] generator <UISelectionFeedbackGenerator: 0x131803c00> cannot play feedback <nil: 0x0> (enabled=0)
2026-08-21 01:46:30.493 Df Flagstone[64432:6f572] [com.apple.UIKit:EventDispatch] Evaluating dispatch of UIEvent: 0x106d1de00; type: 0; subtype: 0; backing type: 11; shouldSend: 0; ignoreInteractionEvents: 0, systemGestureStateChange: 1
2026-08-21 01:46:30.493 A  Flagstone[64432:6f572] (UIKitCore) send gesture actions
2026-08-21 01:46:30.493 A  Flagstone[64432:6f572] (UIKitCore) send gesture actions
2026-08-21 01:46:30.690 Df Flagstone[64432:743c9] [com.apple.dt.xctest:Default] Received request to notify when the main run loop is idle
2026-08-21 01:46:30.690 Df Flagstone[64432:743c9] [com.apple.dt.xctest:Default] Idle notifier finished setting up run loop observer
2026-08-21 01:46:30.690 Df Flagstone[64432:6f572] [com.apple.dt.xctest:Default] Idle notifier run loop observer fired
2026-08-21 01:46:30.690 Df Flagstone[64432:6f572] [com.apple.dt.xctest:Default] Sending main run loop idle reply
2026-08-21 01:46:30.690 Df Flagstone[64432:743c9] [com.apple.dt.xctest:Default] Received request to notify when animations are idle
2026-08-21 01:47:17.129 Df Flagstone[64432:74c02] [com.apple.dt.xctest:Default] Received attributes request for element: App element pid: 64432. Attributes: (
    "XC_kAXXCAttributeFrame",
    "XC_kAXXCAttributeWindowDisplayId",
    "XC_kAXXCAttributeWindowContextId"
)
2026-08-21 01:47:17.130 Df Flagstone[64432:750af] [com.apple.dt.xctest:Default] XCTPerformOnMainRunLoop[not MT]: about to CFRunLoopPerform
2026-08-21 01:47:17.130 Df Flagstone[64432:750af] [com.apple.dt.xctest:Default] XCTPerformOnMainRunLoop[not MT]: waiting with 30.00s responsiveness timeout
2026-08-21 01:47:17.130 Df Flagstone[64432:6f572] [com.apple.dt.xctest:Default] XCTPerformOnMainRunLoop[MT]: inside CFRunLoopPerform
2026-08-21 01:47:17.130 Df Flagstone[64432:6f572] [com.apple.dt.xctest:Default] XCTPerformOnMainRunLoop[MT]: MT responded in time (won the race to the busy flag)
2026-08-21 01:47:17.130 Df Flagstone[64432:750af] [com.apple.dt.xctest:Default] XCTPerformOnMainRunLoop[not MT]: waiting 60.00s for work to complete
2026-08-21 01:47:17.130 Df Flagstone[64432:6f572] [com.apple.dt.xctest:Default] Fetching AX attributes XC_kAXXCAttributeFrame, XC_kAXXCAttributeWindowDisplayId, XC_kAXXCAttributeWindowContextId for App element pid: 64432
2026-08-21 01:47:17.130 Df Flagstone[64432:6f572] [com.apple.dt.xctest:Default] Got attributes, transferring to dictionary for return.
2026-08-21 01:47:17.132 Df Flagstone[64432:750af] [com.apple.dt.xctest:Default] Replying with attribute values: {
    "XC_kAXXCAttributeFrame" =     {
        Height = 844;
        Width = 390;
        X = 0;
        Y = 0;
    };
    "XC_kAXXCAttributeWindowContextId" = 2196523812;
    "XC_kAXXCAttributeWindowDisplayId" = 0;
}
2026-08-21 01:47:17.138 Df Flagstone[64432:750af] [com.apple.dt.xctest:Default] Received attributes request for element: App element pid: 64432. Attributes: (
    "XC_kAXXCAttributeElementType",
    "XC_kAXXCAttributeElementBaseType",
    "XC_kAXXCAttributeTraits",
    "XC_kAXXCAttributeAutomationType"
)
2026-08-21 01:47:17.138 Df Flagstone[64432:74c02] [com.apple.dt.xctest:Default] XCTPerformOnMainRunLoop[not MT]: about to CFRunLoopPerform
2026-08-21 01:47:17.138 Df Flagstone[64432:74c02] [com.apple.dt.xctest:Default] XCTPerformOnMainRunLoop[not MT]: waiting with 30.00s responsiveness timeout
2026-08-21 01:47:17.138 Df Flagstone[64432:6f572] [com.apple.dt.xctest:Default] XCTPerformOnMainRunLoop[MT]: inside CFRunLoopPerform
2026-08-21 01:47:17.138 Df Flagstone[64432:6f572] [com.apple.dt.xctest:Default] XCTPerformOnMainRunLoop[MT]: MT responded in time (won the race to the busy flag)
2026-08-21 01:47:17.138 Df Flagstone[64432:74c02] [com.apple.dt.xctest:Default] XCTPerformOnMainRunLoop[not MT]: waiting 60.00s for work to complete
2026-08-21 01:47:17.138 Df Flagstone[64432:6f572] [com.apple.dt.xctest:Default] Fetching AX attributes XC_kAXXCAttributeElementType, XC_kAXXCAttributeElementBaseType, XC_kAXXCAttributeTraits, XC_kAXXCAttributeAutomationType for App element pid: 64432
2026-08-21 01:47:17.138 Df Flagstone[64432:6f572] [com.apple.dt.xctest:Default] Got attributes, transferring to dictionary for return.
2026-08-21 01:47:17.138 Df Flagstone[64432:74c02] [com.apple.dt.xctest:Default] Replying with attribute values: {
    "XC_kAXXCAttributeAutomationType" = 1;
    "XC_kAXXCAttributeElementBaseType" = UIApplication;
    "XC_kAXXCAttributeElementType" = UIApplication;
    "XC_kAXXCAttributeTraits" = 0;
}
2026-08-21 01:47:17.297 Df Flagstone[64432:74c02] [com.apple.dt.xctest:Default] Received attributes request for element: App element pid: 64432. Attributes: (
    "XC_kAXXCAttributeFrame",
    "XC_kAXXCAttributeWindowDisplayId",
    "XC_kAXXCAttributeWindowContextId"
)
2026-08-21 01:47:17.297 Df Flagstone[64432:750af] [com.apple.dt.xctest:Default] XCTPerformOnMainRunLoop[not MT]: about to CFRunLoopPerform
2026-08-21 01:47:17.297 Df Flagstone[64432:750af] [com.apple.dt.xctest:Default] XCTPerformOnMainRunLoop[not MT]: waiting with 30.00s responsiveness timeout
2026-08-21 01:47:17.297 Df Flagstone[64432:6f572] [com.apple.dt.xctest:Default] XCTPerformOnMainRunLoop[MT]: inside CFRunLoopPerform
2026-08-21 01:47:17.297 Df Flagstone[64432:6f572] [com.apple.dt.xctest:Default] XCTPerformOnMainRunLoop[MT]: MT responded in time (won the race to the busy flag)
2026-08-21 01:47:17.297 Df Flagstone[64432:750af] [com.apple.dt.xctest:Default] XCTPerformOnMainRunLoop[not MT]: waiting 60.00s for work to complete
2026-08-21 01:47:17.297 Df Flagstone[64432:6f572] [com.apple.dt.xctest:Default] Fetching AX attributes XC_kAXXCAttributeFrame, XC_kAXXCAttributeWindowDisplayId, XC_kAXXCAttributeWindowContextId for App element pid: 64432
2026-08-21 01:47:17.298 Df Flagstone[64432:6f572] [com.apple.dt.xctest:Default] Got attributes, transferring to dictionary for return.
2026-08-21 01:47:17.298 Df Flagstone[64432:750af] [com.apple.dt.xctest:Default] Replying with attribute values: {
    "XC_kAXXCAttributeFrame" =     {
        Height = 844;
        Width = 390;
        X = 0;
        Y = 0;
    };
    "XC_kAXXCAttributeWindowContextId" = 2196523812;
    "XC_kAXXCAttributeWindowDisplayId" = 0;
}
2026-08-21 01:47:17.303 Df Flagstone[64432:750af] [com.apple.dt.xctest:Default] Received attributes request for element: App element pid: 64432. Attributes: (
    "XC_kAXXCAttributeElementType",
    "XC_kAXXCAttributeElementBaseType",
    "XC_kAXXCAttributeTraits",
    "XC_kAXXCAttributeAutomationType"
)
2026-08-21 01:47:17.303 Df Flagstone[64432:74c02] [com.apple.dt.xctest:Default] XCTPerformOnMainRunLoop[not MT]: about to CFRunLoopPerform
2026-08-21 01:47:17.303 Df Flagstone[64432:74c02] [com.apple.dt.xctest:Default] XCTPerformOnMainRunLoop[not MT]: waiting with 30.00s responsiveness timeout
2026-08-21 01:47:17.303 Df Flagstone[64432:6f572] [com.apple.dt.xctest:Default] XCTPerformOnMainRunLoop[MT]: inside CFRunLoopPerform
2026-08-21 01:47:17.303 Df Flagstone[64432:6f572] [com.apple.dt.xctest:Default] XCTPerformOnMainRunLoop[MT]: MT responded in time (won the race to the busy flag)
2026-08-21 01:47:17.303 Df Flagstone[64432:74c02] [com.apple.dt.xctest:Default] XCTPerformOnMainRunLoop[not MT]: waiting 60.00s for work to complete
2026-08-21 01:47:17.303 Df Flagstone[64432:6f572] [com.apple.dt.xctest:Default] Fetching AX attributes XC_kAXXCAttributeElementType, XC_kAXXCAttributeElementBaseType, XC_kAXXCAttributeTraits, XC_kAXXCAttributeAutomationType for App element pid: 64432
2026-08-21 01:47:17.303 Df Flagstone[64432:6f572] [com.apple.dt.xctest:Default] Got attributes, transferring to dictionary for return.
2026-08-21 01:47:17.303 Df Flagstone[64432:74c02] [com.apple.dt.xctest:Default] Replying with attribute values: {
    "XC_kAXXCAttributeAutomationType" = 1;
    "XC_kAXXCAttributeElementBaseType" = UIApplication;
    "XC_kAXXCAttributeElementType" = UIApplication;
    "XC_kAXXCAttributeTraits" = 0;
}
2026-08-21 01:47:17.310 Df Flagstone[64432:74c02] [com.apple.dt.xctest:Default] Received attributes request for element: App element pid: 64432. Attributes: (
    "XC_kAXXCAttributeWindowDisplayId"
)
2026-08-21 01:47:17.311 Df Flagstone[64432:74c02] [com.apple.dt.xctest:Default] XCTPerformOnMainRunLoop[not MT]: about to CFRunLoopPerform
2026-08-21 01:47:17.311 Df Flagstone[64432:74c02] [com.apple.dt.xctest:Default] XCTPerformOnMainRunLoop[not MT]: waiting with 30.00s responsiveness timeout
2026-08-21 01:47:17.311 Df Flagstone[64432:6f572] [com.apple.dt.xctest:Default] XCTPerformOnMainRunLoop[MT]: inside CFRunLoopPerform
2026-08-21 01:47:17.311 Df Flagstone[64432:6f572] [com.apple.dt.xctest:Default] XCTPerformOnMainRunLoop[MT]: MT responded in time (won the race to the busy flag)
2026-08-21 01:47:17.311 Df Flagstone[64432:74c02] [com.apple.dt.xctest:Default] XCTPerformOnMainRunLoop[not MT]: waiting 60.00s for work to complete
2026-08-21 01:47:17.311 Df Flagstone[64432:6f572] [com.apple.dt.xctest:Default] Fetching AX attributes XC_kAXXCAttributeWindowDisplayId for App element pid: 64432
2026-08-21 01:47:17.311 Df Flagstone[64432:6f572] [com.apple.dt.xctest:Default] Got attributes, transferring to dictionary for return.
2026-08-21 01:47:17.311 Df Flagstone[64432:74c02] [com.apple.dt.xctest:Default] Replying with attribute values: {
    "XC_kAXXCAttributeWindowDisplayId" = 0;
}
2026-08-21 01:47:17.455 Df Flagstone[64432:6f572] [com.apple.KeyboardArbiter:Client] TX focusApplication (peekAppEvent) stealKB:Y scene:com.accessmap.app-default
2026-08-21 01:47:17.458 Df Flagstone[64432:6f572] [com.apple.UIKit:EventDispatch] Evaluating dispatch of UIEvent: 0x106d1de00; type: 0; subtype: 0; backing type: 11; shouldSend: 1; ignoreInteractionEvents: 0, systemGestureStateChange: 0
2026-08-21 01:47:17.459 Df Flagstone[64432:6f572] [com.apple.UIKit:EventDispatch] Sending UIEvent type: 0; subtype: 0; to windows: 1
2026-08-21 01:47:17.459 Df Flagstone[64432:6f572] [com.apple.UIKit:EventDispatch] Sending UIEvent type: 0; subtype: 0; to window: <UIWindow: 0x106dd4400>; contextId: 0x82EC4B24
2026-08-21 01:47:17.489 Df Flagstone[64432:6f572] [com.apple.UIKit:EventDispatch] Evaluating dispatch of UIEvent: 0x106d1de00; type: 0; subtype: 0; backing type: 11; shouldSend: 0; ignoreInteractionEvents: 0, systemGestureStateChange: 0
2026-08-21 01:47:17.490 Df Flagstone[64432:6f572] [com.apple.UIKit:EventDispatch] Evaluating dispatch of UIEvent: 0x106d1de00; type: 0; subtype: 0; backing type: 11; shouldSend: 1; ignoreInteractionEvents: 0, systemGestureStateChange: 0
2026-08-21 01:47:17.490 Df Flagstone[64432:6f572] [com.apple.UIKit:EventDispatch] Sending UIEvent type: 0; subtype: 0; to windows: 1
2026-08-21 01:47:17.490 Df Flagstone[64432:6f572] [com.apple.UIKit:EventDispatch] Sending UIEvent type: 0; subtype: 0; to window: <UIWindow: 0x106dd4400>; contextId: 0x82EC4B24
2026-08-21 01:47:17.526 Df Flagstone[64432:6f572] [com.apple.UIKit:Feedback] generator <UISelectionFeedbackGenerator: 0x131803b40> cannot play feedback <nil: 0x0> (enabled=0)
2026-08-21 01:47:17.576 Df Flagstone[64432:6f572] [com.apple.UIKit:EventDispatch] Evaluating dispatch of UIEvent: 0x106d1de00; type: 0; subtype: 0; backing type: 11; shouldSend: 0; ignoreInteractionEvents: 0, systemGestureStateChange: 1
2026-08-21 01:47:17.577 A  Flagstone[64432:6f572] (UIKitCore) send gesture actions
2026-08-21 01:47:17.577 A  Flagstone[64432:6f572] (UIKitCore) send gesture actions
2026-08-21 01:47:17.758 Df Flagstone[64432:74c02] [com.apple.dt.xctest:Default] Received request to notify when the main run loop is idle
2026-08-21 01:47:17.758 Df Flagstone[64432:74c02] [com.apple.dt.xctest:Default] Idle notifier finished setting up run loop observer
2026-08-21 01:47:17.758 Df Flagstone[64432:6f572] [com.apple.dt.xctest:Default] Idle notifier run loop observer fired
2026-08-21 01:47:17.758 Df Flagstone[64432:6f572] [com.apple.dt.xctest:Default] Sending main run loop idle reply
2026-08-21 01:47:17.762 Df Flagstone[64432:74c02] [com.apple.dt.xctest:Default] Received request to notify when animations are idle
2026-08-21 01:47:24.668 Df Flagstone[64432:74c02] [com.apple.dt.xctest:Default] Received attributes request for element: App element pid: 64432. Attributes: (
    "XC_kAXXCAttributeFrame",
    "XC_kAXXCAttributeWindowDisplayId",
    "XC_kAXXCAttributeWindowContextId"
)
2026-08-21 01:47:24.668 Df Flagstone[64432:7522e] [com.apple.dt.xctest:Default] XCTPerformOnMainRunLoop[not MT]: about to CFRunLoopPerform
2026-08-21 01:47:24.668 Df Flagstone[64432:7522e] [com.apple.dt.xctest:Default] XCTPerformOnMainRunLoop[not MT]: waiting with 30.00s responsiveness timeout
2026-08-21 01:47:24.668 Df Flagstone[64432:6f572] [com.apple.dt.xctest:Default] XCTPerformOnMainRunLoop[MT]: inside CFRunLoopPerform
2026-08-21 01:47:24.668 Df Flagstone[64432:6f572] [com.apple.dt.xctest:Default] XCTPerformOnMainRunLoop[MT]: MT responded in time (won the race to the busy flag)
2026-08-21 01:47:24.668 Df Flagstone[64432:7522e] [com.apple.dt.xctest:Default] XCTPerformOnMainRunLoop[not MT]: waiting 60.00s for work to complete
2026-08-21 01:47:24.668 Df Flagstone[64432:6f572] [com.apple.dt.xctest:Default] Fetching AX attributes XC_kAXXCAttributeFrame, XC_kAXXCAttributeWindowDisplayId, XC_kAXXCAttributeWindowContextId for App element pid: 64432
2026-08-21 01:47:24.668 Df Flagstone[64432:6f572] [com.apple.dt.xctest:Default] Got attributes, transferring to dictionary for return.
2026-08-21 01:47:24.668 Df Flagstone[64432:7522e] [com.apple.dt.xctest:Default] Replying with attribute values: {
    "XC_kAXXCAttributeFrame" =     {
        Height = 844;
        Width = 390;
        X = 0;
        Y = 0;
    };
    "XC_kAXXCAttributeWindowContextId" = 2196523812;
    "XC_kAXXCAttributeWindowDisplayId" = 0;
}
2026-08-21 01:47:24.671 Df Flagstone[64432:7522e] [com.apple.dt.xctest:Default] Received attributes request for element: App element pid: 64432. Attributes: (
    "XC_kAXXCAttributeElementType",
    "XC_kAXXCAttributeElementBaseType",
    "XC_kAXXCAttributeTraits",
    "XC_kAXXCAttributeAutomationType"
)
2026-08-21 01:47:24.671 Df Flagstone[64432:74c02] [com.apple.dt.xctest:Default] XCTPerformOnMainRunLoop[not MT]: about to CFRunLoopPerform
2026-08-21 01:47:24.671 Df Flagstone[64432:74c02] [com.apple.dt.xctest:Default] XCTPerformOnMainRunLoop[not MT]: waiting with 30.00s responsiveness timeout
2026-08-21 01:47:24.671 Df Flagstone[64432:6f572] [com.apple.dt.xctest:Default] XCTPerformOnMainRunLoop[MT]: inside CFRunLoopPerform
2026-08-21 01:47:24.671 Df Flagstone[64432:6f572] [com.apple.dt.xctest:Default] XCTPerformOnMainRunLoop[MT]: MT responded in time (won the race to the busy flag)
2026-08-21 01:47:24.671 Df Flagstone[64432:74c02] [com.apple.dt.xctest:Default] XCTPerformOnMainRunLoop[not MT]: waiting 60.00s for work to complete
2026-08-21 01:47:24.671 Df Flagstone[64432:6f572] [com.apple.dt.xctest:Default] Fetching AX attributes XC_kAXXCAttributeElementType, XC_kAXXCAttributeElementBaseType, XC_kAXXCAttributeTraits, XC_kAXXCAttributeAutomationType for App element pid: 64432
2026-08-21 01:47:24.671 Df Flagstone[64432:6f572] [com.apple.dt.xctest:Default] Got attributes, transferring to dictionary for return.
2026-08-21 01:47:24.671 Df Flagstone[64432:74c02] [com.apple.dt.xctest:Default] Replying with attribute values: {
    "XC_kAXXCAttributeAutomationType" = 1;
    "XC_kAXXCAttributeElementBaseType" = UIApplication;
    "XC_kAXXCAttributeElementType" = UIApplication;
    "XC_kAXXCAttributeTraits" = 0;
}
2026-08-21 01:47:24.765 Df Flagstone[64432:74c02] [com.apple.dt.xctest:Default] Received attributes request for element: App element pid: 64432. Attributes: (
    "XC_kAXXCAttributeFrame",
    "XC_kAXXCAttributeWindowDisplayId",
    "XC_kAXXCAttributeWindowContextId"
)
2026-08-21 01:47:24.766 Df Flagstone[64432:7522e] [com.apple.dt.xctest:Default] XCTPerformOnMainRunLoop[not MT]: about to CFRunLoopPerform
2026-08-21 01:47:24.766 Df Flagstone[64432:7522e] [com.apple.dt.xctest:Default] XCTPerformOnMainRunLoop[not MT]: waiting with 30.00s responsiveness timeout
2026-08-21 01:47:24.766 Df Flagstone[64432:6f572] [com.apple.dt.xctest:Default] XCTPerformOnMainRunLoop[MT]: inside CFRunLoopPerform
2026-08-21 01:47:24.766 Df Flagstone[64432:6f572] [com.apple.dt.xctest:Default] XCTPerformOnMainRunLoop[MT]: MT responded in time (won the race to the busy flag)
2026-08-21 01:47:24.766 Df Flagstone[64432:7522e] [com.apple.dt.xctest:Default] XCTPerformOnMainRunLoop[not MT]: waiting 60.00s for work to complete
2026-08-21 01:47:24.766 Df Flagstone[64432:6f572] [com.apple.dt.xctest:Default] Fetching AX attributes XC_kAXXCAttributeFrame, XC_kAXXCAttributeWindowDisplayId, XC_kAXXCAttributeWindowContextId for App element pid: 64432
2026-08-21 01:47:24.766 Df Flagstone[64432:6f572] [com.apple.dt.xctest:Default] Got attributes, transferring to dictionary for return.
2026-08-21 01:47:24.766 Df Flagstone[64432:7522e] [com.apple.dt.xctest:Default] Replying with attribute values: {
    "XC_kAXXCAttributeFrame" =     {
        Height = 844;
        Width = 390;
        X = 0;
        Y = 0;
    };
    "XC_kAXXCAttributeWindowContextId" = 2196523812;
    "XC_kAXXCAttributeWindowDisplayId" = 0;
}
2026-08-21 01:47:24.769 Df Flagstone[64432:7522e] [com.apple.dt.xctest:Default] Received attributes request for element: App element pid: 64432. Attributes: (
    "XC_kAXXCAttributeElementType",
    "XC_kAXXCAttributeElementBaseType",
    "XC_kAXXCAttributeTraits",
    "XC_kAXXCAttributeAutomationType"
)
2026-08-21 01:47:24.769 Df Flagstone[64432:74c02] [com.apple.dt.xctest:Default] XCTPerformOnMainRunLoop[not MT]: about to CFRunLoopPerform
2026-08-21 01:47:24.769 Df Flagstone[64432:6f572] [com.apple.dt.xctest:Default] XCTPerformOnMainRunLoop[MT]: inside CFRunLoopPerform
2026-08-21 01:47:24.769 Df Flagstone[64432:6f572] [com.apple.dt.xctest:Default] XCTPerformOnMainRunLoop[MT]: MT responded in time (won the race to the busy flag)
2026-08-21 01:47:24.769 Df Flagstone[64432:6f572] [com.apple.dt.xctest:Default] Fetching AX attributes XC_kAXXCAttributeElementType, XC_kAXXCAttributeElementBaseType, XC_kAXXCAttributeTraits, XC_kAXXCAttributeAutomationType for App element pid: 64432
2026-08-21 01:47:24.769 Df Flagstone[64432:74c02] [com.apple.dt.xctest:Default] XCTPerformOnMainRunLoop[not MT]: waiting with 30.00s responsiveness timeout
2026-08-21 01:47:24.769 Df Flagstone[64432:74c02] [com.apple.dt.xctest:Default] XCTPerformOnMainRunLoop[not MT]: waiting 60.00s for work to complete
2026-08-21 01:47:24.769 Df Flagstone[64432:6f572] [com.apple.dt.xctest:Default] Got attributes, transferring to dictionary for return.
2026-08-21 01:47:24.769 Df Flagstone[64432:74c02] [com.apple.dt.xctest:Default] Replying with attribute values: {
    "XC_kAXXCAttributeAutomationType" = 1;
    "XC_kAXXCAttributeElementBaseType" = UIApplication;
    "XC_kAXXCAttributeElementType" = UIApplication;
    "XC_kAXXCAttributeTraits" = 0;
}
2026-08-21 01:47:24.772 Df Flagstone[64432:74c02] [com.apple.dt.xctest:Default] Received attributes request for element: App element pid: 64432. Attributes: (
    "XC_kAXXCAttributeWindowDisplayId"
)
2026-08-21 01:47:24.772 Df Flagstone[64432:7522e] [com.apple.dt.xctest:Default] XCTPerformOnMainRunLoop[not MT]: about to CFRunLoopPerform
2026-08-21 01:47:24.772 Df Flagstone[64432:7522e] [com.apple.dt.xctest:Default] XCTPerformOnMainRunLoop[not MT]: waiting with 30.00s responsiveness timeout
2026-08-21 01:47:24.772 Df Flagstone[64432:6f572] [com.apple.dt.xctest:Default] XCTPerformOnMainRunLoop[MT]: inside CFRunLoopPerform
2026-08-21 01:47:24.772 Df Flagstone[64432:6f572] [com.apple.dt.xctest:Default] XCTPerformOnMainRunLoop[MT]: MT responded in time (won the race to the busy flag)
2026-08-21 01:47:24.772 Df Flagstone[64432:6f572] [com.apple.dt.xctest:Default] Fetching AX attributes XC_kAXXCAttributeWindowDisplayId for App element pid: 64432
2026-08-21 01:47:24.772 Df Flagstone[64432:7522e] [com.apple.dt.xctest:Default] XCTPerformOnMainRunLoop[not MT]: waiting 60.00s for work to complete
2026-08-21 01:47:24.772 Df Flagstone[64432:6f572] [com.apple.dt.xctest:Default] Got attributes, transferring to dictionary for return.
2026-08-21 01:47:24.772 Df Flagstone[64432:7522e] [com.apple.dt.xctest:Default] Replying with attribute values: {
    "XC_kAXXCAttributeWindowDisplayId" = 0;
}
2026-08-21 01:47:24.795 Df Flagstone[64432:6f572] [com.apple.KeyboardArbiter:Client] TX focusApplication (peekAppEvent) stealKB:Y scene:com.accessmap.app-default
2026-08-21 01:47:24.796 Df Flagstone[64432:6f572] [com.apple.UIKit:EventDispatch] Evaluating dispatch of UIEvent: 0x106d1de00; type: 0; subtype: 0; backing type: 11; shouldSend: 1; ignoreInteractionEvents: 0, systemGestureStateChange: 0
2026-08-21 01:47:24.796 Df Flagstone[64432:6f572] [com.apple.UIKit:EventDispatch] Sending UIEvent type: 0; subtype: 0; to windows: 1
2026-08-21 01:47:24.796 Df Flagstone[64432:6f572] [com.apple.UIKit:EventDispatch] Sending UIEvent type: 0; subtype: 0; to window: <UIWindow: 0x106dd4400>; contextId: 0x82EC4B24
2026-08-21 01:47:24.804 Df Flagstone[64432:6f572] [com.apple.UIKit:EventDispatch] Evaluating dispatch of UIEvent: 0x106d1de00; type: 0; subtype: 0; backing type: 11; shouldSend: 0; ignoreInteractionEvents: 0, systemGestureStateChange: 0
2026-08-21 01:47:24.810 Df Flagstone[64432:6f572] [com.apple.UIKit:EventDispatch] Evaluating dispatch of UIEvent: 0x106d1de00; type: 0; subtype: 0; backing type: 11; shouldSend: 0; ignoreInteractionEvents: 0, systemGestureStateChange: 0
2026-08-21 01:47:24.826 Df Flagstone[64432:6f572] [com.apple.UIKit:EventDispatch] Evaluating dispatch of UIEvent: 0x106d1de00; type: 0; subtype: 0; backing type: 11; shouldSend: 0; ignoreInteractionEvents: 0, systemGestureStateChange: 0
2026-08-21 01:47:24.843 Df Flagstone[64432:6f572] [com.apple.UIKit:EventDispatch] Evaluating dispatch of UIEvent: 0x106d1de00; type: 0; subtype: 0; backing type: 11; shouldSend: 0; ignoreInteractionEvents: 0, systemGestureStateChange: 0
2026-08-21 01:47:24.860 Df Flagstone[64432:6f572] [com.apple.UIKit:EventDispatch] Evaluating dispatch of UIEvent: 0x106d1de00; type: 0; subtype: 0; backing type: 11; shouldSend: 0; ignoreInteractionEvents: 0, systemGestureStateChange: 0
2026-08-21 01:47:24.876 Df Flagstone[64432:6f572] [com.apple.UIKit:EventDispatch] Evaluating dispatch of UIEvent: 0x106d1de00; type: 0; subtype: 0; backing type: 11; shouldSend: 0; ignoreInteractionEvents: 0, systemGestureStateChange: 1
2026-08-21 01:47:24.877 Df Flagstone[64432:6f572] [com.apple.UIKit:EventDispatch] Evaluating dispatch of UIEvent: 0x106d1de00; type: 0; subtype: 0; backing type: 11; shouldSend: 0; ignoreInteractionEvents: 0, systemGestureStateChange: 0
2026-08-21 01:47:24.877 Df Flagstone[64432:6f572] [com.apple.UIKit:EventDispatch] Evaluating dispatch of UIEvent: 0x106d1de00; type: 0; subtype: 0; backing type: 11; shouldSend: 1; ignoreInteractionEvents: 0, systemGestureStateChange: 0
2026-08-21 01:47:24.877 Df Flagstone[64432:6f572] [com.apple.UIKit:EventDispatch] Sending UIEvent type: 0; subtype: 0; to windows: 1
2026-08-21 01:47:24.877 Df Flagstone[64432:6f572] [com.apple.UIKit:EventDispatch] Sending UIEvent type: 0; subtype: 0; to window: <UIWindow: 0x106dd4400>; contextId: 0x82EC4B24
2026-08-21 01:47:24.877 A  Flagstone[64432:6f572] (UIKitCore) send gesture actions
2026-08-21 01:47:24.877 A  Flagstone[64432:6f572] (UIKitCore) send gesture actions
2026-08-21 01:47:24.882 Df Flagstone[64432:6f572] [com.apple.UIKit:Feedback] generator <UISelectionFeedbackGenerator: 0x131803300> cannot play feedback <nil: 0x0> (enabled=0)
2026-08-21 01:47:25.007 Df Flagstone[64432:7522e] [com.apple.CFNetwork:Default] Task <2DA31CF9-4204-4019-893E-683AA5EFE8A3>.<7> resuming, timeouts(0.0, 604800.0) qos(0x19) voucher((null)) activity(00000000-0000-0000-0000-000000000000)
2026-08-21 01:47:25.013 Df Flagstone[64432:7522e] [com.apple.CFNetwork:Default] Task <1C7CD706-9BC7-4F39-A4E4-69D4AD48D151>.<8> resuming, timeouts(0.0, 604800.0) qos(0x19) voucher((null)) activity(00000000-0000-0000-0000-000000000000)
2026-08-21 01:47:25.013 Df Flagstone[64432:7522e] [com.apple.CFNetwork:Default] Task <2AA8ED1B-FF55-42D4-8F69-064BC1C75B2E>.<9> resuming, timeouts(0.0, 604800.0) qos(0x19) voucher((null)) activity(00000000-0000-0000-0000-000000000000)
2026-08-21 01:47:25.021 Df Flagstone[64432:6f572] [com.apple.CFNetwork:Default] TCP Conn [7:0x130348fa0] using empty proxy configuration
2026-08-21 01:47:25.021 Df Flagstone[64432:6f572] [com.apple.CFNetwork:Default] Stream client bypassing proxies on TCP Conn [7:0x130348fa0]
2026-08-21 01:47:25.022 Df Flagstone[64432:6f572] [com.apple.CFNetwork:Default] TCP Conn 0x130348fa0 started
2026-08-21 01:47:25.054 Df Flagstone[64432:7523e] [com.apple.network:connection] [C5] event: client:connection_reused @384.418s
2026-08-21 01:47:25.065 Df Flagstone[64432:7523e] [com.apple.network:connection] nw_protocol_socket_notify [C5.1.2.1:3] nw_protocol_notification_type_connection_idle is false
2026-08-21 01:47:25.074 Df Flagstone[64432:7523e] [com.apple.CFNetwork:Default] Task <1C7CD706-9BC7-4F39-A4E4-69D4AD48D151>.<8> now using Connection 5
2026-08-21 01:47:25.075 Df Flagstone[64432:7523e] [com.apple.CFNetwork:Default] Task <2DA31CF9-4204-4019-893E-683AA5EFE8A3>.<7> now using Connection 5
2026-08-21 01:47:25.075 Df Flagstone[64432:7523e] [com.apple.CFNetwork:Default] Task <2AA8ED1B-FF55-42D4-8F69-064BC1C75B2E>.<9> now using Connection 5
2026-08-21 01:47:25.077 Df Flagstone[64432:7523e] [com.apple.network:connection] [C7 81B3BD04-4BCA-4C4A-A213-E327AA7EC664 Hostname#9ba46b18:443 tcp, definite, attribution: developer, context: Default Network Context (private), proc: FFA4308F-AF5D-34BD-80D6-D1A50FA8BE47, delegated upid: 0, no proxy, prohibit fallback, allow socket access] start
2026-08-21 01:47:25.079 Df Flagstone[64432:7523e] [com.apple.network:connection] [C7 Hostname#9ba46b18:443 initial parent-flow ((null))] event: path:start @0.000s
2026-08-21 01:47:25.090 Df Flagstone[64432:7523e] [com.apple.network:connection] [C7 Hostname#9ba46b18:443 waiting parent-flow (satisfied (Path is satisfied), interface: en0[802.11], uses wifi, LQM: unknown)] event: path:satisfied @0.012s, uuid: D04B5B7C-4D2E-41F0-97E3-4B1C872CA9B9
2026-08-21 01:47:25.096 Df Flagstone[64432:7523e] [com.apple.network:connection] [C7 Hostname#9ba46b18:443 in_progress parent-flow (satisfied (Path is satisfied), interface: en0[802.11], uses wifi, LQM: unknown)] event: flow:start_connect @0.019s
2026-08-21 01:47:25.097 Df Flagstone[64432:7523e] [com.apple.network:connection] nw_connection_report_state_with_handler_on_nw_queue [C7] reporting state preparing
2026-08-21 01:47:25.097 Df Flagstone[64432:6f572] [com.apple.UIKit:_UIVisualStyleRegistry] Note: no default visual style class registered as fallback for stylable class UIActivityIndicatorView
2026-08-21 01:47:25.097 Df Flagstone[64432:6f572] [com.apple.UIKit:_UIVisualStyleRegistry] Note: no default visual style class registered as fallback for stylable class UIActivityIndicatorView
2026-08-21 01:47:25.098 Df Flagstone[64432:7523e] [com.apple.network:connection] [C7 Hostname#9ba46b18:443 in_progress parent-flow (satisfied (Path is satisfied), interface: en0[802.11], uses wifi, LQM: unknown)] event: flow:start_child @0.021s
2026-08-21 01:47:25.098 Df Flagstone[64432:7523e] [com.apple.network:connection] [C7.1 Hostname#9ba46b18:443 initial path ((null))] event: path:start @0.021s
2026-08-21 01:47:25.099 Df Flagstone[64432:7523e] [com.apple.network:connection] [C7.1 Hostname#9ba46b18:443 waiting path (satisfied (Path is satisfied), interface: en0[802.11], uses wifi, LQM: unknown)] event: path:satisfied @0.022s, uuid: D04B5B7C-4D2E-41F0-97E3-4B1C872CA9B9
2026-08-21 01:47:25.107 Df Flagstone[64432:7523e] [com.apple.network:connection] [C7.1 Hostname#9ba46b18:443 in_progress resolver (satisfied (Path is satisfied), interface: en0[802.11], uses wifi, LQM: unknown)] event: resolver:start_dns @0.030s
2026-08-21 01:47:25.140 Df Flagstone[64432:74c02] [com.apple.dt.xctest:Default] Received request to notify when the main run loop is idle
2026-08-21 01:47:25.140 Df Flagstone[64432:74c02] [com.apple.dt.xctest:Default] Idle notifier finished setting up run loop observer
2026-08-21 01:47:25.140 Df Flagstone[64432:74c02] [com.apple.dt.xctest:Default] Received request to notify when animations are idle
2026-08-21 01:47:25.142 Df Flagstone[64432:7523e] [com.apple.CFNetwork:Default] Task <1C7CD706-9BC7-4F39-A4E4-69D4AD48D151>.<8> sent request, body N 0
2026-08-21 01:47:25.143 Df Flagstone[64432:7523e] [com.apple.CFNetwork:Default] Task <2DA31CF9-4204-4019-893E-683AA5EFE8A3>.<7> sent request, body N 0
2026-08-21 01:47:25.143 Df Flagstone[64432:7523e] [com.apple.CFNetwork:Default] Task <2AA8ED1B-FF55-42D4-8F69-064BC1C75B2E>.<9> sent request, body N 0
2026-08-21 01:47:25.164 Df Flagstone[64432:7523e] [com.apple.network:connection] nw_endpoint_resolver_update [C7.1 Hostname#9ba46b18:443 in_progress resolver (satisfied (Path is satisfied), interface: en0[802.11], uses wifi, LQM: unknown)] Adding endpoint handler for IPv4#d3b96603:443
2026-08-21 01:47:25.165 Df Flagstone[64432:7523e] [com.apple.network:connection] nw_endpoint_resolver_update [C7.1 Hostname#9ba46b18:443 in_progress resolver (satisfied (Path is satisfied), interface: en0[802.11], uses wifi, LQM: unknown)] Adding endpoint handler for IPv4#dd548e4a:443
2026-08-21 01:47:25.165 Df Flagstone[64432:7523e] [com.apple.network:connection] [C7.1 Hostname#9ba46b18:443 in_progress resolver (satisfied (Path is satisfied), interface: en0[802.11], uses wifi, LQM: unknown)] event: resolver:receive_dns @0.088s
2026-08-21 01:47:25.166 Df Flagstone[64432:7523e] [com.apple.network:connection] [C7.1.1 IPv4#d3b96603:443 initial path ((null))] event: path:start @0.089s
2026-08-21 01:47:25.184 Df Flagstone[64432:7523e] [com.apple.network:connection] [C7.1.1 IPv4#d3b96603:443 waiting path (satisfied (Path is satisfied), interface: en0[802.11], uses wifi, LQM: unknown)] event: path:satisfied @0.107s, uuid: 2D575C6B-162F-4529-9339-DA598B8F9CE5
2026-08-21 01:47:25.201 Df Flagstone[64432:7523e] [com.apple.network:connection] nw_socket_initialize_socket [C7.1.1:1] Not guarding fd 30
2026-08-21 01:47:25.203 Df Flagstone[64432:7523e] [com.apple.network:connection] [C7.1.1 IPv4#d3b96603:443 in_progress socket-flow (satisfied (Path is satisfied), interface: en0[802.11], uses wifi, LQM: unknown)] event: flow:start_connect @0.126s
2026-08-21 01:47:25.229 Df Flagstone[64432:7523e] [com.apple.network:connection] nw_socket_handle_socket_event [C7.1.1:1] Socket received CONNECTED event
2026-08-21 01:47:25.231 Df Flagstone[64432:7523e] [com.apple.network:connection] nw_flow_connected [C7.1.1 IPv4#d3b96603:443 in_progress socket-flow (satisfied (Path is satisfied), interface: en0[802.11], uses wifi, LQM: unknown)] Output protocol connected (socket)
2026-08-21 01:47:25.231 Df Flagstone[64432:7523e] [com.apple.network:connection] [C7.1.1 IPv4#d3b96603:443 ready socket-flow (satisfied (Path is satisfied), interface: en0[802.11], uses wifi, LQM: unknown)] event: flow:child_finish_connect @0.154s
2026-08-21 01:47:25.231 Df Flagstone[64432:7523e] [com.apple.network:connection] [C7.1 Hostname#9ba46b18:443 ready resolver (satisfied (Path is satisfied), interface: en0[802.11], uses wifi, LQM: unknown)] event: flow:child_finish_connect @0.154s
2026-08-21 01:47:25.232 Df Flagstone[64432:7523e] [com.apple.network:connection] nw_flow_connected [C7 IPv4#d3b96603:443 in_progress parent-flow (satisfied (Path is satisfied), interface: en0[802.11], uses wifi, LQM: unknown)] Output protocol connected (endpoint_flow)
2026-08-21 01:47:25.232 Df Flagstone[64432:7523e] [com.apple.network:connection] [C7 IPv4#d3b96603:443 ready parent-flow (satisfied (Path is satisfied), interface: en0[802.11], uses wifi, LQM: unknown)] event: flow:finish_connect @0.155s
2026-08-21 01:47:25.234 Df Flagstone[64432:7523e] [com.apple.network:connection] nw_connection_report_state_with_handler_on_nw_queue [C7] reporting state ready
2026-08-21 01:47:25.236 Df Flagstone[64432:74c02] [com.apple.CFNetwork:Default] TCP Conn 0x130348fa0 event 1. err: 0
2026-08-21 01:47:25.236 Df Flagstone[64432:74c02] [com.apple.CFNetwork:Default] TCP Conn 0x130348fa0 complete. fd: 31, err: 0
2026-08-21 01:47:25.239 Df Flagstone[64432:711cb] [com.apple.CFNetwork:Default] TCP Conn 0x130348fa0 starting SSL negotiation
2026-08-21 01:47:25.262 A  Flagstone[64432:711cb] (Security) SecKeyCopyAttributes
2026-08-21 01:47:25.263 A  Flagstone[64432:711cb] (Security) SecKeyCopyPublicBytes
2026-08-21 01:47:25.265 A  Flagstone[64432:711cb] (Security) SecKeyCopyPublicBytes
2026-08-21 01:47:25.277 A  Flagstone[64432:711cb] (Security) SecTrustEvaluateIfNecessary
2026-08-21 01:47:25.287 Df Flagstone[64432:711cb] [com.apple.xpc:connection] [0x12b25cdc0] activating connection: mach=true listener=false peer=false name=com.apple.trustd
2026-08-21 01:47:25.288 Df Flagstone[64432:6f572] [com.apple.dt.xctest:Default] Idle notifier run loop observer fired
2026-08-21 01:47:25.288 Df Flagstone[64432:6f572] [com.apple.dt.xctest:Default] Sending main run loop idle reply
2026-08-21 01:47:25.415 Df Flagstone[64432:711cb] [com.apple.xpc:connection] [0x12b25cdc0] invalidated because the current process cancelled the connection by calling xpc_connection_cancel()
2026-08-21 01:47:25.462 Df Flagstone[64432:74c02] [com.apple.CFNetwork:Default] Task <2AA8ED1B-FF55-42D4-8F69-064BC1C75B2E>.<9> received response, status 200 content K
2026-08-21 01:47:25.464 Df Flagstone[64432:74c02] [com.apple.CFNetwork:Default] Task <2DA31CF9-4204-4019-893E-683AA5EFE8A3>.<7> received response, status 200 content K
2026-08-21 01:47:25.464 Df Flagstone[64432:74c02] [com.apple.CFNetwork:Default] Task <1C7CD706-9BC7-4F39-A4E4-69D4AD48D151>.<8> received response, status 200 content K
2026-08-21 01:47:25.466 Df Flagstone[64432:74c02] [com.apple.CFNetwork:Default] Task <2AA8ED1B-FF55-42D4-8F69-064BC1C75B2E>.<9> done using Connection 5
2026-08-21 01:47:25.466 Df Flagstone[64432:74c02] [com.apple.CFNetwork:Default] Task <2DA31CF9-4204-4019-893E-683AA5EFE8A3>.<7> done using Connection 5
2026-08-21 01:47:25.466 Df Flagstone[64432:74c02] [com.apple.CFNetwork:Default] Task <1C7CD706-9BC7-4F39-A4E4-69D4AD48D151>.<8> done using Connection 5
2026-08-21 01:47:25.466 Df Flagstone[64432:74c02] [com.apple.network:connection] [C5] event: client:connection_idle @384.831s
2026-08-21 01:47:25.468 Df Flagstone[64432:74c02] [com.apple.network:connection] nw_protocol_socket_notify [C5.1.2.1:3] nw_protocol_notification_type_connection_idle is true
2026-08-21 01:47:25.500 Df Flagstone[64432:711cb] [com.apple.CFNetwork:Default] TCP Conn 0x130348fa0 SSL Handshake DONE
2026-08-21 01:47:25.516 Df Flagstone[64432:74c02] [com.apple.CFNetwork:Default] Task <2AA8ED1B-FF55-42D4-8F69-064BC1C75B2E>.<9> response ended
2026-08-21 01:47:25.524 Df Flagstone[64432:74c02] [com.apple.CFNetwork:Default] Task <2DA31CF9-4204-4019-893E-683AA5EFE8A3>.<7> response ended
2026-08-21 01:47:25.525 Df Flagstone[64432:74c02] [com.apple.CFNetwork:Default] Task <1C7CD706-9BC7-4F39-A4E4-69D4AD48D151>.<8> response ended
2026-08-21 01:47:25.532 Df Flagstone[64432:74c02] [com.apple.CFNetwork:Summary] Task <2AA8ED1B-FF55-42D4-8F69-064BC1C75B2E>.<9> summary for task success {transaction_duration_ms=498, response_status=200, connection=5, reused=1, reused_after_ms=0, request_start_ms=98, request_duration_ms=10, response_start_ms=421, response_duration_ms=65, request_bytes=151, request_throughput_kbps=110, response_bytes=653, response_throughput_kbps=80, cache_hit=false}
2026-08-21 01:47:25.534 Df Flagstone[64432:74c02] [com.apple.CFNetwork:Default] Task <2AA8ED1B-FF55-42D4-8F69-064BC1C75B2E>.<9> finished successfully
2026-08-21 01:47:25.536 Df Flagstone[64432:74c02] [com.apple.CFNetwork:Summary] Task <2DA31CF9-4204-4019-893E-683AA5EFE8A3>.<7> summary for task success {transaction_duration_ms=513, response_status=200, connection=5, reused=1, reused_after_ms=0, request_start_ms=108, request_duration_ms=10, response_start_ms=440, response_duration_ms=60, request_bytes=152, request_throughput_kbps=110, response_bytes=413, response_throughput_kbps=54, cache_hit=true}
2026-08-21 01:47:25.537 Df Flagstone[64432:74c02] [com.apple.CFNetwork:Default] Task <2DA31CF9-4204-4019-893E-683AA5EFE8A3>.<7> finished successfully
2026-08-21 01:47:25.537 Df Flagstone[64432:74c02] [com.apple.CFNetwork:Summary] Task <1C7CD706-9BC7-4F39-A4E4-69D4AD48D151>.<8> summary for task success {transaction_duration_ms=510, response_status=200, connection=5, reused=1, reused_after_ms=109677, request_start_ms=101, request_duration_ms=13, response_start_ms=437, response_duration_ms=60, request_bytes=216, request_throughput_kbps=124, response_bytes=482, response_throughput_kbps=63, cache_hit=false}
2026-08-21 01:47:25.537 Df Flagstone[64432:74c02] [com.apple.CFNetwork:Default] Task <1C7CD706-9BC7-4F39-A4E4-69D4AD48D151>.<8> finished successfully
2026-08-21 01:47:39.066 Df Flagstone[64432:7523e] [com.apple.dt.xctest:Default] Received attributes request for element: App element pid: 64432. Attributes: (
    "XC_kAXXCAttributeFrame",
    "XC_kAXXCAttributeWindowDisplayId",
    "XC_kAXXCAttributeWindowContextId"
)
2026-08-21 01:47:39.067 Df Flagstone[64432:7523e] [com.apple.dt.xctest:Default] XCTPerformOnMainRunLoop[not MT]: about to CFRunLoopPerform
2026-08-21 01:47:39.067 Df Flagstone[64432:7523e] [com.apple.dt.xctest:Default] XCTPerformOnMainRunLoop[not MT]: waiting with 30.00s responsiveness timeout
2026-08-21 01:47:39.067 Df Flagstone[64432:6f572] [com.apple.dt.xctest:Default] XCTPerformOnMainRunLoop[MT]: inside CFRunLoopPerform
2026-08-21 01:47:39.067 Df Flagstone[64432:6f572] [com.apple.dt.xctest:Default] XCTPerformOnMainRunLoop[MT]: MT responded in time (won the race to the busy flag)
2026-08-21 01:47:39.067 Df Flagstone[64432:6f572] [com.apple.dt.xctest:Default] Fetching AX attributes XC_kAXXCAttributeFrame, XC_kAXXCAttributeWindowDisplayId, XC_kAXXCAttributeWindowContextId for App element pid: 64432
2026-08-21 01:47:39.067 Df Flagstone[64432:7523e] [com.apple.dt.xctest:Default] XCTPerformOnMainRunLoop[not MT]: waiting 60.00s for work to complete
2026-08-21 01:47:39.067 Df Flagstone[64432:6f572] [com.apple.dt.xctest:Default] Got attributes, transferring to dictionary for return.
2026-08-21 01:47:39.068 Df Flagstone[64432:7523e] [com.apple.dt.xctest:Default] Replying with attribute values: {
    "XC_kAXXCAttributeFrame" =     {
        Height = 844;
        Width = 390;
        X = 0;
        Y = 0;
    };
    "XC_kAXXCAttributeWindowContextId" = 2196523812;
    "XC_kAXXCAttributeWindowDisplayId" = 0;
}
2026-08-21 01:47:39.096 Df Flagstone[64432:7523e] [com.apple.dt.xctest:Default] Received attributes request for element: App element pid: 64432. Attributes: (
    "XC_kAXXCAttributeElementType",
    "XC_kAXXCAttributeElementBaseType",
    "XC_kAXXCAttributeTraits",
    "XC_kAXXCAttributeAutomationType"
)
2026-08-21 01:47:39.097 Df Flagstone[64432:753bc] [com.apple.dt.xctest:Default] XCTPerformOnMainRunLoop[not MT]: about to CFRunLoopPerform
2026-08-21 01:47:39.097 Df Flagstone[64432:6f572] [com.apple.dt.xctest:Default] XCTPerformOnMainRunLoop[MT]: inside CFRunLoopPerform
2026-08-21 01:47:39.097 Df Flagstone[64432:6f572] [com.apple.dt.xctest:Default] XCTPerformOnMainRunLoop[MT]: MT responded in time (won the race to the busy flag)
2026-08-21 01:47:39.097 Df Flagstone[64432:6f572] [com.apple.dt.xctest:Default] Fetching AX attributes XC_kAXXCAttributeElementType, XC_kAXXCAttributeElementBaseType, XC_kAXXCAttributeTraits, XC_kAXXCAttributeAutomationType for App element pid: 64432
2026-08-21 01:47:39.097 Df Flagstone[64432:6f572] [com.apple.dt.xctest:Default] Got attributes, transferring to dictionary for return.
2026-08-21 01:47:39.097 Df Flagstone[64432:753bc] [com.apple.dt.xctest:Default] XCTPerformOnMainRunLoop[not MT]: waiting with 30.00s responsiveness timeout
2026-08-21 01:47:39.098 Df Flagstone[64432:753bc] [com.apple.dt.xctest:Default] XCTPerformOnMainRunLoop[not MT]: waiting 60.00s for work to complete
2026-08-21 01:47:39.099 Df Flagstone[64432:753bc] [com.apple.dt.xctest:Default] Replying with attribute values: {
    "XC_kAXXCAttributeAutomationType" = 1;
    "XC_kAXXCAttributeElementBaseType" = UIApplication;
    "XC_kAXXCAttributeElementType" = UIApplication;
    "XC_kAXXCAttributeTraits" = 0;
}
2026-08-21 01:47:39.443 Df Flagstone[64432:753bc] [com.apple.dt.xctest:Default] Received attributes request for element: App element pid: 64432. Attributes: (
    "XC_kAXXCAttributeFrame",
    "XC_kAXXCAttributeWindowDisplayId",
    "XC_kAXXCAttributeWindowContextId"
)
2026-08-21 01:47:39.443 Df Flagstone[64432:753bc] [com.apple.dt.xctest:Default] XCTPerformOnMainRunLoop[not MT]: about to CFRunLoopPerform
2026-08-21 01:47:39.443 Df Flagstone[64432:753bc] [com.apple.dt.xctest:Default] XCTPerformOnMainRunLoop[not MT]: waiting with 30.00s responsiveness timeout
2026-08-21 01:47:39.443 Df Flagstone[64432:6f572] [com.apple.dt.xctest:Default] XCTPerformOnMainRunLoop[MT]: inside CFRunLoopPerform
2026-08-21 01:47:39.443 Df Flagstone[64432:6f572] [com.apple.dt.xctest:Default] XCTPerformOnMainRunLoop[MT]: MT responded in time (won the race to the busy flag)
2026-08-21 01:47:39.443 Df Flagstone[64432:753bc] [com.apple.dt.xctest:Default] XCTPerformOnMainRunLoop[not MT]: waiting 60.00s for work to complete
2026-08-21 01:47:39.443 Df Flagstone[64432:6f572] [com.apple.dt.xctest:Default] Fetching AX attributes XC_kAXXCAttributeFrame, XC_kAXXCAttributeWindowDisplayId, XC_kAXXCAttributeWindowContextId for App element pid: 64432
2026-08-21 01:47:39.443 Df Flagstone[64432:6f572] [com.apple.dt.xctest:Default] Got attributes, transferring to dictionary for return.
2026-08-21 01:47:39.443 Df Flagstone[64432:753bc] [com.apple.dt.xctest:Default] Replying with attribute values: {
    "XC_kAXXCAttributeFrame" =     {
        Height = 844;
        Width = 390;
        X = 0;
        Y = 0;
    };
    "XC_kAXXCAttributeWindowContextId" = 2196523812;
    "XC_kAXXCAttributeWindowDisplayId" = 0;
}
2026-08-21 01:47:39.446 Df Flagstone[64432:753bc] [com.apple.dt.xctest:Default] Received attributes request for element: App element pid: 64432. Attributes: (
    "XC_kAXXCAttributeElementType",
    "XC_kAXXCAttributeElementBaseType",
    "XC_kAXXCAttributeTraits",
    "XC_kAXXCAttributeAutomationType"
)
2026-08-21 01:47:39.446 Df Flagstone[64432:7523e] [com.apple.dt.xctest:Default] XCTPerformOnMainRunLoop[not MT]: about to CFRunLoopPerform
2026-08-21 01:47:39.446 Df Flagstone[64432:7523e] [com.apple.dt.xctest:Default] XCTPerformOnMainRunLoop[not MT]: waiting with 30.00s responsiveness timeout
2026-08-21 01:47:39.446 Df Flagstone[64432:6f572] [com.apple.dt.xctest:Default] XCTPerformOnMainRunLoop[MT]: inside CFRunLoopPerform
2026-08-21 01:47:39.446 Df Flagstone[64432:6f572] [com.apple.dt.xctest:Default] XCTPerformOnMainRunLoop[MT]: MT responded in time (won the race to the busy flag)
2026-08-21 01:47:39.446 Df Flagstone[64432:7523e] [com.apple.dt.xctest:Default] XCTPerformOnMainRunLoop[not MT]: waiting 60.00s for work to complete
2026-08-21 01:47:39.446 Df Flagstone[64432:6f572] [com.apple.dt.xctest:Default] Fetching AX attributes XC_kAXXCAttributeElementType, XC_kAXXCAttributeElementBaseType, XC_kAXXCAttributeTraits, XC_kAXXCAttributeAutomationType for App element pid: 64432
2026-08-21 01:47:39.447 Df Flagstone[64432:6f572] [com.apple.dt.xctest:Default] Got attributes, transferring to dictionary for return.
2026-08-21 01:47:39.447 Df Flagstone[64432:7523e] [com.apple.dt.xctest:Default] Replying with attribute values: {
    "XC_kAXXCAttributeAutomationType" = 1;
    "XC_kAXXCAttributeElementBaseType" = UIApplication;
    "XC_kAXXCAttributeElementType" = UIApplication;
    "XC_kAXXCAttributeTraits" = 0;
}
2026-08-21 01:47:39.451 Df Flagstone[64432:7523e] [com.apple.dt.xctest:Default] Received attributes request for element: App element pid: 64432. Attributes: (
    "XC_kAXXCAttributeWindowDisplayId"
)
2026-08-21 01:47:39.451 Df Flagstone[64432:753bc] [com.apple.dt.xctest:Default] XCTPerformOnMainRunLoop[not MT]: about to CFRunLoopPerform
2026-08-21 01:47:39.451 Df Flagstone[64432:753bc] [com.apple.dt.xctest:Default] XCTPerformOnMainRunLoop[not MT]: waiting with 30.00s responsiveness timeout
2026-08-21 01:47:39.451 Df Flagstone[64432:6f572] [com.apple.dt.xctest:Default] XCTPerformOnMainRunLoop[MT]: inside CFRunLoopPerform
2026-08-21 01:47:39.451 Df Flagstone[64432:6f572] [com.apple.dt.xctest:Default] XCTPerformOnMainRunLoop[MT]: MT responded in time (won the race to the busy flag)
2026-08-21 01:47:39.451 Df Flagstone[64432:753bc] [com.apple.dt.xctest:Default] XCTPerformOnMainRunLoop[not MT]: waiting 60.00s for work to complete
2026-08-21 01:47:39.451 Df Flagstone[64432:6f572] [com.apple.dt.xctest:Default] Fetching AX attributes XC_kAXXCAttributeWindowDisplayId for App element pid: 64432
2026-08-21 01:47:39.451 Df Flagstone[64432:6f572] [com.apple.dt.xctest:Default] Got attributes, transferring to dictionary for return.
2026-08-21 01:47:39.451 Df Flagstone[64432:753bc] [com.apple.dt.xctest:Default] Replying with attribute values: {
    "XC_kAXXCAttributeWindowDisplayId" = 0;
}
2026-08-21 01:47:39.500 Df Flagstone[64432:6f572] [com.apple.KeyboardArbiter:Client] TX focusApplication (peekAppEvent) stealKB:Y scene:com.accessmap.app-default
2026-08-21 01:47:39.501 Df Flagstone[64432:6f572] [com.apple.UIKit:EventDispatch] Evaluating dispatch of UIEvent: 0x106d1de00; type: 0; subtype: 0; backing type: 11; shouldSend: 1; ignoreInteractionEvents: 0, systemGestureStateChange: 0
2026-08-21 01:47:39.501 Df Flagstone[64432:6f572] [com.apple.UIKit:EventDispatch] Sending UIEvent type: 0; subtype: 0; to windows: 1
2026-08-21 01:47:39.501 Df Flagstone[64432:6f572] [com.apple.UIKit:EventDispatch] Sending UIEvent type: 0; subtype: 0; to window: <UIWindow: 0x106dd4400>; contextId: 0x82EC4B24
2026-08-21 01:47:39.526 Df Flagstone[64432:6f572] [com.apple.UIKit:EventDispatch] Evaluating dispatch of UIEvent: 0x106d1de00; type: 0; subtype: 0; backing type: 11; shouldSend: 0; ignoreInteractionEvents: 0, systemGestureStateChange: 0
2026-08-21 01:47:39.527 Df Flagstone[64432:6f572] [com.apple.UIKit:EventDispatch] Evaluating dispatch of UIEvent: 0x106d1de00; type: 0; subtype: 0; backing type: 11; shouldSend: 0; ignoreInteractionEvents: 0, systemGestureStateChange: 0
2026-08-21 01:47:39.543 Df Flagstone[64432:6f572] [com.apple.UIKit:EventDispatch] Evaluating dispatch of UIEvent: 0x106d1de00; type: 0; subtype: 0; backing type: 11; shouldSend: 0; ignoreInteractionEvents: 0, systemGestureStateChange: 0
2026-08-21 01:47:39.560 Df Flagstone[64432:6f572] [com.apple.UIKit:EventDispatch] Evaluating dispatch of UIEvent: 0x106d1de00; type: 0; subtype: 0; backing type: 11; shouldSend: 0; ignoreInteractionEvents: 0, systemGestureStateChange: 0
2026-08-21 01:47:39.577 Df Flagstone[64432:6f572] [com.apple.UIKit:EventDispatch] Evaluating dispatch of UIEvent: 0x106d1de00; type: 0; subtype: 0; backing type: 11; shouldSend: 0; ignoreInteractionEvents: 0, systemGestureStateChange: 0
2026-08-21 01:47:39.593 Df Flagstone[64432:6f572] [com.apple.UIKit:EventDispatch] Evaluating dispatch of UIEvent: 0x106d1de00; type: 0; subtype: 0; backing type: 11; shouldSend: 0; ignoreInteractionEvents: 0, systemGestureStateChange: 0
2026-08-21 01:47:39.594 Df Flagstone[64432:6f572] [com.apple.UIKit:EventDispatch] Evaluating dispatch of UIEvent: 0x106d1de00; type: 0; subtype: 0; backing type: 11; shouldSend: 1; ignoreInteractionEvents: 0, systemGestureStateChange: 0
2026-08-21 01:47:39.594 Df Flagstone[64432:6f572] [com.apple.UIKit:EventDispatch] Sending UIEvent type: 0; subtype: 0; to windows: 1
2026-08-21 01:47:39.594 Df Flagstone[64432:6f572] [com.apple.UIKit:EventDispatch] Sending UIEvent type: 0; subtype: 0; to window: <UIWindow: 0x106dd4400>; contextId: 0x82EC4B24
2026-08-21 01:47:39.610 Df Flagstone[64432:6f572] [com.apple.UIKit:EventDispatch] Evaluating dispatch of UIEvent: 0x106d1de00; type: 0; subtype: 0; backing type: 11; shouldSend: 0; ignoreInteractionEvents: 0, systemGestureStateChange: 1
2026-08-21 01:47:39.610 A  Flagstone[64432:6f572] (UIKitCore) send gesture actions
2026-08-21 01:47:39.611 A  Flagstone[64432:6f572] (UIKitCore) send gesture actions
2026-08-21 01:47:39.915 Df Flagstone[64432:7523e] [com.apple.dt.xctest:Default] Received request to notify when the main run loop is idle
2026-08-21 01:47:39.918 Df Flagstone[64432:6f572] [com.apple.dt.xctest:Default] Idle notifier run loop observer fired
2026-08-21 01:47:39.918 Df Flagstone[64432:7523e] [com.apple.dt.xctest:Default] Idle notifier finished setting up run loop observer
2026-08-21 01:47:39.918 Df Flagstone[64432:6f572] [com.apple.dt.xctest:Default] Sending main run loop idle reply
2026-08-21 01:47:39.934 Df Flagstone[64432:7523e] [com.apple.dt.xctest:Default] Received request to notify when animations are idle
2026-08-21 01:47:45.564 Df Flagstone[64432:7523e] [com.apple.dt.xctest:Default] Received attributes request for element: App element pid: 64432. Attributes: (
    "XC_kAXXCAttributeFrame",
    "XC_kAXXCAttributeWindowDisplayId",
    "XC_kAXXCAttributeWindowContextId"
)
2026-08-21 01:47:45.564 Df Flagstone[64432:75463] [com.apple.dt.xctest:Default] XCTPerformOnMainRunLoop[not MT]: about to CFRunLoopPerform
2026-08-21 01:47:45.564 Df Flagstone[64432:75463] [com.apple.dt.xctest:Default] XCTPerformOnMainRunLoop[not MT]: waiting with 30.00s responsiveness timeout
2026-08-21 01:47:45.564 Df Flagstone[64432:6f572] [com.apple.dt.xctest:Default] XCTPerformOnMainRunLoop[MT]: inside CFRunLoopPerform
2026-08-21 01:47:45.564 Df Flagstone[64432:6f572] [com.apple.dt.xctest:Default] XCTPerformOnMainRunLoop[MT]: MT responded in time (won the race to the busy flag)
2026-08-21 01:47:45.564 Df Flagstone[64432:75463] [com.apple.dt.xctest:Default] XCTPerformOnMainRunLoop[not MT]: waiting 60.00s for work to complete
2026-08-21 01:47:45.564 Df Flagstone[64432:6f572] [com.apple.dt.xctest:Default] Fetching AX attributes XC_kAXXCAttributeFrame, XC_kAXXCAttributeWindowDisplayId, XC_kAXXCAttributeWindowContextId for App element pid: 64432
2026-08-21 01:47:45.564 Df Flagstone[64432:6f572] [com.apple.dt.xctest:Default] Got attributes, transferring to dictionary for return.
2026-08-21 01:47:45.564 Df Flagstone[64432:75463] [com.apple.dt.xctest:Default] Replying with attribute values: {
    "XC_kAXXCAttributeFrame" =     {
        Height = 844;
        Width = 390;
        X = 0;
        Y = 0;
    };
    "XC_kAXXCAttributeWindowContextId" = 2196523812;
    "XC_kAXXCAttributeWindowDisplayId" = 0;
}
2026-08-21 01:47:45.568 Df Flagstone[64432:75463] [com.apple.dt.xctest:Default] Received attributes request for element: App element pid: 64432. Attributes: (
    "XC_kAXXCAttributeElementType",
    "XC_kAXXCAttributeElementBaseType",
    "XC_kAXXCAttributeTraits",
    "XC_kAXXCAttributeAutomationType"
)
2026-08-21 01:47:45.568 Df Flagstone[64432:7523e] [com.apple.dt.xctest:Default] XCTPerformOnMainRunLoop[not MT]: about to CFRunLoopPerform
2026-08-21 01:47:45.568 Df Flagstone[64432:7523e] [com.apple.dt.xctest:Default] XCTPerformOnMainRunLoop[not MT]: waiting with 30.00s responsiveness timeout
2026-08-21 01:47:45.568 Df Flagstone[64432:6f572] [com.apple.dt.xctest:Default] XCTPerformOnMainRunLoop[MT]: inside CFRunLoopPerform
2026-08-21 01:47:45.568 Df Flagstone[64432:6f572] [com.apple.dt.xctest:Default] XCTPerformOnMainRunLoop[MT]: MT responded in time (won the race to the busy flag)
2026-08-21 01:47:45.568 Df Flagstone[64432:6f572] [com.apple.dt.xctest:Default] Fetching AX attributes XC_kAXXCAttributeElementType, XC_kAXXCAttributeElementBaseType, XC_kAXXCAttributeTraits, XC_kAXXCAttributeAutomationType for App element pid: 64432
2026-08-21 01:47:45.568 Df Flagstone[64432:7523e] [com.apple.dt.xctest:Default] XCTPerformOnMainRunLoop[not MT]: waiting 60.00s for work to complete
2026-08-21 01:47:45.568 Df Flagstone[64432:6f572] [com.apple.dt.xctest:Default] Got attributes, transferring to dictionary for return.
2026-08-21 01:47:45.568 Df Flagstone[64432:7523e] [com.apple.dt.xctest:Default] Replying with attribute values: {
    "XC_kAXXCAttributeAutomationType" = 1;
    "XC_kAXXCAttributeElementBaseType" = UIApplication;
    "XC_kAXXCAttributeElementType" = UIApplication;
    "XC_kAXXCAttributeTraits" = 0;
}
2026-08-21 01:47:45.727 Df Flagstone[64432:7523e] [com.apple.dt.xctest:Default] Received attributes request for element: App element pid: 64432. Attributes: (
    "XC_kAXXCAttributeFrame",
    "XC_kAXXCAttributeWindowDisplayId",
    "XC_kAXXCAttributeWindowContextId"
)
2026-08-21 01:47:45.727 Df Flagstone[64432:75463] [com.apple.dt.xctest:Default] XCTPerformOnMainRunLoop[not MT]: about to CFRunLoopPerform
2026-08-21 01:47:45.727 Df Flagstone[64432:6f572] [com.apple.dt.xctest:Default] XCTPerformOnMainRunLoop[MT]: inside CFRunLoopPerform
2026-08-21 01:47:45.727 Df Flagstone[64432:75463] [com.apple.dt.xctest:Default] XCTPerformOnMainRunLoop[not MT]: waiting with 30.00s responsiveness timeout
2026-08-21 01:47:45.727 Df Flagstone[64432:6f572] [com.apple.dt.xctest:Default] XCTPerformOnMainRunLoop[MT]: MT responded in time (won the race to the busy flag)
2026-08-21 01:47:45.727 Df Flagstone[64432:75463] [com.apple.dt.xctest:Default] XCTPerformOnMainRunLoop[not MT]: waiting 60.00s for work to complete
2026-08-21 01:47:45.727 Df Flagstone[64432:6f572] [com.apple.dt.xctest:Default] Fetching AX attributes XC_kAXXCAttributeFrame, XC_kAXXCAttributeWindowDisplayId, XC_kAXXCAttributeWindowContextId for App element pid: 64432
2026-08-21 01:47:45.727 Df Flagstone[64432:6f572] [com.apple.dt.xctest:Default] Got attributes, transferring to dictionary for return.
2026-08-21 01:47:45.728 Df Flagstone[64432:75463] [com.apple.dt.xctest:Default] Replying with attribute values: {
    "XC_kAXXCAttributeFrame" =     {
        Height = 844;
        Width = 390;
        X = 0;
        Y = 0;
    };
    "XC_kAXXCAttributeWindowContextId" = 2196523812;
    "XC_kAXXCAttributeWindowDisplayId" = 0;
}
2026-08-21 01:47:45.731 Df Flagstone[64432:75463] [com.apple.dt.xctest:Default] Received attributes request for element: App element pid: 64432. Attributes: (
    "XC_kAXXCAttributeElementType",
    "XC_kAXXCAttributeElementBaseType",
    "XC_kAXXCAttributeTraits",
    "XC_kAXXCAttributeAutomationType"
)
2026-08-21 01:47:45.732 Df Flagstone[64432:7523e] [com.apple.dt.xctest:Default] XCTPerformOnMainRunLoop[not MT]: about to CFRunLoopPerform
2026-08-21 01:47:45.732 Df Flagstone[64432:7523e] [com.apple.dt.xctest:Default] XCTPerformOnMainRunLoop[not MT]: waiting with 30.00s responsiveness timeout
2026-08-21 01:47:45.732 Df Flagstone[64432:6f572] [com.apple.dt.xctest:Default] XCTPerformOnMainRunLoop[MT]: inside CFRunLoopPerform
2026-08-21 01:47:45.732 Df Flagstone[64432:6f572] [com.apple.dt.xctest:Default] XCTPerformOnMainRunLoop[MT]: MT responded in time (won the race to the busy flag)
2026-08-21 01:47:45.732 Df Flagstone[64432:6f572] [com.apple.dt.xctest:Default] Fetching AX attributes XC_kAXXCAttributeElementType, XC_kAXXCAttributeElementBaseType, XC_kAXXCAttributeTraits, XC_kAXXCAttributeAutomationType for App element pid: 64432
2026-08-21 01:47:45.732 Df Flagstone[64432:7523e] [com.apple.dt.xctest:Default] XCTPerformOnMainRunLoop[not MT]: waiting 60.00s for work to complete
2026-08-21 01:47:45.732 Df Flagstone[64432:6f572] [com.apple.dt.xctest:Default] Got attributes, transferring to dictionary for return.
2026-08-21 01:47:45.732 Df Flagstone[64432:7523e] [com.apple.dt.xctest:Default] Replying with attribute values: {
    "XC_kAXXCAttributeAutomationType" = 1;
    "XC_kAXXCAttributeElementBaseType" = UIApplication;
    "XC_kAXXCAttributeElementType" = UIApplication;
    "XC_kAXXCAttributeTraits" = 0;
}
2026-08-21 01:47:45.742 Df Flagstone[64432:7523e] [com.apple.dt.xctest:Default] Received attributes request for element: App element pid: 64432. Attributes: (
    "XC_kAXXCAttributeWindowDisplayId"
)
2026-08-21 01:47:45.742 Df Flagstone[64432:7523e] [com.apple.dt.xctest:Default] XCTPerformOnMainRunLoop[not MT]: about to CFRunLoopPerform
2026-08-21 01:47:45.742 Df Flagstone[64432:6f572] [com.apple.dt.xctest:Default] XCTPerformOnMainRunLoop[MT]: inside CFRunLoopPerform
2026-08-21 01:47:45.742 Df Flagstone[64432:6f572] [com.apple.dt.xctest:Default] XCTPerformOnMainRunLoop[MT]: MT responded in time (won the race to the busy flag)
2026-08-21 01:47:45.742 Df Flagstone[64432:6f572] [com.apple.dt.xctest:Default] Fetching AX attributes XC_kAXXCAttributeWindowDisplayId for App element pid: 64432
2026-08-21 01:47:45.742 Df Flagstone[64432:6f572] [com.apple.dt.xctest:Default] Got attributes, transferring to dictionary for return.
2026-08-21 01:47:45.742 Df Flagstone[64432:7523e] [com.apple.dt.xctest:Default] XCTPerformOnMainRunLoop[not MT]: waiting with 30.00s responsiveness timeout
2026-08-21 01:47:45.742 Df Flagstone[64432:7523e] [com.apple.dt.xctest:Default] XCTPerformOnMainRunLoop[not MT]: waiting 60.00s for work to complete
2026-08-21 01:47:45.744 Df Flagstone[64432:7523e] [com.apple.dt.xctest:Default] Replying with attribute values: {
    "XC_kAXXCAttributeWindowDisplayId" = 0;
}
2026-08-21 01:47:45.789 Df Flagstone[64432:6f572] [com.apple.KeyboardArbiter:Client] TX focusApplication (peekAppEvent) stealKB:Y scene:com.accessmap.app-default
2026-08-21 01:47:45.790 Df Flagstone[64432:6f572] [com.apple.UIKit:EventDispatch] Evaluating dispatch of UIEvent: 0x106d1de00; type: 0; subtype: 0; backing type: 11; shouldSend: 1; ignoreInteractionEvents: 0, systemGestureStateChange: 0
2026-08-21 01:47:45.790 Df Flagstone[64432:6f572] [com.apple.UIKit:EventDispatch] Sending UIEvent type: 0; subtype: 0; to windows: 1
2026-08-21 01:47:45.790 Df Flagstone[64432:6f572] [com.apple.UIKit:EventDispatch] Sending UIEvent type: 0; subtype: 0; to window: <UIWindow: 0x106dd4400>; contextId: 0x82EC4B24
2026-08-21 01:47:45.793 Df Flagstone[64432:6f572] [com.apple.UIKit:EventDispatch] Evaluating dispatch of UIEvent: 0x106d1de00; type: 0; subtype: 0; backing type: 11; shouldSend: 0; ignoreInteractionEvents: 0, systemGestureStateChange: 0
2026-08-21 01:47:45.810 Df Flagstone[64432:6f572] [com.apple.UIKit:EventDispatch] Evaluating dispatch of UIEvent: 0x106d1de00; type: 0; subtype: 0; backing type: 11; shouldSend: 0; ignoreInteractionEvents: 0, systemGestureStateChange: 0
2026-08-21 01:47:45.827 Df Flagstone[64432:6f572] [com.apple.UIKit:EventDispatch] Evaluating dispatch of UIEvent: 0x106d1de00; type: 0; subtype: 0; backing type: 11; shouldSend: 0; ignoreInteractionEvents: 0, systemGestureStateChange: 0
2026-08-21 01:47:45.843 Df Flagstone[64432:6f572] [com.apple.UIKit:EventDispatch] Evaluating dispatch of UIEvent: 0x106d1de00; type: 0; subtype: 0; backing type: 11; shouldSend: 0; ignoreInteractionEvents: 0, systemGestureStateChange: 0
2026-08-21 01:47:45.860 Df Flagstone[64432:6f572] [com.apple.UIKit:EventDispatch] Evaluating dispatch of UIEvent: 0x106d1de00; type: 0; subtype: 0; backing type: 11; shouldSend: 0; ignoreInteractionEvents: 0, systemGestureStateChange: 0
2026-08-21 01:47:45.877 Df Flagstone[64432:6f572] [com.apple.UIKit:EventDispatch] Evaluating dispatch of UIEvent: 0x106d1de00; type: 0; subtype: 0; backing type: 11; shouldSend: 0; ignoreInteractionEvents: 0, systemGestureStateChange: 0
2026-08-21 01:47:45.877 Df Flagstone[64432:6f572] [com.apple.UIKit:EventDispatch] Evaluating dispatch of UIEvent: 0x106d1de00; type: 0; subtype: 0; backing type: 11; shouldSend: 1; ignoreInteractionEvents: 0, systemGestureStateChange: 0
2026-08-21 01:47:45.877 Df Flagstone[64432:6f572] [com.apple.UIKit:EventDispatch] Sending UIEvent type: 0; subtype: 0; to windows: 1
2026-08-21 01:47:45.877 Df Flagstone[64432:6f572] [com.apple.UIKit:EventDispatch] Sending UIEvent type: 0; subtype: 0; to window: <UIWindow: 0x106dd4400>; contextId: 0x82EC4B24
2026-08-21 01:47:45.879 Df Flagstone[64432:6f572] [com.apple.UIKit:Feedback] generator <UISelectionFeedbackGenerator: 0x132b024c0> cannot play feedback <nil: 0x0> (enabled=0)
2026-08-21 01:47:45.893 Df Flagstone[64432:6f572] [com.apple.UIKit:EventDispatch] Evaluating dispatch of UIEvent: 0x106d1de00; type: 0; subtype: 0; backing type: 11; shouldSend: 0; ignoreInteractionEvents: 0, systemGestureStateChange: 1
2026-08-21 01:47:45.894 A  Flagstone[64432:6f572] (UIKitCore) send gesture actions
2026-08-21 01:47:45.894 A  Flagstone[64432:6f572] (UIKitCore) send gesture actions
2026-08-21 01:47:46.172 Df Flagstone[64432:6f572] [com.apple.dt.xctest:Default] Sending animations idle reply with error: (null)
2026-08-21 01:47:46.173 Df Flagstone[64432:6f572] [com.apple.dt.xctest:Default] Sending animations idle reply with error: (null)
2026-08-21 01:47:46.173 Df Flagstone[64432:6f572] [com.apple.dt.xctest:Default] Sending animations idle reply with error: (null)
2026-08-21 01:47:46.173 Df Flagstone[64432:6f572] [com.apple.dt.xctest:Default] Sending animations idle reply with error: (null)
2026-08-21 01:47:46.190 Df Flagstone[64432:7523e] [com.apple.dt.xctest:Default] Received request to notify when the main run loop is idle
2026-08-21 01:47:46.190 Df Flagstone[64432:6f572] [com.apple.dt.xctest:Default] Idle notifier run loop observer fired
2026-08-21 01:47:46.190 Df Flagstone[64432:7523e] [com.apple.dt.xctest:Default] Idle notifier finished setting up run loop observer
2026-08-21 01:47:46.191 Df Flagstone[64432:6f572] [com.apple.dt.xctest:Default] Sending main run loop idle reply
2026-08-21 01:47:46.193 Df Flagstone[64432:7523e] [com.apple.dt.xctest:Default] Received request to notify when animations are idle
2026-08-21 01:47:46.193 Df Flagstone[64432:7523e] [com.apple.dt.xctest:Default] Sending animations idle reply with error: (null)
2026-08-21 01:47:50.701 Df Flagstone[64432:75463] [com.apple.dt.xctest:Default] Received attributes request for element: App element pid: 64432. Attributes: (
    "XC_kAXXCAttributeFrame",
    "XC_kAXXCAttributeWindowDisplayId",
    "XC_kAXXCAttributeWindowContextId"
)
2026-08-21 01:47:50.701 Df Flagstone[64432:7523e] [com.apple.dt.xctest:Default] XCTPerformOnMainRunLoop[not MT]: about to CFRunLoopPerform
2026-08-21 01:47:50.701 Df Flagstone[64432:6f572] [com.apple.dt.xctest:Default] XCTPerformOnMainRunLoop[MT]: inside CFRunLoopPerform
2026-08-21 01:47:50.701 Df Flagstone[64432:7523e] [com.apple.dt.xctest:Default] XCTPerformOnMainRunLoop[not MT]: waiting with 30.00s responsiveness timeout
2026-08-21 01:47:50.701 Df Flagstone[64432:6f572] [com.apple.dt.xctest:Default] XCTPerformOnMainRunLoop[MT]: MT responded in time (won the race to the busy flag)
2026-08-21 01:47:50.701 Df Flagstone[64432:6f572] [com.apple.dt.xctest:Default] Fetching AX attributes XC_kAXXCAttributeFrame, XC_kAXXCAttributeWindowDisplayId, XC_kAXXCAttributeWindowContextId for App element pid: 64432
2026-08-21 01:47:50.701 Df Flagstone[64432:7523e] [com.apple.dt.xctest:Default] XCTPerformOnMainRunLoop[not MT]: waiting 60.00s for work to complete
2026-08-21 01:47:50.701 Df Flagstone[64432:6f572] [com.apple.dt.xctest:Default] Got attributes, transferring to dictionary for return.
2026-08-21 01:47:50.701 Df Flagstone[64432:7523e] [com.apple.dt.xctest:Default] Replying with attribute values: {
    "XC_kAXXCAttributeFrame" =     {
        Height = 844;
        Width = 390;
        X = 0;
        Y = 0;
    };
    "XC_kAXXCAttributeWindowContextId" = 2196523812;
    "XC_kAXXCAttributeWindowDisplayId" = 0;
}
2026-08-21 01:47:50.706 Df Flagstone[64432:7523e] [com.apple.dt.xctest:Default] Received attributes request for element: App element pid: 64432. Attributes: (
    "XC_kAXXCAttributeElementType",
    "XC_kAXXCAttributeElementBaseType",
    "XC_kAXXCAttributeTraits",
    "XC_kAXXCAttributeAutomationType"
)
2026-08-21 01:47:50.706 Df Flagstone[64432:7523e] [com.apple.dt.xctest:Default] XCTPerformOnMainRunLoop[not MT]: about to CFRunLoopPerform
2026-08-21 01:47:50.706 Df Flagstone[64432:7523e] [com.apple.dt.xctest:Default] XCTPerformOnMainRunLoop[not MT]: waiting with 30.00s responsiveness timeout
2026-08-21 01:47:50.706 Df Flagstone[64432:6f572] [com.apple.dt.xctest:Default] XCTPerformOnMainRunLoop[MT]: inside CFRunLoopPerform
2026-08-21 01:47:50.706 Df Flagstone[64432:6f572] [com.apple.dt.xctest:Default] XCTPerformOnMainRunLoop[MT]: MT responded in time (won the race to the busy flag)
2026-08-21 01:47:50.706 Df Flagstone[64432:7523e] [com.apple.dt.xctest:Default] XCTPerformOnMainRunLoop[not MT]: waiting 60.00s for work to complete
2026-08-21 01:47:50.706 Df Flagstone[64432:6f572] [com.apple.dt.xctest:Default] Fetching AX attributes XC_kAXXCAttributeElementType, XC_kAXXCAttributeElementBaseType, XC_kAXXCAttributeTraits, XC_kAXXCAttributeAutomationType for App element pid: 64432
2026-08-21 01:47:50.706 Df Flagstone[64432:6f572] [com.apple.dt.xctest:Default] Got attributes, transferring to dictionary for return.
2026-08-21 01:47:50.706 Df Flagstone[64432:7523e] [com.apple.dt.xctest:Default] Replying with attribute values: {
    "XC_kAXXCAttributeAutomationType" = 1;
    "XC_kAXXCAttributeElementBaseType" = UIApplication;
    "XC_kAXXCAttributeElementType" = UIApplication;
    "XC_kAXXCAttributeTraits" = 0;
}
2026-08-21 01:47:50.736 Df Flagstone[64432:7523e] [com.apple.dt.xctest:Default] Received attributes request for element: App element pid: 64432. Attributes: (
    "XC_kAXXCAttributeFrame",
    "XC_kAXXCAttributeWindowDisplayId",
    "XC_kAXXCAttributeWindowContextId"
)
2026-08-21 01:47:50.736 Df Flagstone[64432:7523e] [com.apple.dt.xctest:Default] XCTPerformOnMainRunLoop[not MT]: about to CFRunLoopPerform
2026-08-21 01:47:50.736 Df Flagstone[64432:7523e] [com.apple.dt.xctest:Default] XCTPerformOnMainRunLoop[not MT]: waiting with 30.00s responsiveness timeout
2026-08-21 01:47:50.736 Df Flagstone[64432:6f572] [com.apple.dt.xctest:Default] XCTPerformOnMainRunLoop[MT]: inside CFRunLoopPerform
2026-08-21 01:47:50.736 Df Flagstone[64432:6f572] [com.apple.dt.xctest:Default] XCTPerformOnMainRunLoop[MT]: MT responded in time (won the race to the busy flag)
2026-08-21 01:47:50.736 Df Flagstone[64432:7523e] [com.apple.dt.xctest:Default] XCTPerformOnMainRunLoop[not MT]: waiting 60.00s for work to complete
2026-08-21 01:47:50.736 Df Flagstone[64432:6f572] [com.apple.dt.xctest:Default] Fetching AX attributes XC_kAXXCAttributeFrame, XC_kAXXCAttributeWindowDisplayId, XC_kAXXCAttributeWindowContextId for App element pid: 64432
2026-08-21 01:47:50.736 Df Flagstone[64432:6f572] [com.apple.dt.xctest:Default] Got attributes, transferring to dictionary for return.
2026-08-21 01:47:50.736 Df Flagstone[64432:7523e] [com.apple.dt.xctest:Default] Replying with attribute values: {
    "XC_kAXXCAttributeFrame" =     {
        Height = 844;
        Width = 390;
        X = 0;
        Y = 0;
    };
    "XC_kAXXCAttributeWindowContextId" = 2196523812;
    "XC_kAXXCAttributeWindowDisplayId" = 0;
}
2026-08-21 01:47:50.738 Df Flagstone[64432:7523e] [com.apple.dt.xctest:Default] Received attributes request for element: App element pid: 64432. Attributes: (
    "XC_kAXXCAttributeElementType",
    "XC_kAXXCAttributeElementBaseType",
    "XC_kAXXCAttributeTraits",
    "XC_kAXXCAttributeAutomationType"
)
2026-08-21 01:47:50.738 Df Flagstone[64432:75463] [com.apple.dt.xctest:Default] XCTPerformOnMainRunLoop[not MT]: about to CFRunLoopPerform
2026-08-21 01:47:50.738 Df Flagstone[64432:75463] [com.apple.dt.xctest:Default] XCTPerformOnMainRunLoop[not MT]: waiting with 30.00s responsiveness timeout
2026-08-21 01:47:50.738 Df Flagstone[64432:6f572] [com.apple.dt.xctest:Default] XCTPerformOnMainRunLoop[MT]: inside CFRunLoopPerform
2026-08-21 01:47:50.738 Df Flagstone[64432:6f572] [com.apple.dt.xctest:Default] XCTPerformOnMainRunLoop[MT]: MT responded in time (won the race to the busy flag)
2026-08-21 01:47:50.738 Df Flagstone[64432:75463] [com.apple.dt.xctest:Default] XCTPerformOnMainRunLoop[not MT]: waiting 60.00s for work to complete
2026-08-21 01:47:50.738 Df Flagstone[64432:6f572] [com.apple.dt.xctest:Default] Fetching AX attributes XC_kAXXCAttributeElementType, XC_kAXXCAttributeElementBaseType, XC_kAXXCAttributeTraits, XC_kAXXCAttributeAutomationType for App element pid: 64432
2026-08-21 01:47:50.739 Df Flagstone[64432:6f572] [com.apple.dt.xctest:Default] Got attributes, transferring to dictionary for return.
2026-08-21 01:47:50.739 Df Flagstone[64432:75463] [com.apple.dt.xctest:Default] Replying with attribute values: {
    "XC_kAXXCAttributeAutomationType" = 1;
    "XC_kAXXCAttributeElementBaseType" = UIApplication;
    "XC_kAXXCAttributeElementType" = UIApplication;
    "XC_kAXXCAttributeTraits" = 0;
}
2026-08-21 01:47:50.741 Df Flagstone[64432:75463] [com.apple.dt.xctest:Default] Received attributes request for element: App element pid: 64432. Attributes: (
    "XC_kAXXCAttributeWindowDisplayId"
)
2026-08-21 01:47:50.741 Df Flagstone[64432:7523e] [com.apple.dt.xctest:Default] XCTPerformOnMainRunLoop[not MT]: about to CFRunLoopPerform
2026-08-21 01:47:50.742 Df Flagstone[64432:7523e] [com.apple.dt.xctest:Default] XCTPerformOnMainRunLoop[not MT]: waiting with 30.00s responsiveness timeout
2026-08-21 01:47:50.742 Df Flagstone[64432:6f572] [com.apple.dt.xctest:Default] XCTPerformOnMainRunLoop[MT]: inside CFRunLoopPerform
2026-08-21 01:47:50.742 Df Flagstone[64432:6f572] [com.apple.dt.xctest:Default] XCTPerformOnMainRunLoop[MT]: MT responded in time (won the race to the busy flag)
2026-08-21 01:47:50.742 Df Flagstone[64432:7523e] [com.apple.dt.xctest:Default] XCTPerformOnMainRunLoop[not MT]: waiting 60.00s for work to complete
2026-08-21 01:47:50.742 Df Flagstone[64432:6f572] [com.apple.dt.xctest:Default] Fetching AX attributes XC_kAXXCAttributeWindowDisplayId for App element pid: 64432
2026-08-21 01:47:50.742 Df Flagstone[64432:6f572] [com.apple.dt.xctest:Default] Got attributes, transferring to dictionary for return.
2026-08-21 01:47:50.742 Df Flagstone[64432:7523e] [com.apple.dt.xctest:Default] Replying with attribute values: {
    "XC_kAXXCAttributeWindowDisplayId" = 0;
}
2026-08-21 01:47:50.753 Df Flagstone[64432:6f572] [com.apple.KeyboardArbiter:Client] TX focusApplication (peekAppEvent) stealKB:Y scene:com.accessmap.app-default
2026-08-21 01:47:50.754 Df Flagstone[64432:6f572] [com.apple.UIKit:EventDispatch] Evaluating dispatch of UIEvent: 0x106d1de00; type: 0; subtype: 0; backing type: 11; shouldSend: 1; ignoreInteractionEvents: 0, systemGestureStateChange: 0
2026-08-21 01:47:50.754 Df Flagstone[64432:6f572] [com.apple.UIKit:EventDispatch] Sending UIEvent type: 0; subtype: 0; to windows: 1
2026-08-21 01:47:50.754 Df Flagstone[64432:6f572] [com.apple.UIKit:EventDispatch] Sending UIEvent type: 0; subtype: 0; to window: <UIWindow: 0x106dd4400>; contextId: 0x82EC4B24
2026-08-21 01:47:50.760 Df Flagstone[64432:6f572] [com.apple.UIKit:EventDispatch] Evaluating dispatch of UIEvent: 0x106d1de00; type: 0; subtype: 0; backing type: 11; shouldSend: 0; ignoreInteractionEvents: 0, systemGestureStateChange: 0
2026-08-21 01:47:50.777 Df Flagstone[64432:6f572] [com.apple.UIKit:EventDispatch] Evaluating dispatch of UIEvent: 0x106d1de00; type: 0; subtype: 0; backing type: 11; shouldSend: 0; ignoreInteractionEvents: 0, systemGestureStateChange: 0
2026-08-21 01:47:50.793 Df Flagstone[64432:6f572] [com.apple.UIKit:EventDispatch] Evaluating dispatch of UIEvent: 0x106d1de00; type: 0; subtype: 0; backing type: 11; shouldSend: 0; ignoreInteractionEvents: 0, systemGestureStateChange: 0
2026-08-21 01:47:50.810 Df Flagstone[64432:6f572] [com.apple.UIKit:EventDispatch] Evaluating dispatch of UIEvent: 0x106d1de00; type: 0; subtype: 0; backing type: 11; shouldSend: 0; ignoreInteractionEvents: 0, systemGestureStateChange: 0
2026-08-21 01:47:50.827 Df Flagstone[64432:6f572] [com.apple.UIKit:EventDispatch] Evaluating dispatch of UIEvent: 0x106d1de00; type: 0; subtype: 0; backing type: 11; shouldSend: 0; ignoreInteractionEvents: 0, systemGestureStateChange: 0
2026-08-21 01:47:50.843 Df Flagstone[64432:6f572] [com.apple.UIKit:EventDispatch] Evaluating dispatch of UIEvent: 0x106d1de00; type: 0; subtype: 0; backing type: 11; shouldSend: 0; ignoreInteractionEvents: 0, systemGestureStateChange: 0
2026-08-21 01:47:50.843 Df Flagstone[64432:6f572] [com.apple.UIKit:EventDispatch] Evaluating dispatch of UIEvent: 0x106d1de00; type: 0; subtype: 0; backing type: 11; shouldSend: 1; ignoreInteractionEvents: 0, systemGestureStateChange: 0
2026-08-21 01:47:50.843 Df Flagstone[64432:6f572] [com.apple.UIKit:EventDispatch] Sending UIEvent type: 0; subtype: 0; to windows: 1
2026-08-21 01:47:50.844 Df Flagstone[64432:6f572] [com.apple.UIKit:EventDispatch] Sending UIEvent type: 0; subtype: 0; to window: <UIWindow: 0x106dd4400>; contextId: 0x82EC4B24
2026-08-21 01:47:50.844 Df Flagstone[64432:6f572] [com.apple.UIKit:Feedback] generator <UISelectionFeedbackGenerator: 0x132b036c0> cannot play feedback <nil: 0x0> (enabled=0)
2026-08-21 01:47:50.861 Df Flagstone[64432:6f572] [com.apple.UIKit:EventDispatch] Evaluating dispatch of UIEvent: 0x106d1de00; type: 0; subtype: 0; backing type: 11; shouldSend: 0; ignoreInteractionEvents: 0, systemGestureStateChange: 1
2026-08-21 01:47:50.999 A  Flagstone[64432:6f572] (UIKitCore) send gesture actions
2026-08-21 01:47:50.999 A  Flagstone[64432:6f572] (UIKitCore) send gesture actions
2026-08-21 01:47:51.082 Df Flagstone[64432:75463] [com.apple.dt.xctest:Default] Received request to notify when the main run loop is idle
2026-08-21 01:47:51.082 Df Flagstone[64432:6f572] [com.apple.dt.xctest:Default] Idle notifier run loop observer fired
2026-08-21 01:47:51.082 Df Flagstone[64432:75463] [com.apple.dt.xctest:Default] Idle notifier finished setting up run loop observer
2026-08-21 01:47:51.082 Df Flagstone[64432:6f572] [com.apple.dt.xctest:Default] Sending main run loop idle reply
2026-08-21 01:47:51.083 Df Flagstone[64432:75463] [com.apple.dt.xctest:Default] Received request to notify when animations are idle
2026-08-21 01:47:57.642 Df Flagstone[64432:7523e] [com.apple.dt.xctest:Default] Received attributes request for element: App element pid: 64432. Attributes: (
    "XC_kAXXCAttributeFrame",
    "XC_kAXXCAttributeWindowDisplayId",
    "XC_kAXXCAttributeWindowContextId"
)
2026-08-21 01:47:57.642 Df Flagstone[64432:7523e] [com.apple.dt.xctest:Default] XCTPerformOnMainRunLoop[not MT]: about to CFRunLoopPerform
2026-08-21 01:47:57.642 Df Flagstone[64432:7523e] [com.apple.dt.xctest:Default] XCTPerformOnMainRunLoop[not MT]: waiting with 30.00s responsiveness timeout
2026-08-21 01:47:57.642 Df Flagstone[64432:6f572] [com.apple.dt.xctest:Default] XCTPerformOnMainRunLoop[MT]: inside CFRunLoopPerform
2026-08-21 01:47:57.642 Df Flagstone[64432:6f572] [com.apple.dt.xctest:Default] XCTPerformOnMainRunLoop[MT]: MT responded in time (won the race to the busy flag)
2026-08-21 01:47:57.642 Df Flagstone[64432:7523e] [com.apple.dt.xctest:Default] XCTPerformOnMainRunLoop[not MT]: waiting 60.00s for work to complete
2026-08-21 01:47:57.642 Df Flagstone[64432:6f572] [com.apple.dt.xctest:Default] Fetching AX attributes XC_kAXXCAttributeFrame, XC_kAXXCAttributeWindowDisplayId, XC_kAXXCAttributeWindowContextId for App element pid: 64432
2026-08-21 01:47:57.642 Df Flagstone[64432:6f572] [com.apple.dt.xctest:Default] Got attributes, transferring to dictionary for return.
2026-08-21 01:47:57.642 Df Flagstone[64432:7523e] [com.apple.dt.xctest:Default] Replying with attribute values: {
    "XC_kAXXCAttributeFrame" =     {
        Height = 844;
        Width = 390;
        X = 0;
        Y = 0;
    };
    "XC_kAXXCAttributeWindowContextId" = 2196523812;
    "XC_kAXXCAttributeWindowDisplayId" = 0;
}
2026-08-21 01:47:57.644 Df Flagstone[64432:7523e] [com.apple.dt.xctest:Default] Received attributes request for element: App element pid: 64432. Attributes: (
    "XC_kAXXCAttributeElementType",
    "XC_kAXXCAttributeElementBaseType",
    "XC_kAXXCAttributeTraits",
    "XC_kAXXCAttributeAutomationType"
)
2026-08-21 01:47:57.644 Df Flagstone[64432:7523e] [com.apple.dt.xctest:Default] XCTPerformOnMainRunLoop[not MT]: about to CFRunLoopPerform
2026-08-21 01:47:57.644 Df Flagstone[64432:7523e] [com.apple.dt.xctest:Default] XCTPerformOnMainRunLoop[not MT]: waiting with 30.00s responsiveness timeout
2026-08-21 01:47:57.644 Df Flagstone[64432:6f572] [com.apple.dt.xctest:Default] XCTPerformOnMainRunLoop[MT]: inside CFRunLoopPerform
2026-08-21 01:47:57.644 Df Flagstone[64432:6f572] [com.apple.dt.xctest:Default] XCTPerformOnMainRunLoop[MT]: MT responded in time (won the race to the busy flag)
2026-08-21 01:47:57.644 Df Flagstone[64432:6f572] [com.apple.dt.xctest:Default] Fetching AX attributes XC_kAXXCAttributeElementType, XC_kAXXCAttributeElementBaseType, XC_kAXXCAttributeTraits, XC_kAXXCAttributeAutomationType for App element pid: 64432
2026-08-21 01:47:57.644 Df Flagstone[64432:7523e] [com.apple.dt.xctest:Default] XCTPerformOnMainRunLoop[not MT]: waiting 60.00s for work to complete
2026-08-21 01:47:57.644 Df Flagstone[64432:6f572] [com.apple.dt.xctest:Default] Got attributes, transferring to dictionary for return.
2026-08-21 01:47:57.645 Df Flagstone[64432:7523e] [com.apple.dt.xctest:Default] Replying with attribute values: {
    "XC_kAXXCAttributeAutomationType" = 1;
    "XC_kAXXCAttributeElementBaseType" = UIApplication;
    "XC_kAXXCAttributeElementType" = UIApplication;
    "XC_kAXXCAttributeTraits" = 0;
}
2026-08-21 01:47:57.724 Df Flagstone[64432:7523e] [com.apple.dt.xctest:Default] Received attributes request for element: App element pid: 64432. Attributes: (
    "XC_kAXXCAttributeFrame",
    "XC_kAXXCAttributeWindowDisplayId",
    "XC_kAXXCAttributeWindowContextId"
)
2026-08-21 01:47:57.724 Df Flagstone[64432:7523e] [com.apple.dt.xctest:Default] XCTPerformOnMainRunLoop[not MT]: about to CFRunLoopPerform
2026-08-21 01:47:57.724 Df Flagstone[64432:7523e] [com.apple.dt.xctest:Default] XCTPerformOnMainRunLoop[not MT]: waiting with 30.00s responsiveness timeout
2026-08-21 01:47:57.724 Df Flagstone[64432:6f572] [com.apple.dt.xctest:Default] XCTPerformOnMainRunLoop[MT]: inside CFRunLoopPerform
2026-08-21 01:47:57.724 Df Flagstone[64432:6f572] [com.apple.dt.xctest:Default] XCTPerformOnMainRunLoop[MT]: MT responded in time (won the race to the busy flag)
2026-08-21 01:47:57.724 Df Flagstone[64432:7523e] [com.apple.dt.xctest:Default] XCTPerformOnMainRunLoop[not MT]: waiting 60.00s for work to complete
2026-08-21 01:47:57.724 Df Flagstone[64432:6f572] [com.apple.dt.xctest:Default] Fetching AX attributes XC_kAXXCAttributeFrame, XC_kAXXCAttributeWindowDisplayId, XC_kAXXCAttributeWindowContextId for App element pid: 64432
2026-08-21 01:47:57.724 Df Flagstone[64432:6f572] [com.apple.dt.xctest:Default] Got attributes, transferring to dictionary for return.
2026-08-21 01:47:57.724 Df Flagstone[64432:7523e] [com.apple.dt.xctest:Default] Replying with attribute values: {
    "XC_kAXXCAttributeFrame" =     {
        Height = 844;
        Width = 390;
        X = 0;
        Y = 0;
    };
    "XC_kAXXCAttributeWindowContextId" = 2196523812;
    "XC_kAXXCAttributeWindowDisplayId" = 0;
}
2026-08-21 01:47:57.726 Df Flagstone[64432:7523e] [com.apple.dt.xctest:Default] Received attributes request for element: App element pid: 64432. Attributes: (
    "XC_kAXXCAttributeElementType",
    "XC_kAXXCAttributeElementBaseType",
    "XC_kAXXCAttributeTraits",
    "XC_kAXXCAttributeAutomationType"
)
2026-08-21 01:47:57.726 Df Flagstone[64432:7523e] [com.apple.dt.xctest:Default] XCTPerformOnMainRunLoop[not MT]: about to CFRunLoopPerform
2026-08-21 01:47:57.726 Df Flagstone[64432:7523e] [com.apple.dt.xctest:Default] XCTPerformOnMainRunLoop[not MT]: waiting with 30.00s responsiveness timeout
2026-08-21 01:47:57.726 Df Flagstone[64432:6f572] [com.apple.dt.xctest:Default] XCTPerformOnMainRunLoop[MT]: inside CFRunLoopPerform
2026-08-21 01:47:57.726 Df Flagstone[64432:6f572] [com.apple.dt.xctest:Default] XCTPerformOnMainRunLoop[MT]: MT responded in time (won the race to the busy flag)
2026-08-21 01:47:57.726 Df Flagstone[64432:7523e] [com.apple.dt.xctest:Default] XCTPerformOnMainRunLoop[not MT]: waiting 60.00s for work to complete
2026-08-21 01:47:57.726 Df Flagstone[64432:6f572] [com.apple.dt.xctest:Default] Fetching AX attributes XC_kAXXCAttributeElementType, XC_kAXXCAttributeElementBaseType, XC_kAXXCAttributeTraits, XC_kAXXCAttributeAutomationType for App element pid: 64432
2026-08-21 01:47:57.727 Df Flagstone[64432:6f572] [com.apple.dt.xctest:Default] Got attributes, transferring to dictionary for return.
2026-08-21 01:47:57.727 Df Flagstone[64432:7523e] [com.apple.dt.xctest:Default] Replying with attribute values: {
    "XC_kAXXCAttributeAutomationType" = 1;
    "XC_kAXXCAttributeElementBaseType" = UIApplication;
    "XC_kAXXCAttributeElementType" = UIApplication;
    "XC_kAXXCAttributeTraits" = 0;
}
2026-08-21 01:47:57.729 Df Flagstone[64432:7523e] [com.apple.dt.xctest:Default] Received attributes request for element: App element pid: 64432. Attributes: (
    "XC_kAXXCAttributeWindowDisplayId"
)
2026-08-21 01:47:57.729 Df Flagstone[64432:7523e] [com.apple.dt.xctest:Default] XCTPerformOnMainRunLoop[not MT]: about to CFRunLoopPerform
2026-08-21 01:47:57.729 Df Flagstone[64432:7523e] [com.apple.dt.xctest:Default] XCTPerformOnMainRunLoop[not MT]: waiting with 30.00s responsiveness timeout
2026-08-21 01:47:57.729 Df Flagstone[64432:6f572] [com.apple.dt.xctest:Default] XCTPerformOnMainRunLoop[MT]: inside CFRunLoopPerform
2026-08-21 01:47:57.729 Df Flagstone[64432:6f572] [com.apple.dt.xctest:Default] XCTPerformOnMainRunLoop[MT]: MT responded in time (won the race to the busy flag)
2026-08-21 01:47:57.729 Df Flagstone[64432:7523e] [com.apple.dt.xctest:Default] XCTPerformOnMainRunLoop[not MT]: waiting 60.00s for work to complete
2026-08-21 01:47:57.729 Df Flagstone[64432:6f572] [com.apple.dt.xctest:Default] Fetching AX attributes XC_kAXXCAttributeWindowDisplayId for App element pid: 64432
2026-08-21 01:47:57.729 Df Flagstone[64432:6f572] [com.apple.dt.xctest:Default] Got attributes, transferring to dictionary for return.
2026-08-21 01:47:57.729 Df Flagstone[64432:7523e] [com.apple.dt.xctest:Default] Replying with attribute values: {
    "XC_kAXXCAttributeWindowDisplayId" = 0;
}
2026-08-21 01:47:57.743 Df Flagstone[64432:6f572] [com.apple.KeyboardArbiter:Client] TX focusApplication (peekAppEvent) stealKB:Y scene:com.accessmap.app-default
2026-08-21 01:47:57.743 Df Flagstone[64432:6f572] [com.apple.UIKit:EventDispatch] Evaluating dispatch of UIEvent: 0x106d1de00; type: 0; subtype: 0; backing type: 11; shouldSend: 1; ignoreInteractionEvents: 0, systemGestureStateChange: 0
2026-08-21 01:47:57.743 Df Flagstone[64432:6f572] [com.apple.UIKit:EventDispatch] Sending UIEvent type: 0; subtype: 0; to windows: 1
2026-08-21 01:47:57.743 Df Flagstone[64432:6f572] [com.apple.UIKit:EventDispatch] Sending UIEvent type: 0; subtype: 0; to window: <UIWindow: 0x106dd4400>; contextId: 0x82EC4B24
2026-08-21 01:47:57.744 Df Flagstone[64432:6f572] [com.apple.UIKit:EventDispatch] Evaluating dispatch of UIEvent: 0x106d1de00; type: 0; subtype: 0; backing type: 11; shouldSend: 0; ignoreInteractionEvents: 0, systemGestureStateChange: 0
2026-08-21 01:47:57.777 Df Flagstone[64432:6f572] [com.apple.UIKit:EventDispatch] Evaluating dispatch of UIEvent: 0x106d1de00; type: 0; subtype: 0; backing type: 11; shouldSend: 0; ignoreInteractionEvents: 0, systemGestureStateChange: 0
2026-08-21 01:47:57.810 Df Flagstone[64432:6f572] [com.apple.UIKit:EventDispatch] Evaluating dispatch of UIEvent: 0x106d1de00; type: 0; subtype: 0; backing type: 11; shouldSend: 0; ignoreInteractionEvents: 0, systemGestureStateChange: 0
2026-08-21 01:47:57.843 Df Flagstone[64432:6f572] [com.apple.UIKit:EventDispatch] Evaluating dispatch of UIEvent: 0x106d1de00; type: 0; subtype: 0; backing type: 11; shouldSend: 0; ignoreInteractionEvents: 0, systemGestureStateChange: 1
2026-08-21 01:47:57.843 Df Flagstone[64432:6f572] [com.apple.UIKit:EventDispatch] Evaluating dispatch of UIEvent: 0x106d1de00; type: 0; subtype: 0; backing type: 11; shouldSend: 0; ignoreInteractionEvents: 0, systemGestureStateChange: 0
2026-08-21 01:47:57.844 Df Flagstone[64432:6f572] [com.apple.UIKit:EventDispatch] Evaluating dispatch of UIEvent: 0x106d1de00; type: 0; subtype: 0; backing type: 11; shouldSend: 1; ignoreInteractionEvents: 0, systemGestureStateChange: 0
2026-08-21 01:47:57.844 Df Flagstone[64432:6f572] [com.apple.UIKit:EventDispatch] Sending UIEvent type: 0; subtype: 0; to windows: 1
2026-08-21 01:47:57.844 Df Flagstone[64432:6f572] [com.apple.UIKit:EventDispatch] Sending UIEvent type: 0; subtype: 0; to window: <UIWindow: 0x106dd4400>; contextId: 0x82EC4B24
2026-08-21 01:47:57.844 A  Flagstone[64432:6f572] (UIKitCore) send gesture actions
2026-08-21 01:47:57.844 A  Flagstone[64432:6f572] (UIKitCore) send gesture actions
2026-08-21 01:47:57.861 Df Flagstone[64432:6f572] [com.apple.UIKit:Feedback] generator <UISelectionFeedbackGenerator: 0x132b021c0> cannot play feedback <nil: 0x0> (enabled=0)
2026-08-21 01:47:57.900 Df Flagstone[64432:755bd] [com.apple.CFNetwork:Default] Task <1C898E11-BB3F-4F46-A619-8D82034EB996>.<10> resuming, timeouts(0.0, 604800.0) qos(0x19) voucher((null)) activity(00000000-0000-0000-0000-000000000000)
2026-08-21 01:47:57.906 Df Flagstone[64432:755bd] [com.apple.network:connection] [C5] event: client:connection_reused @417.271s
2026-08-21 01:47:57.906 Df Flagstone[64432:755bd] [com.apple.network:connection] nw_protocol_socket_notify [C5.1.2.1:3] nw_protocol_notification_type_connection_idle is false
2026-08-21 01:47:57.906 Df Flagstone[64432:755bd] [com.apple.CFNetwork:Default] Task <1C898E11-BB3F-4F46-A619-8D82034EB996>.<10> now using Connection 5
2026-08-21 01:47:57.906 Df Flagstone[64432:755bd] [com.apple.CFNetwork:Default] Task <1C898E11-BB3F-4F46-A619-8D82034EB996>.<10> sent request, body N 0
2026-08-21 01:47:58.064 Df Flagstone[64432:755bd] [com.apple.dt.xctest:Default] Received request to notify when the main run loop is idle
2026-08-21 01:47:58.064 Df Flagstone[64432:755bd] [com.apple.dt.xctest:Default] Idle notifier finished setting up run loop observer
2026-08-21 01:47:58.064 Df Flagstone[64432:6f572] [com.apple.dt.xctest:Default] Idle notifier run loop observer fired
2026-08-21 01:47:58.064 Df Flagstone[64432:6f572] [com.apple.dt.xctest:Default] Sending main run loop idle reply
2026-08-21 01:47:58.065 Df Flagstone[64432:755bd] [com.apple.dt.xctest:Default] Received request to notify when animations are idle
2026-08-21 01:47:58.125 Df Flagstone[64432:755bd] [com.apple.CFNetwork:Default] Task <1C898E11-BB3F-4F46-A619-8D82034EB996>.<10> received response, status 200 content K
2026-08-21 01:47:58.125 Df Flagstone[64432:755bd] [com.apple.CFNetwork:Default] Task <1C898E11-BB3F-4F46-A619-8D82034EB996>.<10> done using Connection 5
2026-08-21 01:47:58.125 Df Flagstone[64432:755bd] [com.apple.network:connection] [C5] event: client:connection_idle @417.490s
2026-08-21 01:47:58.125 Df Flagstone[64432:755bd] [com.apple.network:connection] nw_protocol_socket_notify [C5.1.2.1:3] nw_protocol_notification_type_connection_idle is true
2026-08-21 01:47:58.126 Df Flagstone[64432:755bd] [com.apple.CFNetwork:Default] Task <1C898E11-BB3F-4F46-A619-8D82034EB996>.<10> response ended
2026-08-21 01:47:58.127 Df Flagstone[64432:7523e] [com.apple.CFNetwork:Summary] Task <1C898E11-BB3F-4F46-A619-8D82034EB996>.<10> summary for task success {transaction_duration_ms=224, response_status=200, connection=5, reused=1, reused_after_ms=32437, request_start_ms=4, request_duration_ms=0, response_start_ms=223, response_duration_ms=1, request_bytes=151, request_throughput_kbps=8631, response_bytes=359, response_throughput_kbps=2016, cache_hit=true}
2026-08-21 01:47:58.127 Df Flagstone[64432:7523e] [com.apple.CFNetwork:Default] Task <1C898E11-BB3F-4F46-A619-8D82034EB996>.<10> finished successfully
2026-08-21 01:48:09.400 Df Flagstone[64432:755d3] [com.apple.dt.xctest:Default] Received attributes request for element: App element pid: 64432. Attributes: (
    "XC_kAXXCAttributeFrame",
    "XC_kAXXCAttributeWindowDisplayId",
    "XC_kAXXCAttributeWindowContextId"
)
2026-08-21 01:48:09.400 Df Flagstone[64432:755ce] [com.apple.dt.xctest:Default] XCTPerformOnMainRunLoop[not MT]: about to CFRunLoopPerform
2026-08-21 01:48:09.400 Df Flagstone[64432:755ce] [com.apple.dt.xctest:Default] XCTPerformOnMainRunLoop[not MT]: waiting with 30.00s responsiveness timeout
2026-08-21 01:48:09.400 Df Flagstone[64432:6f572] [com.apple.dt.xctest:Default] XCTPerformOnMainRunLoop[MT]: inside CFRunLoopPerform
2026-08-21 01:48:09.400 Df Flagstone[64432:6f572] [com.apple.dt.xctest:Default] XCTPerformOnMainRunLoop[MT]: MT responded in time (won the race to the busy flag)
2026-08-21 01:48:09.400 Df Flagstone[64432:755ce] [com.apple.dt.xctest:Default] XCTPerformOnMainRunLoop[not MT]: waiting 60.00s for work to complete
2026-08-21 01:48:09.400 Df Flagstone[64432:6f572] [com.apple.dt.xctest:Default] Fetching AX attributes XC_kAXXCAttributeFrame, XC_kAXXCAttributeWindowDisplayId, XC_kAXXCAttributeWindowContextId for App element pid: 64432
2026-08-21 01:48:09.401 Df Flagstone[64432:6f572] [com.apple.dt.xctest:Default] Got attributes, transferring to dictionary for return.
2026-08-21 01:48:09.401 Df Flagstone[64432:755ce] [com.apple.dt.xctest:Default] Replying with attribute values: {
    "XC_kAXXCAttributeFrame" =     {
        Height = 844;
        Width = 390;
        X = 0;
        Y = 0;
    };
    "XC_kAXXCAttributeWindowContextId" = 2196523812;
    "XC_kAXXCAttributeWindowDisplayId" = 0;
}
2026-08-21 01:48:09.402 Df Flagstone[64432:755ce] [com.apple.dt.xctest:Default] Received attributes request for element: App element pid: 64432. Attributes: (
    "XC_kAXXCAttributeElementType",
    "XC_kAXXCAttributeElementBaseType",
    "XC_kAXXCAttributeTraits",
    "XC_kAXXCAttributeAutomationType"
)
2026-08-21 01:48:09.402 Df Flagstone[64432:755d3] [com.apple.dt.xctest:Default] XCTPerformOnMainRunLoop[not MT]: about to CFRunLoopPerform
2026-08-21 01:48:09.402 Df Flagstone[64432:755d3] [com.apple.dt.xctest:Default] XCTPerformOnMainRunLoop[not MT]: waiting with 30.00s responsiveness timeout
2026-08-21 01:48:09.402 Df Flagstone[64432:6f572] [com.apple.dt.xctest:Default] XCTPerformOnMainRunLoop[MT]: inside CFRunLoopPerform
2026-08-21 01:48:09.403 Df Flagstone[64432:6f572] [com.apple.dt.xctest:Default] XCTPerformOnMainRunLoop[MT]: MT responded in time (won the race to the busy flag)
2026-08-21 01:48:09.403 Df Flagstone[64432:755d3] [com.apple.dt.xctest:Default] XCTPerformOnMainRunLoop[not MT]: waiting 60.00s for work to complete
2026-08-21 01:48:09.403 Df Flagstone[64432:6f572] [com.apple.dt.xctest:Default] Fetching AX attributes XC_kAXXCAttributeElementType, XC_kAXXCAttributeElementBaseType, XC_kAXXCAttributeTraits, XC_kAXXCAttributeAutomationType for App element pid: 64432
2026-08-21 01:48:09.403 Df Flagstone[64432:6f572] [com.apple.dt.xctest:Default] Got attributes, transferring to dictionary for return.
2026-08-21 01:48:09.403 Df Flagstone[64432:755d3] [com.apple.dt.xctest:Default] Replying with attribute values: {
    "XC_kAXXCAttributeAutomationType" = 1;
    "XC_kAXXCAttributeElementBaseType" = UIApplication;
    "XC_kAXXCAttributeElementType" = UIApplication;
    "XC_kAXXCAttributeTraits" = 0;
}
2026-08-21 01:48:09.494 Df Flagstone[64432:755d3] [com.apple.dt.xctest:Default] Received attributes request for element: App element pid: 64432. Attributes: (
    "XC_kAXXCAttributeFrame",
    "XC_kAXXCAttributeWindowDisplayId",
    "XC_kAXXCAttributeWindowContextId"
)
2026-08-21 01:48:09.494 Df Flagstone[64432:755d3] [com.apple.dt.xctest:Default] XCTPerformOnMainRunLoop[not MT]: about to CFRunLoopPerform
2026-08-21 01:48:09.494 Df Flagstone[64432:755d3] [com.apple.dt.xctest:Default] XCTPerformOnMainRunLoop[not MT]: waiting with 30.00s responsiveness timeout
2026-08-21 01:48:09.494 Df Flagstone[64432:6f572] [com.apple.dt.xctest:Default] XCTPerformOnMainRunLoop[MT]: inside CFRunLoopPerform
2026-08-21 01:48:09.494 Df Flagstone[64432:6f572] [com.apple.dt.xctest:Default] XCTPerformOnMainRunLoop[MT]: MT responded in time (won the race to the busy flag)
2026-08-21 01:48:09.494 Df Flagstone[64432:6f572] [com.apple.dt.xctest:Default] Fetching AX attributes XC_kAXXCAttributeFrame, XC_kAXXCAttributeWindowDisplayId, XC_kAXXCAttributeWindowContextId for App element pid: 64432
2026-08-21 01:48:09.494 Df Flagstone[64432:755d3] [com.apple.dt.xctest:Default] XCTPerformOnMainRunLoop[not MT]: waiting 60.00s for work to complete
2026-08-21 01:48:09.495 Df Flagstone[64432:6f572] [com.apple.dt.xctest:Default] Got attributes, transferring to dictionary for return.
2026-08-21 01:48:09.495 Df Flagstone[64432:755d3] [com.apple.dt.xctest:Default] Replying with attribute values: {
    "XC_kAXXCAttributeFrame" =     {
        Height = 844;
        Width = 390;
        X = 0;
        Y = 0;
    };
    "XC_kAXXCAttributeWindowContextId" = 2196523812;
    "XC_kAXXCAttributeWindowDisplayId" = 0;
}
2026-08-21 01:48:09.497 Df Flagstone[64432:755d3] [com.apple.dt.xctest:Default] Received attributes request for element: App element pid: 64432. Attributes: (
    "XC_kAXXCAttributeElementType",
    "XC_kAXXCAttributeElementBaseType",
    "XC_kAXXCAttributeTraits",
    "XC_kAXXCAttributeAutomationType"
)
2026-08-21 01:48:09.497 Df Flagstone[64432:755d3] [com.apple.dt.xctest:Default] XCTPerformOnMainRunLoop[not MT]: about to CFRunLoopPerform
2026-08-21 01:48:09.497 Df Flagstone[64432:755d3] [com.apple.dt.xctest:Default] XCTPerformOnMainRunLoop[not MT]: waiting with 30.00s responsiveness timeout
2026-08-21 01:48:09.497 Df Flagstone[64432:6f572] [com.apple.dt.xctest:Default] XCTPerformOnMainRunLoop[MT]: inside CFRunLoopPerform
2026-08-21 01:48:09.497 Df Flagstone[64432:6f572] [com.apple.dt.xctest:Default] XCTPerformOnMainRunLoop[MT]: MT responded in time (won the race to the busy flag)
2026-08-21 01:48:09.497 Df Flagstone[64432:755d3] [com.apple.dt.xctest:Default] XCTPerformOnMainRunLoop[not MT]: waiting 60.00s for work to complete
2026-08-21 01:48:09.497 Df Flagstone[64432:6f572] [com.apple.dt.xctest:Default] Fetching AX attributes XC_kAXXCAttributeElementType, XC_kAXXCAttributeElementBaseType, XC_kAXXCAttributeTraits, XC_kAXXCAttributeAutomationType for App element pid: 64432
2026-08-21 01:48:09.497 Df Flagstone[64432:6f572] [com.apple.dt.xctest:Default] Got attributes, transferring to dictionary for return.
2026-08-21 01:48:09.497 Df Flagstone[64432:755d3] [com.apple.dt.xctest:Default] Replying with attribute values: {
    "XC_kAXXCAttributeAutomationType" = 1;
    "XC_kAXXCAttributeElementBaseType" = UIApplication;
    "XC_kAXXCAttributeElementType" = UIApplication;
    "XC_kAXXCAttributeTraits" = 0;
}
2026-08-21 01:48:09.500 Df Flagstone[64432:755d3] [com.apple.dt.xctest:Default] Received attributes request for element: App element pid: 64432. Attributes: (
    "XC_kAXXCAttributeWindowDisplayId"
)
2026-08-21 01:48:09.500 Df Flagstone[64432:755ce] [com.apple.dt.xctest:Default] XCTPerformOnMainRunLoop[not MT]: about to CFRunLoopPerform
2026-08-21 01:48:09.500 Df Flagstone[64432:755ce] [com.apple.dt.xctest:Default] XCTPerformOnMainRunLoop[not MT]: waiting with 30.00s responsiveness timeout
2026-08-21 01:48:09.500 Df Flagstone[64432:6f572] [com.apple.dt.xctest:Default] XCTPerformOnMainRunLoop[MT]: inside CFRunLoopPerform
2026-08-21 01:48:09.500 Df Flagstone[64432:6f572] [com.apple.dt.xctest:Default] XCTPerformOnMainRunLoop[MT]: MT responded in time (won the race to the busy flag)
2026-08-21 01:48:09.500 Df Flagstone[64432:755ce] [com.apple.dt.xctest:Default] XCTPerformOnMainRunLoop[not MT]: waiting 60.00s for work to complete
2026-08-21 01:48:09.500 Df Flagstone[64432:6f572] [com.apple.dt.xctest:Default] Fetching AX attributes XC_kAXXCAttributeWindowDisplayId for App element pid: 64432
2026-08-21 01:48:09.500 Df Flagstone[64432:6f572] [com.apple.dt.xctest:Default] Got attributes, transferring to dictionary for return.
2026-08-21 01:48:09.501 Df Flagstone[64432:755ce] [com.apple.dt.xctest:Default] Replying with attribute values: {
    "XC_kAXXCAttributeWindowDisplayId" = 0;
}
2026-08-21 01:48:09.517 Df Flagstone[64432:6f572] [com.apple.KeyboardArbiter:Client] TX focusApplication (peekAppEvent) stealKB:Y scene:com.accessmap.app-default
2026-08-21 01:48:09.518 Df Flagstone[64432:6f572] [com.apple.UIKit:EventDispatch] Evaluating dispatch of UIEvent: 0x106d1de00; type: 0; subtype: 0; backing type: 11; shouldSend: 1; ignoreInteractionEvents: 0, systemGestureStateChange: 0
2026-08-21 01:48:09.518 Df Flagstone[64432:6f572] [com.apple.UIKit:EventDispatch] Sending UIEvent type: 0; subtype: 0; to windows: 1
2026-08-21 01:48:09.518 Df Flagstone[64432:6f572] [com.apple.UIKit:EventDispatch] Sending UIEvent type: 0; subtype: 0; to window: <UIWindow: 0x106dd4400>; contextId: 0x82EC4B24
2026-08-21 01:48:09.527 Df Flagstone[64432:6f572] [com.apple.UIKit:EventDispatch] Evaluating dispatch of UIEvent: 0x106d1de00; type: 0; subtype: 0; backing type: 11; shouldSend: 0; ignoreInteractionEvents: 0, systemGestureStateChange: 0
2026-08-21 01:48:09.543 Df Flagstone[64432:6f572] [com.apple.UIKit:EventDispatch] Evaluating dispatch of UIEvent: 0x106d1de00; type: 0; subtype: 0; backing type: 11; shouldSend: 0; ignoreInteractionEvents: 0, systemGestureStateChange: 0
2026-08-21 01:48:09.560 Df Flagstone[64432:6f572] [com.apple.UIKit:EventDispatch] Evaluating dispatch of UIEvent: 0x106d1de00; type: 0; subtype: 0; backing type: 11; shouldSend: 0; ignoreInteractionEvents: 0, systemGestureStateChange: 0
2026-08-21 01:48:09.577 Df Flagstone[64432:6f572] [com.apple.UIKit:EventDispatch] Evaluating dispatch of UIEvent: 0x106d1de00; type: 0; subtype: 0; backing type: 11; shouldSend: 0; ignoreInteractionEvents: 0, systemGestureStateChange: 0
2026-08-21 01:48:09.593 Df Flagstone[64432:6f572] [com.apple.UIKit:EventDispatch] Evaluating dispatch of UIEvent: 0x106d1de00; type: 0; subtype: 0; backing type: 11; shouldSend: 0; ignoreInteractionEvents: 0, systemGestureStateChange: 0
2026-08-21 01:48:09.611 Df Flagstone[64432:6f572] [com.apple.UIKit:EventDispatch] Evaluating dispatch of UIEvent: 0x106d1de00; type: 0; subtype: 0; backing type: 11; shouldSend: 0; ignoreInteractionEvents: 0, systemGestureStateChange: 0
2026-08-21 01:48:09.611 Df Flagstone[64432:6f572] [com.apple.UIKit:EventDispatch] Evaluating dispatch of UIEvent: 0x106d1de00; type: 0; subtype: 0; backing type: 11; shouldSend: 1; ignoreInteractionEvents: 0, systemGestureStateChange: 0
2026-08-21 01:48:09.611 Df Flagstone[64432:6f572] [com.apple.UIKit:EventDispatch] Sending UIEvent type: 0; subtype: 0; to windows: 1
2026-08-21 01:48:09.611 Df Flagstone[64432:6f572] [com.apple.UIKit:EventDispatch] Sending UIEvent type: 0; subtype: 0; to window: <UIWindow: 0x106dd4400>; contextId: 0x82EC4B24
2026-08-21 01:48:09.612 Df Flagstone[64432:6f572] [com.apple.UIKit:EventDispatch] Evaluating dispatch of UIEvent: 0x106d1de00; type: 0; subtype: 0; backing type: 11; shouldSend: 0; ignoreInteractionEvents: 0, systemGestureStateChange: 1
2026-08-21 01:48:09.612 A  Flagstone[64432:6f572] (UIKitCore) send gesture actions
2026-08-21 01:48:09.612 A  Flagstone[64432:6f572] (UIKitCore) send gesture actions
2026-08-21 01:48:09.826 Df Flagstone[64432:755d3] [com.apple.dt.xctest:Default] Received request to notify when the main run loop is idle
2026-08-21 01:48:09.826 Df Flagstone[64432:755d3] [com.apple.dt.xctest:Default] Idle notifier finished setting up run loop observer
2026-08-21 01:48:09.826 Df Flagstone[64432:6f572] [com.apple.dt.xctest:Default] Idle notifier run loop observer fired
2026-08-21 01:48:09.826 Df Flagstone[64432:6f572] [com.apple.dt.xctest:Default] Sending main run loop idle reply
2026-08-21 01:48:09.826 Df Flagstone[64432:755d3] [com.apple.dt.xctest:Default] Received request to notify when animations are idle
2026-08-21 01:48:15.294 Df Flagstone[64432:755d3] [com.apple.dt.xctest:Default] Received attributes request for element: App element pid: 64432. Attributes: (
    "XC_kAXXCAttributeFrame",
    "XC_kAXXCAttributeWindowDisplayId",
    "XC_kAXXCAttributeWindowContextId"
)
2026-08-21 01:48:15.294 Df Flagstone[64432:755ce] [com.apple.dt.xctest:Default] XCTPerformOnMainRunLoop[not MT]: about to CFRunLoopPerform
2026-08-21 01:48:15.294 Df Flagstone[64432:755ce] [com.apple.dt.xctest:Default] XCTPerformOnMainRunLoop[not MT]: waiting with 30.00s responsiveness timeout
2026-08-21 01:48:15.294 Df Flagstone[64432:6f572] [com.apple.dt.xctest:Default] XCTPerformOnMainRunLoop[MT]: inside CFRunLoopPerform
2026-08-21 01:48:15.294 Df Flagstone[64432:6f572] [com.apple.dt.xctest:Default] XCTPerformOnMainRunLoop[MT]: MT responded in time (won the race to the busy flag)
2026-08-21 01:48:15.294 Df Flagstone[64432:755ce] [com.apple.dt.xctest:Default] XCTPerformOnMainRunLoop[not MT]: waiting 60.00s for work to complete
2026-08-21 01:48:15.294 Df Flagstone[64432:6f572] [com.apple.dt.xctest:Default] Fetching AX attributes XC_kAXXCAttributeFrame, XC_kAXXCAttributeWindowDisplayId, XC_kAXXCAttributeWindowContextId for App element pid: 64432
2026-08-21 01:48:15.294 Df Flagstone[64432:6f572] [com.apple.dt.xctest:Default] Got attributes, transferring to dictionary for return.
2026-08-21 01:48:15.294 Df Flagstone[64432:755ce] [com.apple.dt.xctest:Default] Replying with attribute values: {
    "XC_kAXXCAttributeFrame" =     {
        Height = 844;
        Width = 390;
        X = 0;
        Y = 0;
    };
    "XC_kAXXCAttributeWindowContextId" = 2196523812;
    "XC_kAXXCAttributeWindowDisplayId" = 0;
}
2026-08-21 01:48:15.296 Df Flagstone[64432:755ce] [com.apple.dt.xctest:Default] Received attributes request for element: App element pid: 64432. Attributes: (
    "XC_kAXXCAttributeElementType",
    "XC_kAXXCAttributeElementBaseType",
    "XC_kAXXCAttributeTraits",
    "XC_kAXXCAttributeAutomationType"
)
2026-08-21 01:48:15.296 Df Flagstone[64432:755d3] [com.apple.dt.xctest:Default] XCTPerformOnMainRunLoop[not MT]: about to CFRunLoopPerform
2026-08-21 01:48:15.296 Df Flagstone[64432:755d3] [com.apple.dt.xctest:Default] XCTPerformOnMainRunLoop[not MT]: waiting with 30.00s responsiveness timeout
2026-08-21 01:48:15.296 Df Flagstone[64432:6f572] [com.apple.dt.xctest:Default] XCTPerformOnMainRunLoop[MT]: inside CFRunLoopPerform
2026-08-21 01:48:15.296 Df Flagstone[64432:6f572] [com.apple.dt.xctest:Default] XCTPerformOnMainRunLoop[MT]: MT responded in time (won the race to the busy flag)
2026-08-21 01:48:15.296 Df Flagstone[64432:755d3] [com.apple.dt.xctest:Default] XCTPerformOnMainRunLoop[not MT]: waiting 60.00s for work to complete
2026-08-21 01:48:15.296 Df Flagstone[64432:6f572] [com.apple.dt.xctest:Default] Fetching AX attributes XC_kAXXCAttributeElementType, XC_kAXXCAttributeElementBaseType, XC_kAXXCAttributeTraits, XC_kAXXCAttributeAutomationType for App element pid: 64432
2026-08-21 01:48:15.296 Df Flagstone[64432:6f572] [com.apple.dt.xctest:Default] Got attributes, transferring to dictionary for return.
2026-08-21 01:48:15.296 Df Flagstone[64432:755d3] [com.apple.dt.xctest:Default] Replying with attribute values: {
    "XC_kAXXCAttributeAutomationType" = 1;
    "XC_kAXXCAttributeElementBaseType" = UIApplication;
    "XC_kAXXCAttributeElementType" = UIApplication;
    "XC_kAXXCAttributeTraits" = 0;
}
2026-08-21 01:48:15.377 Df Flagstone[64432:755d3] [com.apple.dt.xctest:Default] Received attributes request for element: App element pid: 64432. Attributes: (
    "XC_kAXXCAttributeFrame",
    "XC_kAXXCAttributeWindowDisplayId",
    "XC_kAXXCAttributeWindowContextId"
)
2026-08-21 01:48:15.377 Df Flagstone[64432:755d3] [com.apple.dt.xctest:Default] XCTPerformOnMainRunLoop[not MT]: about to CFRunLoopPerform
2026-08-21 01:48:15.377 Df Flagstone[64432:755d3] [com.apple.dt.xctest:Default] XCTPerformOnMainRunLoop[not MT]: waiting with 30.00s responsiveness timeout
2026-08-21 01:48:15.377 Df Flagstone[64432:6f572] [com.apple.dt.xctest:Default] XCTPerformOnMainRunLoop[MT]: inside CFRunLoopPerform
2026-08-21 01:48:15.377 Df Flagstone[64432:6f572] [com.apple.dt.xctest:Default] XCTPerformOnMainRunLoop[MT]: MT responded in time (won the race to the busy flag)
2026-08-21 01:48:15.377 Df Flagstone[64432:755d3] [com.apple.dt.xctest:Default] XCTPerformOnMainRunLoop[not MT]: waiting 60.00s for work to complete
2026-08-21 01:48:15.377 Df Flagstone[64432:6f572] [com.apple.dt.xctest:Default] Fetching AX attributes XC_kAXXCAttributeFrame, XC_kAXXCAttributeWindowDisplayId, XC_kAXXCAttributeWindowContextId for App element pid: 64432
2026-08-21 01:48:15.378 Df Flagstone[64432:6f572] [com.apple.dt.xctest:Default] Got attributes, transferring to dictionary for return.
2026-08-21 01:48:15.378 Df Flagstone[64432:755d3] [com.apple.dt.xctest:Default] Replying with attribute values: {
    "XC_kAXXCAttributeFrame" =     {
        Height = 844;
        Width = 390;
        X = 0;
        Y = 0;
    };
    "XC_kAXXCAttributeWindowContextId" = 2196523812;
    "XC_kAXXCAttributeWindowDisplayId" = 0;
}
2026-08-21 01:48:15.380 Df Flagstone[64432:755d3] [com.apple.dt.xctest:Default] Received attributes request for element: App element pid: 64432. Attributes: (
    "XC_kAXXCAttributeElementType",
    "XC_kAXXCAttributeElementBaseType",
    "XC_kAXXCAttributeTraits",
    "XC_kAXXCAttributeAutomationType"
)
2026-08-21 01:48:15.380 Df Flagstone[64432:755ce] [com.apple.dt.xctest:Default] XCTPerformOnMainRunLoop[not MT]: about to CFRunLoopPerform
2026-08-21 01:48:15.380 Df Flagstone[64432:755ce] [com.apple.dt.xctest:Default] XCTPerformOnMainRunLoop[not MT]: waiting with 30.00s responsiveness timeout
2026-08-21 01:48:15.380 Df Flagstone[64432:6f572] [com.apple.dt.xctest:Default] XCTPerformOnMainRunLoop[MT]: inside CFRunLoopPerform
2026-08-21 01:48:15.380 Df Flagstone[64432:6f572] [com.apple.dt.xctest:Default] XCTPerformOnMainRunLoop[MT]: MT responded in time (won the race to the busy flag)
2026-08-21 01:48:15.380 Df Flagstone[64432:755ce] [com.apple.dt.xctest:Default] XCTPerformOnMainRunLoop[not MT]: waiting 60.00s for work to complete
2026-08-21 01:48:15.380 Df Flagstone[64432:6f572] [com.apple.dt.xctest:Default] Fetching AX attributes XC_kAXXCAttributeElementType, XC_kAXXCAttributeElementBaseType, XC_kAXXCAttributeTraits, XC_kAXXCAttributeAutomationType for App element pid: 64432
2026-08-21 01:48:15.381 Df Flagstone[64432:6f572] [com.apple.dt.xctest:Default] Got attributes, transferring to dictionary for return.
2026-08-21 01:48:15.381 Df Flagstone[64432:755ce] [com.apple.dt.xctest:Default] Replying with attribute values: {
    "XC_kAXXCAttributeAutomationType" = 1;
    "XC_kAXXCAttributeElementBaseType" = UIApplication;
    "XC_kAXXCAttributeElementType" = UIApplication;
    "XC_kAXXCAttributeTraits" = 0;
}
2026-08-21 01:48:15.384 Df Flagstone[64432:755ce] [com.apple.dt.xctest:Default] Received attributes request for element: App element pid: 64432. Attributes: (
    "XC_kAXXCAttributeWindowDisplayId"
)
2026-08-21 01:48:15.384 Df Flagstone[64432:755d3] [com.apple.dt.xctest:Default] XCTPerformOnMainRunLoop[not MT]: about to CFRunLoopPerform
2026-08-21 01:48:15.384 Df Flagstone[64432:755d3] [com.apple.dt.xctest:Default] XCTPerformOnMainRunLoop[not MT]: waiting with 30.00s responsiveness timeout
2026-08-21 01:48:15.384 Df Flagstone[64432:6f572] [com.apple.dt.xctest:Default] XCTPerformOnMainRunLoop[MT]: inside CFRunLoopPerform
2026-08-21 01:48:15.384 Df Flagstone[64432:6f572] [com.apple.dt.xctest:Default] XCTPerformOnMainRunLoop[MT]: MT responded in time (won the race to the busy flag)
2026-08-21 01:48:15.384 Df Flagstone[64432:755d3] [com.apple.dt.xctest:Default] XCTPerformOnMainRunLoop[not MT]: waiting 60.00s for work to complete
2026-08-21 01:48:15.384 Df Flagstone[64432:6f572] [com.apple.dt.xctest:Default] Fetching AX attributes XC_kAXXCAttributeWindowDisplayId for App element pid: 64432
2026-08-21 01:48:15.384 Df Flagstone[64432:6f572] [com.apple.dt.xctest:Default] Got attributes, transferring to dictionary for return.
2026-08-21 01:48:15.385 Df Flagstone[64432:755d3] [com.apple.dt.xctest:Default] Replying with attribute values: {
    "XC_kAXXCAttributeWindowDisplayId" = 0;
}
2026-08-21 01:48:15.395 Df Flagstone[64432:6f572] [com.apple.KeyboardArbiter:Client] TX focusApplication (peekAppEvent) stealKB:Y scene:com.accessmap.app-default
2026-08-21 01:48:15.395 Df Flagstone[64432:6f572] [com.apple.UIKit:EventDispatch] Evaluating dispatch of UIEvent: 0x106d1de00; type: 0; subtype: 0; backing type: 11; shouldSend: 1; ignoreInteractionEvents: 0, systemGestureStateChange: 0
2026-08-21 01:48:15.395 Df Flagstone[64432:6f572] [com.apple.UIKit:EventDispatch] Sending UIEvent type: 0; subtype: 0; to windows: 1
2026-08-21 01:48:15.395 Df Flagstone[64432:6f572] [com.apple.UIKit:EventDispatch] Sending UIEvent type: 0; subtype: 0; to window: <UIWindow: 0x106dd4400>; contextId: 0x82EC4B24
2026-08-21 01:48:15.396 Df Flagstone[64432:6f572] [com.apple.UIKit:EventDispatch] Evaluating dispatch of UIEvent: 0x106d1de00; type: 0; subtype: 0; backing type: 11; shouldSend: 0; ignoreInteractionEvents: 0, systemGestureStateChange: 0
2026-08-21 01:48:15.427 Df Flagstone[64432:6f572] [com.apple.UIKit:EventDispatch] Evaluating dispatch of UIEvent: 0x106d1de00; type: 0; subtype: 0; backing type: 11; shouldSend: 0; ignoreInteractionEvents: 0, systemGestureStateChange: 0
2026-08-21 01:48:15.443 Df Flagstone[64432:6f572] [com.apple.UIKit:EventDispatch] Evaluating dispatch of UIEvent: 0x106d1de00; type: 0; subtype: 0; backing type: 11; shouldSend: 0; ignoreInteractionEvents: 0, systemGestureStateChange: 0
2026-08-21 01:48:15.477 Df Flagstone[64432:6f572] [com.apple.UIKit:EventDispatch] Evaluating dispatch of UIEvent: 0x106d1de00; type: 0; subtype: 0; backing type: 11; shouldSend: 0; ignoreInteractionEvents: 0, systemGestureStateChange: 0
2026-08-21 01:48:15.493 Df Flagstone[64432:6f572] [com.apple.UIKit:EventDispatch] Evaluating dispatch of UIEvent: 0x106d1de00; type: 0; subtype: 0; backing type: 11; shouldSend: 0; ignoreInteractionEvents: 0, systemGestureStateChange: 0
2026-08-21 01:48:15.494 Df Flagstone[64432:6f572] [com.apple.UIKit:EventDispatch] Evaluating dispatch of UIEvent: 0x106d1de00; type: 0; subtype: 0; backing type: 11; shouldSend: 1; ignoreInteractionEvents: 0, systemGestureStateChange: 0
2026-08-21 01:48:15.494 Df Flagstone[64432:6f572] [com.apple.UIKit:EventDispatch] Sending UIEvent type: 0; subtype: 0; to windows: 1
2026-08-21 01:48:15.494 Df Flagstone[64432:6f572] [com.apple.UIKit:EventDispatch] Sending UIEvent type: 0; subtype: 0; to window: <UIWindow: 0x106dd4400>; contextId: 0x82EC4B24
2026-08-21 01:48:15.495 Df Flagstone[64432:6f572] [com.apple.UIKit:Feedback] generator <UISelectionFeedbackGenerator: 0x131800e40> cannot play feedback <nil: 0x0> (enabled=0)
2026-08-21 01:48:15.510 Df Flagstone[64432:6f572] [com.apple.UIKit:EventDispatch] Evaluating dispatch of UIEvent: 0x106d1de00; type: 0; subtype: 0; backing type: 11; shouldSend: 0; ignoreInteractionEvents: 0, systemGestureStateChange: 1
2026-08-21 01:48:15.510 A  Flagstone[64432:6f572] (UIKitCore) send gesture actions
2026-08-21 01:48:15.510 A  Flagstone[64432:6f572] (UIKitCore) send gesture actions
2026-08-21 01:48:15.609 Df Flagstone[64432:6f572] [com.apple.dt.xctest:Default] Sending animations idle reply with error: (null)
2026-08-21 01:48:15.609 Df Flagstone[64432:6f572] [com.apple.dt.xctest:Default] Sending animations idle reply with error: (null)
2026-08-21 01:48:15.609 Df Flagstone[64432:6f572] [com.apple.dt.xctest:Default] Sending animations idle reply with error: (null)
2026-08-21 01:48:15.699 Df Flagstone[64432:755d3] [com.apple.dt.xctest:Default] Received request to notify when the main run loop is idle
2026-08-21 01:48:15.699 Df Flagstone[64432:755d3] [com.apple.dt.xctest:Default] Idle notifier finished setting up run loop observer
2026-08-21 01:48:15.699 Df Flagstone[64432:6f572] [com.apple.dt.xctest:Default] Idle notifier run loop observer fired
2026-08-21 01:48:15.699 Df Flagstone[64432:6f572] [com.apple.dt.xctest:Default] Sending main run loop idle reply
2026-08-21 01:48:15.699 Df Flagstone[64432:755d3] [com.apple.dt.xctest:Default] Received request to notify when animations are idle
2026-08-21 01:48:15.699 Df Flagstone[64432:755d3] [com.apple.dt.xctest:Default] Sending animations idle reply with error: (null)
2026-08-21 01:48:19.968 Df Flagstone[64432:755ce] [com.apple.dt.xctest:Default] Received attributes request for element: App element pid: 64432. Attributes: (
    "XC_kAXXCAttributeFrame",
    "XC_kAXXCAttributeWindowDisplayId",
    "XC_kAXXCAttributeWindowContextId"
)
2026-08-21 01:48:19.968 Df Flagstone[64432:755ce] [com.apple.dt.xctest:Default] XCTPerformOnMainRunLoop[not MT]: about to CFRunLoopPerform
2026-08-21 01:48:19.968 Df Flagstone[64432:755ce] [com.apple.dt.xctest:Default] XCTPerformOnMainRunLoop[not MT]: waiting with 30.00s responsiveness timeout
2026-08-21 01:48:19.968 Df Flagstone[64432:6f572] [com.apple.dt.xctest:Default] XCTPerformOnMainRunLoop[MT]: inside CFRunLoopPerform
2026-08-21 01:48:19.968 Df Flagstone[64432:6f572] [com.apple.dt.xctest:Default] XCTPerformOnMainRunLoop[MT]: MT responded in time (won the race to the busy flag)
2026-08-21 01:48:19.968 Df Flagstone[64432:755ce] [com.apple.dt.xctest:Default] XCTPerformOnMainRunLoop[not MT]: waiting 60.00s for work to complete
2026-08-21 01:48:19.969 Df Flagstone[64432:6f572] [com.apple.dt.xctest:Default] Fetching AX attributes XC_kAXXCAttributeFrame, XC_kAXXCAttributeWindowDisplayId, XC_kAXXCAttributeWindowContextId for App element pid: 64432
2026-08-21 01:48:19.969 Df Flagstone[64432:6f572] [com.apple.dt.xctest:Default] Got attributes, transferring to dictionary for return.
2026-08-21 01:48:19.969 Df Flagstone[64432:755ce] [com.apple.dt.xctest:Default] Replying with attribute values: {
    "XC_kAXXCAttributeFrame" =     {
        Height = 844;
        Width = 390;
        X = 0;
        Y = 0;
    };
    "XC_kAXXCAttributeWindowContextId" = 2196523812;
    "XC_kAXXCAttributeWindowDisplayId" = 0;
}
2026-08-21 01:48:19.971 Df Flagstone[64432:755ce] [com.apple.dt.xctest:Default] Received attributes request for element: App element pid: 64432. Attributes: (
    "XC_kAXXCAttributeElementType",
    "XC_kAXXCAttributeElementBaseType",
    "XC_kAXXCAttributeTraits",
    "XC_kAXXCAttributeAutomationType"
)
2026-08-21 01:48:19.971 Df Flagstone[64432:755d3] [com.apple.dt.xctest:Default] XCTPerformOnMainRunLoop[not MT]: about to CFRunLoopPerform
2026-08-21 01:48:19.971 Df Flagstone[64432:755d3] [com.apple.dt.xctest:Default] XCTPerformOnMainRunLoop[not MT]: waiting with 30.00s responsiveness timeout
2026-08-21 01:48:19.971 Df Flagstone[64432:6f572] [com.apple.dt.xctest:Default] XCTPerformOnMainRunLoop[MT]: inside CFRunLoopPerform
2026-08-21 01:48:19.971 Df Flagstone[64432:6f572] [com.apple.dt.xctest:Default] XCTPerformOnMainRunLoop[MT]: MT responded in time (won the race to the busy flag)
2026-08-21 01:48:19.971 Df Flagstone[64432:755d3] [com.apple.dt.xctest:Default] XCTPerformOnMainRunLoop[not MT]: waiting 60.00s for work to complete
2026-08-21 01:48:19.971 Df Flagstone[64432:6f572] [com.apple.dt.xctest:Default] Fetching AX attributes XC_kAXXCAttributeElementType, XC_kAXXCAttributeElementBaseType, XC_kAXXCAttributeTraits, XC_kAXXCAttributeAutomationType for App element pid: 64432
2026-08-21 01:48:19.971 Df Flagstone[64432:6f572] [com.apple.dt.xctest:Default] Got attributes, transferring to dictionary for return.
2026-08-21 01:48:19.971 Df Flagstone[64432:755d3] [com.apple.dt.xctest:Default] Replying with attribute values: {
    "XC_kAXXCAttributeAutomationType" = 1;
    "XC_kAXXCAttributeElementBaseType" = UIApplication;
    "XC_kAXXCAttributeElementType" = UIApplication;
    "XC_kAXXCAttributeTraits" = 0;
}
2026-08-21 01:48:19.999 Df Flagstone[64432:755d3] [com.apple.dt.xctest:Default] Received attributes request for element: App element pid: 64432. Attributes: (
    "XC_kAXXCAttributeFrame",
    "XC_kAXXCAttributeWindowDisplayId",
    "XC_kAXXCAttributeWindowContextId"
)
2026-08-21 01:48:19.999 Df Flagstone[64432:755d3] [com.apple.dt.xctest:Default] XCTPerformOnMainRunLoop[not MT]: about to CFRunLoopPerform
2026-08-21 01:48:19.999 Df Flagstone[64432:755d3] [com.apple.dt.xctest:Default] XCTPerformOnMainRunLoop[not MT]: waiting with 30.00s responsiveness timeout
2026-08-21 01:48:19.999 Df Flagstone[64432:6f572] [com.apple.dt.xctest:Default] XCTPerformOnMainRunLoop[MT]: inside CFRunLoopPerform
2026-08-21 01:48:19.999 Df Flagstone[64432:6f572] [com.apple.dt.xctest:Default] XCTPerformOnMainRunLoop[MT]: MT responded in time (won the race to the busy flag)
2026-08-21 01:48:19.999 Df Flagstone[64432:755d3] [com.apple.dt.xctest:Default] XCTPerformOnMainRunLoop[not MT]: waiting 60.00s for work to complete
2026-08-21 01:48:19.999 Df Flagstone[64432:6f572] [com.apple.dt.xctest:Default] Fetching AX attributes XC_kAXXCAttributeFrame, XC_kAXXCAttributeWindowDisplayId, XC_kAXXCAttributeWindowContextId for App element pid: 64432
2026-08-21 01:48:19.999 Df Flagstone[64432:6f572] [com.apple.dt.xctest:Default] Got attributes, transferring to dictionary for return.
2026-08-21 01:48:19.999 Df Flagstone[64432:755d3] [com.apple.dt.xctest:Default] Replying with attribute values: {
    "XC_kAXXCAttributeFrame" =     {
        Height = 844;
        Width = 390;
        X = 0;
        Y = 0;
    };
    "XC_kAXXCAttributeWindowContextId" = 2196523812;
    "XC_kAXXCAttributeWindowDisplayId" = 0;
}
2026-08-21 01:48:20.002 Df Flagstone[64432:755d3] [com.apple.dt.xctest:Default] Received attributes request for element: App element pid: 64432. Attributes: (
    "XC_kAXXCAttributeElementType",
    "XC_kAXXCAttributeElementBaseType",
    "XC_kAXXCAttributeTraits",
    "XC_kAXXCAttributeAutomationType"
)
2026-08-21 01:48:20.002 Df Flagstone[64432:755ce] [com.apple.dt.xctest:Default] XCTPerformOnMainRunLoop[not MT]: about to CFRunLoopPerform
2026-08-21 01:48:20.002 Df Flagstone[64432:755ce] [com.apple.dt.xctest:Default] XCTPerformOnMainRunLoop[not MT]: waiting with 30.00s responsiveness timeout
2026-08-21 01:48:20.002 Df Flagstone[64432:6f572] [com.apple.dt.xctest:Default] XCTPerformOnMainRunLoop[MT]: inside CFRunLoopPerform
2026-08-21 01:48:20.002 Df Flagstone[64432:6f572] [com.apple.dt.xctest:Default] XCTPerformOnMainRunLoop[MT]: MT responded in time (won the race to the busy flag)
2026-08-21 01:48:20.003 Df Flagstone[64432:755ce] [com.apple.dt.xctest:Default] XCTPerformOnMainRunLoop[not MT]: waiting 60.00s for work to complete
2026-08-21 01:48:20.003 Df Flagstone[64432:6f572] [com.apple.dt.xctest:Default] Fetching AX attributes XC_kAXXCAttributeElementType, XC_kAXXCAttributeElementBaseType, XC_kAXXCAttributeTraits, XC_kAXXCAttributeAutomationType for App element pid: 64432
2026-08-21 01:48:20.003 Df Flagstone[64432:6f572] [com.apple.dt.xctest:Default] Got attributes, transferring to dictionary for return.
2026-08-21 01:48:20.003 Df Flagstone[64432:755ce] [com.apple.dt.xctest:Default] Replying with attribute values: {
    "XC_kAXXCAttributeAutomationType" = 1;
    "XC_kAXXCAttributeElementBaseType" = UIApplication;
    "XC_kAXXCAttributeElementType" = UIApplication;
    "XC_kAXXCAttributeTraits" = 0;
}
2026-08-21 01:48:20.006 Df Flagstone[64432:755ce] [com.apple.dt.xctest:Default] Received attributes request for element: App element pid: 64432. Attributes: (
    "XC_kAXXCAttributeWindowDisplayId"
)
2026-08-21 01:48:20.006 Df Flagstone[64432:755d3] [com.apple.dt.xctest:Default] XCTPerformOnMainRunLoop[not MT]: about to CFRunLoopPerform
2026-08-21 01:48:20.006 Df Flagstone[64432:755d3] [com.apple.dt.xctest:Default] XCTPerformOnMainRunLoop[not MT]: waiting with 30.00s responsiveness timeout
2026-08-21 01:48:20.006 Df Flagstone[64432:6f572] [com.apple.dt.xctest:Default] XCTPerformOnMainRunLoop[MT]: inside CFRunLoopPerform
2026-08-21 01:48:20.006 Df Flagstone[64432:6f572] [com.apple.dt.xctest:Default] XCTPerformOnMainRunLoop[MT]: MT responded in time (won the race to the busy flag)
2026-08-21 01:48:20.006 Df Flagstone[64432:755d3] [com.apple.dt.xctest:Default] XCTPerformOnMainRunLoop[not MT]: waiting 60.00s for work to complete
2026-08-21 01:48:20.006 Df Flagstone[64432:6f572] [com.apple.dt.xctest:Default] Fetching AX attributes XC_kAXXCAttributeWindowDisplayId for App element pid: 64432
2026-08-21 01:48:20.006 Df Flagstone[64432:6f572] [com.apple.dt.xctest:Default] Got attributes, transferring to dictionary for return.
2026-08-21 01:48:20.007 Df Flagstone[64432:755d3] [com.apple.dt.xctest:Default] Replying with attribute values: {
    "XC_kAXXCAttributeWindowDisplayId" = 0;
}
2026-08-21 01:48:20.023 Df Flagstone[64432:6f572] [com.apple.KeyboardArbiter:Client] TX focusApplication (peekAppEvent) stealKB:Y scene:com.accessmap.app-default
2026-08-21 01:48:20.024 Df Flagstone[64432:6f572] [com.apple.UIKit:EventDispatch] Evaluating dispatch of UIEvent: 0x106d1de00; type: 0; subtype: 0; backing type: 11; shouldSend: 1; ignoreInteractionEvents: 0, systemGestureStateChange: 0
2026-08-21 01:48:20.025 Df Flagstone[64432:6f572] [com.apple.UIKit:EventDispatch] Sending UIEvent type: 0; subtype: 0; to windows: 1
2026-08-21 01:48:20.025 Df Flagstone[64432:6f572] [com.apple.UIKit:EventDispatch] Sending UIEvent type: 0; subtype: 0; to window: <UIWindow: 0x106dd4400>; contextId: 0x82EC4B24
2026-08-21 01:48:20.030 Df Flagstone[64432:6f572] [com.apple.UIKit:EventDispatch] Evaluating dispatch of UIEvent: 0x106d1de00; type: 0; subtype: 0; backing type: 11; shouldSend: 0; ignoreInteractionEvents: 0, systemGestureStateChange: 0
2026-08-21 01:48:20.043 Df Flagstone[64432:6f572] [com.apple.UIKit:EventDispatch] Evaluating dispatch of UIEvent: 0x106d1de00; type: 0; subtype: 0; backing type: 11; shouldSend: 0; ignoreInteractionEvents: 0, systemGestureStateChange: 0
2026-08-21 01:48:20.060 Df Flagstone[64432:6f572] [com.apple.UIKit:EventDispatch] Evaluating dispatch of UIEvent: 0x106d1de00; type: 0; subtype: 0; backing type: 11; shouldSend: 0; ignoreInteractionEvents: 0, systemGestureStateChange: 0
2026-08-21 01:48:20.077 Df Flagstone[64432:6f572] [com.apple.UIKit:EventDispatch] Evaluating dispatch of UIEvent: 0x106d1de00; type: 0; subtype: 0; backing type: 11; shouldSend: 0; ignoreInteractionEvents: 0, systemGestureStateChange: 0
2026-08-21 01:48:20.094 Df Flagstone[64432:6f572] [com.apple.UIKit:EventDispatch] Evaluating dispatch of UIEvent: 0x106d1de00; type: 0; subtype: 0; backing type: 11; shouldSend: 0; ignoreInteractionEvents: 0, systemGestureStateChange: 0
2026-08-21 01:48:20.110 Df Flagstone[64432:6f572] [com.apple.UIKit:EventDispatch] Evaluating dispatch of UIEvent: 0x106d1de00; type: 0; subtype: 0; backing type: 11; shouldSend: 0; ignoreInteractionEvents: 0, systemGestureStateChange: 0
2026-08-21 01:48:20.127 Df Flagstone[64432:6f572] [com.apple.UIKit:EventDispatch] Evaluating dispatch of UIEvent: 0x106d1de00; type: 0; subtype: 0; backing type: 11; shouldSend: 1; ignoreInteractionEvents: 0, systemGestureStateChange: 0
2026-08-21 01:48:20.127 Df Flagstone[64432:6f572] [com.apple.UIKit:EventDispatch] Sending UIEvent type: 0; subtype: 0; to windows: 1
2026-08-21 01:48:20.127 Df Flagstone[64432:6f572] [com.apple.UIKit:EventDispatch] Sending UIEvent type: 0; subtype: 0; to window: <UIWindow: 0x106dd4400>; contextId: 0x82EC4B24
2026-08-21 01:48:20.129 Df Flagstone[64432:6f572] [com.apple.UIKit:Feedback] generator <UISelectionFeedbackGenerator: 0x131803cc0> cannot play feedback <nil: 0x0> (enabled=0)
2026-08-21 01:48:20.143 Df Flagstone[64432:6f572] [com.apple.UIKit:EventDispatch] Evaluating dispatch of UIEvent: 0x106d1de00; type: 0; subtype: 0; backing type: 11; shouldSend: 0; ignoreInteractionEvents: 0, systemGestureStateChange: 1
2026-08-21 01:48:20.144 A  Flagstone[64432:6f572] (UIKitCore) send gesture actions
2026-08-21 01:48:20.144 A  Flagstone[64432:6f572] (UIKitCore) send gesture actions
2026-08-21 01:48:20.341 Df Flagstone[64432:755d3] [com.apple.dt.xctest:Default] Received request to notify when the main run loop is idle
2026-08-21 01:48:20.341 Df Flagstone[64432:755d3] [com.apple.dt.xctest:Default] Idle notifier finished setting up run loop observer
2026-08-21 01:48:20.341 Df Flagstone[64432:6f572] [com.apple.dt.xctest:Default] Idle notifier run loop observer fired
2026-08-21 01:48:20.341 Df Flagstone[64432:6f572] [com.apple.dt.xctest:Default] Sending main run loop idle reply
2026-08-21 01:48:20.342 Df Flagstone[64432:755d3] [com.apple.dt.xctest:Default] Received request to notify when animations are idle
2026-08-21 01:48:27.182 Df Flagstone[64432:755ce] [com.apple.dt.xctest:Default] Received attributes request for element: App element pid: 64432. Attributes: (
    "XC_kAXXCAttributeFrame",
    "XC_kAXXCAttributeWindowDisplayId",
    "XC_kAXXCAttributeWindowContextId"
)
2026-08-21 01:48:27.182 Df Flagstone[64432:7585d] [com.apple.dt.xctest:Default] XCTPerformOnMainRunLoop[not MT]: about to CFRunLoopPerform
2026-08-21 01:48:27.182 Df Flagstone[64432:7585d] [com.apple.dt.xctest:Default] XCTPerformOnMainRunLoop[not MT]: waiting with 30.00s responsiveness timeout
2026-08-21 01:48:27.182 Df Flagstone[64432:6f572] [com.apple.dt.xctest:Default] XCTPerformOnMainRunLoop[MT]: inside CFRunLoopPerform
2026-08-21 01:48:27.182 Df Flagstone[64432:6f572] [com.apple.dt.xctest:Default] XCTPerformOnMainRunLoop[MT]: MT responded in time (won the race to the busy flag)
2026-08-21 01:48:27.182 Df Flagstone[64432:7585d] [com.apple.dt.xctest:Default] XCTPerformOnMainRunLoop[not MT]: waiting 60.00s for work to complete
2026-08-21 01:48:27.182 Df Flagstone[64432:6f572] [com.apple.dt.xctest:Default] Fetching AX attributes XC_kAXXCAttributeFrame, XC_kAXXCAttributeWindowDisplayId, XC_kAXXCAttributeWindowContextId for App element pid: 64432
2026-08-21 01:48:27.183 Df Flagstone[64432:6f572] [com.apple.dt.xctest:Default] Got attributes, transferring to dictionary for return.
2026-08-21 01:48:27.183 Df Flagstone[64432:7585d] [com.apple.dt.xctest:Default] Replying with attribute values: {
    "XC_kAXXCAttributeFrame" =     {
        Height = 844;
        Width = 390;
        X = 0;
        Y = 0;
    };
    "XC_kAXXCAttributeWindowContextId" = 2196523812;
    "XC_kAXXCAttributeWindowDisplayId" = 0;
}
2026-08-21 01:48:27.185 Df Flagstone[64432:7585d] [com.apple.dt.xctest:Default] Received attributes request for element: App element pid: 64432. Attributes: (
    "XC_kAXXCAttributeElementType",
    "XC_kAXXCAttributeElementBaseType",
    "XC_kAXXCAttributeTraits",
    "XC_kAXXCAttributeAutomationType"
)
2026-08-21 01:48:27.185 Df Flagstone[64432:755ce] [com.apple.dt.xctest:Default] XCTPerformOnMainRunLoop[not MT]: about to CFRunLoopPerform
2026-08-21 01:48:27.185 Df Flagstone[64432:755ce] [com.apple.dt.xctest:Default] XCTPerformOnMainRunLoop[not MT]: waiting with 30.00s responsiveness timeout
2026-08-21 01:48:27.185 Df Flagstone[64432:6f572] [com.apple.dt.xctest:Default] XCTPerformOnMainRunLoop[MT]: inside CFRunLoopPerform
2026-08-21 01:48:27.185 Df Flagstone[64432:6f572] [com.apple.dt.xctest:Default] XCTPerformOnMainRunLoop[MT]: MT responded in time (won the race to the busy flag)
2026-08-21 01:48:27.185 Df Flagstone[64432:755ce] [com.apple.dt.xctest:Default] XCTPerformOnMainRunLoop[not MT]: waiting 60.00s for work to complete
2026-08-21 01:48:27.185 Df Flagstone[64432:6f572] [com.apple.dt.xctest:Default] Fetching AX attributes XC_kAXXCAttributeElementType, XC_kAXXCAttributeElementBaseType, XC_kAXXCAttributeTraits, XC_kAXXCAttributeAutomationType for App element pid: 64432
2026-08-21 01:48:27.185 Df Flagstone[64432:6f572] [com.apple.dt.xctest:Default] Got attributes, transferring to dictionary for return.
2026-08-21 01:48:27.185 Df Flagstone[64432:755ce] [com.apple.dt.xctest:Default] Replying with attribute values: {
    "XC_kAXXCAttributeAutomationType" = 1;
    "XC_kAXXCAttributeElementBaseType" = UIApplication;
    "XC_kAXXCAttributeElementType" = UIApplication;
    "XC_kAXXCAttributeTraits" = 0;
}
2026-08-21 01:48:27.268 Df Flagstone[64432:755ce] [com.apple.dt.xctest:Default] Received attributes request for element: App element pid: 64432. Attributes: (
    "XC_kAXXCAttributeFrame",
    "XC_kAXXCAttributeWindowDisplayId",
    "XC_kAXXCAttributeWindowContextId"
)
2026-08-21 01:48:27.268 Df Flagstone[64432:7585d] [com.apple.dt.xctest:Default] XCTPerformOnMainRunLoop[not MT]: about to CFRunLoopPerform
2026-08-21 01:48:27.268 Df Flagstone[64432:6f572] [com.apple.dt.xctest:Default] XCTPerformOnMainRunLoop[MT]: inside CFRunLoopPerform
2026-08-21 01:48:27.268 Df Flagstone[64432:6f572] [com.apple.dt.xctest:Default] XCTPerformOnMainRunLoop[MT]: MT responded in time (won the race to the busy flag)
2026-08-21 01:48:27.268 Df Flagstone[64432:6f572] [com.apple.dt.xctest:Default] Fetching AX attributes XC_kAXXCAttributeFrame, XC_kAXXCAttributeWindowDisplayId, XC_kAXXCAttributeWindowContextId for App element pid: 64432
2026-08-21 01:48:27.268 Df Flagstone[64432:7585d] [com.apple.dt.xctest:Default] XCTPerformOnMainRunLoop[not MT]: waiting with 30.00s responsiveness timeout
2026-08-21 01:48:27.268 Df Flagstone[64432:7585d] [com.apple.dt.xctest:Default] XCTPerformOnMainRunLoop[not MT]: waiting 60.00s for work to complete
2026-08-21 01:48:27.268 Df Flagstone[64432:6f572] [com.apple.dt.xctest:Default] Got attributes, transferring to dictionary for return.
2026-08-21 01:48:27.268 Df Flagstone[64432:7585d] [com.apple.dt.xctest:Default] Replying with attribute values: {
    "XC_kAXXCAttributeFrame" =     {
        Height = 844;
        Width = 390;
        X = 0;
        Y = 0;
    };
    "XC_kAXXCAttributeWindowContextId" = 2196523812;
    "XC_kAXXCAttributeWindowDisplayId" = 0;
}
2026-08-21 01:48:27.273 Df Flagstone[64432:7585d] [com.apple.dt.xctest:Default] Received attributes request for element: App element pid: 64432. Attributes: (
    "XC_kAXXCAttributeElementType",
    "XC_kAXXCAttributeElementBaseType",
    "XC_kAXXCAttributeTraits",
    "XC_kAXXCAttributeAutomationType"
)
2026-08-21 01:48:27.273 Df Flagstone[64432:755ce] [com.apple.dt.xctest:Default] XCTPerformOnMainRunLoop[not MT]: about to CFRunLoopPerform
2026-08-21 01:48:27.273 Df Flagstone[64432:755ce] [com.apple.dt.xctest:Default] XCTPerformOnMainRunLoop[not MT]: waiting with 30.00s responsiveness timeout
2026-08-21 01:48:27.273 Df Flagstone[64432:6f572] [com.apple.dt.xctest:Default] XCTPerformOnMainRunLoop[MT]: inside CFRunLoopPerform
2026-08-21 01:48:27.273 Df Flagstone[64432:6f572] [com.apple.dt.xctest:Default] XCTPerformOnMainRunLoop[MT]: MT responded in time (won the race to the busy flag)
2026-08-21 01:48:27.273 Df Flagstone[64432:755ce] [com.apple.dt.xctest:Default] XCTPerformOnMainRunLoop[not MT]: waiting 60.00s for work to complete
2026-08-21 01:48:27.273 Df Flagstone[64432:6f572] [com.apple.dt.xctest:Default] Fetching AX attributes XC_kAXXCAttributeElementType, XC_kAXXCAttributeElementBaseType, XC_kAXXCAttributeTraits, XC_kAXXCAttributeAutomationType for App element pid: 64432
2026-08-21 01:48:27.273 Df Flagstone[64432:6f572] [com.apple.dt.xctest:Default] Got attributes, transferring to dictionary for return.
2026-08-21 01:48:27.273 Df Flagstone[64432:755ce] [com.apple.dt.xctest:Default] Replying with attribute values: {
    "XC_kAXXCAttributeAutomationType" = 1;
    "XC_kAXXCAttributeElementBaseType" = UIApplication;
    "XC_kAXXCAttributeElementType" = UIApplication;
    "XC_kAXXCAttributeTraits" = 0;
}
2026-08-21 01:48:27.276 Df Flagstone[64432:755ce] [com.apple.dt.xctest:Default] Received attributes request for element: App element pid: 64432. Attributes: (
    "XC_kAXXCAttributeWindowDisplayId"
)
2026-08-21 01:48:27.276 Df Flagstone[64432:7585d] [com.apple.dt.xctest:Default] XCTPerformOnMainRunLoop[not MT]: about to CFRunLoopPerform
2026-08-21 01:48:27.276 Df Flagstone[64432:7585d] [com.apple.dt.xctest:Default] XCTPerformOnMainRunLoop[not MT]: waiting with 30.00s responsiveness timeout
2026-08-21 01:48:27.276 Df Flagstone[64432:6f572] [com.apple.dt.xctest:Default] XCTPerformOnMainRunLoop[MT]: inside CFRunLoopPerform
2026-08-21 01:48:27.276 Df Flagstone[64432:6f572] [com.apple.dt.xctest:Default] XCTPerformOnMainRunLoop[MT]: MT responded in time (won the race to the busy flag)
2026-08-21 01:48:27.277 Df Flagstone[64432:6f572] [com.apple.dt.xctest:Default] Fetching AX attributes XC_kAXXCAttributeWindowDisplayId for App element pid: 64432
2026-08-21 01:48:27.277 Df Flagstone[64432:7585d] [com.apple.dt.xctest:Default] XCTPerformOnMainRunLoop[not MT]: waiting 60.00s for work to complete
2026-08-21 01:48:27.277 Df Flagstone[64432:6f572] [com.apple.dt.xctest:Default] Got attributes, transferring to dictionary for return.
2026-08-21 01:48:27.277 Df Flagstone[64432:7585d] [com.apple.dt.xctest:Default] Replying with attribute values: {
    "XC_kAXXCAttributeWindowDisplayId" = 0;
}
2026-08-21 01:48:27.366 Df Flagstone[64432:6f572] [com.apple.KeyboardArbiter:Client] TX focusApplication (peekAppEvent) stealKB:Y scene:com.accessmap.app-default
2026-08-21 01:48:27.367 Df Flagstone[64432:6f572] [com.apple.UIKit:EventDispatch] Evaluating dispatch of UIEvent: 0x106d1de00; type: 0; subtype: 0; backing type: 11; shouldSend: 1; ignoreInteractionEvents: 0, systemGestureStateChange: 0
2026-08-21 01:48:27.368 Df Flagstone[64432:6f572] [com.apple.UIKit:EventDispatch] Sending UIEvent type: 0; subtype: 0; to windows: 1
2026-08-21 01:48:27.368 Df Flagstone[64432:6f572] [com.apple.UIKit:EventDispatch] Sending UIEvent type: 0; subtype: 0; to window: <UIWindow: 0x106dd4400>; contextId: 0x82EC4B24
2026-08-21 01:48:27.374 Df Flagstone[64432:6f572] [com.apple.UIKit:EventDispatch] Evaluating dispatch of UIEvent: 0x106d1de00; type: 0; subtype: 0; backing type: 11; shouldSend: 0; ignoreInteractionEvents: 0, systemGestureStateChange: 0
2026-08-21 01:48:27.388 Df Flagstone[64432:6f572] [com.apple.UIKit:EventDispatch] Evaluating dispatch of UIEvent: 0x106d1de00; type: 0; subtype: 0; backing type: 11; shouldSend: 0; ignoreInteractionEvents: 0, systemGestureStateChange: 0
2026-08-21 01:48:27.410 Df Flagstone[64432:6f572] [com.apple.UIKit:EventDispatch] Evaluating dispatch of UIEvent: 0x106d1de00; type: 0; subtype: 0; backing type: 11; shouldSend: 0; ignoreInteractionEvents: 0, systemGestureStateChange: 0
2026-08-21 01:48:27.411 Df Flagstone[64432:6f572] [com.apple.UIKit:EventDispatch] Evaluating dispatch of UIEvent: 0x106d1de00; type: 0; subtype: 0; backing type: 11; shouldSend: 1; ignoreInteractionEvents: 0, systemGestureStateChange: 0
2026-08-21 01:48:27.411 Df Flagstone[64432:6f572] [com.apple.UIKit:EventDispatch] Sending UIEvent type: 0; subtype: 0; to windows: 1
2026-08-21 01:48:27.411 Df Flagstone[64432:6f572] [com.apple.UIKit:EventDispatch] Sending UIEvent type: 0; subtype: 0; to window: <UIWindow: 0x106dd4400>; contextId: 0x82EC4B24
2026-08-21 01:48:27.421 Df Flagstone[64432:6f572] [com.apple.UIKit:Feedback] generator <UISelectionFeedbackGenerator: 0x131803240> cannot play feedback <nil: 0x0> (enabled=0)
2026-08-21 01:48:27.427 Df Flagstone[64432:6f572] [com.apple.UIKit:EventDispatch] Evaluating dispatch of UIEvent: 0x106d1de00; type: 0; subtype: 0; backing type: 11; shouldSend: 0; ignoreInteractionEvents: 0, systemGestureStateChange: 1
2026-08-21 01:48:27.427 A  Flagstone[64432:6f572] (UIKitCore) send gesture actions
2026-08-21 01:48:27.428 A  Flagstone[64432:6f572] (UIKitCore) send gesture actions
2026-08-21 01:48:27.499 Df Flagstone[64432:75877] [com.apple.CFNetwork:Default] Task <0DB1DB00-3333-46C5-A279-DE1578AD5EF2>.<11> resuming, timeouts(0.0, 604800.0) qos(0x19) voucher((null)) activity(00000000-0000-0000-0000-000000000000)
2026-08-21 01:48:27.533 Df Flagstone[64432:75877] [com.apple.network:connection] [C5] event: client:connection_reused @446.895s
2026-08-21 01:48:27.546 Df Flagstone[64432:75877] [com.apple.network:connection] nw_protocol_socket_notify [C5.1.2.1:3] nw_protocol_notification_type_connection_idle is false
2026-08-21 01:48:27.553 Df Flagstone[64432:75877] [com.apple.CFNetwork:Default] Task <0DB1DB00-3333-46C5-A279-DE1578AD5EF2>.<11> now using Connection 5
2026-08-21 01:48:27.562 Df Flagstone[64432:75877] [com.apple.CFNetwork:Default] Task <0DB1DB00-3333-46C5-A279-DE1578AD5EF2>.<11> sent request, body N 0
2026-08-21 01:48:27.643 Df Flagstone[64432:755ce] [com.apple.CFNetwork:Default] Task <0DB1DB00-3333-46C5-A279-DE1578AD5EF2>.<11> received response, status 200 content K
2026-08-21 01:48:27.643 Df Flagstone[64432:755ce] [com.apple.CFNetwork:Default] Task <0DB1DB00-3333-46C5-A279-DE1578AD5EF2>.<11> done using Connection 5
2026-08-21 01:48:27.643 Df Flagstone[64432:755ce] [com.apple.network:connection] [C5] event: client:connection_idle @447.008s
2026-08-21 01:48:27.643 Df Flagstone[64432:755ce] [com.apple.network:connection] nw_protocol_socket_notify [C5.1.2.1:3] nw_protocol_notification_type_connection_idle is true
2026-08-21 01:48:27.645 Df Flagstone[64432:755ce] [com.apple.CFNetwork:Default] Task <0DB1DB00-3333-46C5-A279-DE1578AD5EF2>.<11> response ended
2026-08-21 01:48:27.646 Df Flagstone[64432:7585d] [com.apple.CFNetwork:Summary] Task <0DB1DB00-3333-46C5-A279-DE1578AD5EF2>.<11> summary for task success {transaction_duration_ms=136, response_status=200, connection=5, reused=1, reused_after_ms=29421, request_start_ms=44, request_duration_ms=8, response_start_ms=133, response_duration_ms=2, request_bytes=151, request_throughput_kbps=143, response_bytes=359, response_throughput_kbps=975, cache_hit=true}
2026-08-21 01:48:27.646 Df Flagstone[64432:7585d] [com.apple.CFNetwork:Default] Task <0DB1DB00-3333-46C5-A279-DE1578AD5EF2>.<11> finished successfully
2026-08-21 01:48:27.720 Df Flagstone[64432:75877] [com.apple.dt.xctest:Default] Received request to notify when the main run loop is idle
2026-08-21 01:48:27.720 Df Flagstone[64432:75877] [com.apple.dt.xctest:Default] Idle notifier finished setting up run loop observer
2026-08-21 01:48:27.720 Df Flagstone[64432:6f572] [com.apple.dt.xctest:Default] Idle notifier run loop observer fired
2026-08-21 01:48:27.720 Df Flagstone[64432:6f572] [com.apple.dt.xctest:Default] Sending main run loop idle reply
2026-08-21 01:48:27.724 Df Flagstone[64432:75877] [com.apple.dt.xctest:Default] Received request to notify when animations are idle
2026-08-21 01:48:39.023 Df Flagstone[64432:75877] [com.apple.dt.xctest:Default] Received attributes request for element: App element pid: 64432. Attributes: (
    "XC_kAXXCAttributeFrame",
    "XC_kAXXCAttributeWindowDisplayId",
    "XC_kAXXCAttributeWindowContextId"
)
2026-08-21 01:48:39.023 Df Flagstone[64432:75877] [com.apple.dt.xctest:Default] XCTPerformOnMainRunLoop[not MT]: about to CFRunLoopPerform
2026-08-21 01:48:39.023 Df Flagstone[64432:75877] [com.apple.dt.xctest:Default] XCTPerformOnMainRunLoop[not MT]: waiting with 30.00s responsiveness timeout
2026-08-21 01:48:39.023 Df Flagstone[64432:6f572] [com.apple.dt.xctest:Default] XCTPerformOnMainRunLoop[MT]: inside CFRunLoopPerform
2026-08-21 01:48:39.023 Df Flagstone[64432:6f572] [com.apple.dt.xctest:Default] XCTPerformOnMainRunLoop[MT]: MT responded in time (won the race to the busy flag)
2026-08-21 01:48:39.023 Df Flagstone[64432:75877] [com.apple.dt.xctest:Default] XCTPerformOnMainRunLoop[not MT]: waiting 60.00s for work to complete
2026-08-21 01:48:39.023 Df Flagstone[64432:6f572] [com.apple.dt.xctest:Default] Fetching AX attributes XC_kAXXCAttributeFrame, XC_kAXXCAttributeWindowDisplayId, XC_kAXXCAttributeWindowContextId for App element pid: 64432
2026-08-21 01:48:39.023 Df Flagstone[64432:6f572] [com.apple.dt.xctest:Default] Got attributes, transferring to dictionary for return.
2026-08-21 01:48:39.023 Df Flagstone[64432:75877] [com.apple.dt.xctest:Default] Replying with attribute values: {
    "XC_kAXXCAttributeFrame" =     {
        Height = 844;
        Width = 390;
        X = 0;
        Y = 0;
    };
    "XC_kAXXCAttributeWindowContextId" = 2196523812;
    "XC_kAXXCAttributeWindowDisplayId" = 0;
}
2026-08-21 01:48:39.025 Df Flagstone[64432:75877] [com.apple.dt.xctest:Default] Received attributes request for element: App element pid: 64432. Attributes: (
    "XC_kAXXCAttributeElementType",
    "XC_kAXXCAttributeElementBaseType",
    "XC_kAXXCAttributeTraits",
    "XC_kAXXCAttributeAutomationType"
)
2026-08-21 01:48:39.025 Df Flagstone[64432:759a0] [com.apple.dt.xctest:Default] XCTPerformOnMainRunLoop[not MT]: about to CFRunLoopPerform
2026-08-21 01:48:39.025 Df Flagstone[64432:759a0] [com.apple.dt.xctest:Default] XCTPerformOnMainRunLoop[not MT]: waiting with 30.00s responsiveness timeout
2026-08-21 01:48:39.025 Df Flagstone[64432:6f572] [com.apple.dt.xctest:Default] XCTPerformOnMainRunLoop[MT]: inside CFRunLoopPerform
2026-08-21 01:48:39.025 Df Flagstone[64432:6f572] [com.apple.dt.xctest:Default] XCTPerformOnMainRunLoop[MT]: MT responded in time (won the race to the busy flag)
2026-08-21 01:48:39.025 Df Flagstone[64432:759a0] [com.apple.dt.xctest:Default] XCTPerformOnMainRunLoop[not MT]: waiting 60.00s for work to complete
2026-08-21 01:48:39.025 Df Flagstone[64432:6f572] [com.apple.dt.xctest:Default] Fetching AX attributes XC_kAXXCAttributeElementType, XC_kAXXCAttributeElementBaseType, XC_kAXXCAttributeTraits, XC_kAXXCAttributeAutomationType for App element pid: 64432
2026-08-21 01:48:39.025 Df Flagstone[64432:6f572] [com.apple.dt.xctest:Default] Got attributes, transferring to dictionary for return.
2026-08-21 01:48:39.025 Df Flagstone[64432:759a0] [com.apple.dt.xctest:Default] Replying with attribute values: {
    "XC_kAXXCAttributeAutomationType" = 1;
    "XC_kAXXCAttributeElementBaseType" = UIApplication;
    "XC_kAXXCAttributeElementType" = UIApplication;
    "XC_kAXXCAttributeTraits" = 0;
}
2026-08-21 01:48:39.117 Df Flagstone[64432:759a0] [com.apple.dt.xctest:Default] Received attributes request for element: App element pid: 64432. Attributes: (
    "XC_kAXXCAttributeFrame",
    "XC_kAXXCAttributeWindowDisplayId",
    "XC_kAXXCAttributeWindowContextId"
)
2026-08-21 01:48:39.117 Df Flagstone[64432:759a0] [com.apple.dt.xctest:Default] XCTPerformOnMainRunLoop[not MT]: about to CFRunLoopPerform
2026-08-21 01:48:39.117 Df Flagstone[64432:759a0] [com.apple.dt.xctest:Default] XCTPerformOnMainRunLoop[not MT]: waiting with 30.00s responsiveness timeout
2026-08-21 01:48:39.117 Df Flagstone[64432:6f572] [com.apple.dt.xctest:Default] XCTPerformOnMainRunLoop[MT]: inside CFRunLoopPerform
2026-08-21 01:48:39.117 Df Flagstone[64432:6f572] [com.apple.dt.xctest:Default] XCTPerformOnMainRunLoop[MT]: MT responded in time (won the race to the busy flag)
2026-08-21 01:48:39.117 Df Flagstone[64432:759a0] [com.apple.dt.xctest:Default] XCTPerformOnMainRunLoop[not MT]: waiting 60.00s for work to complete
2026-08-21 01:48:39.117 Df Flagstone[64432:6f572] [com.apple.dt.xctest:Default] Fetching AX attributes XC_kAXXCAttributeFrame, XC_kAXXCAttributeWindowDisplayId, XC_kAXXCAttributeWindowContextId for App element pid: 64432
2026-08-21 01:48:39.117 Df Flagstone[64432:6f572] [com.apple.dt.xctest:Default] Got attributes, transferring to dictionary for return.
2026-08-21 01:48:39.117 Df Flagstone[64432:759a0] [com.apple.dt.xctest:Default] Replying with attribute values: {
    "XC_kAXXCAttributeFrame" =     {
        Height = 844;
        Width = 390;
        X = 0;
        Y = 0;
    };
    "XC_kAXXCAttributeWindowContextId" = 2196523812;
    "XC_kAXXCAttributeWindowDisplayId" = 0;
}
2026-08-21 01:48:39.119 Df Flagstone[64432:759a0] [com.apple.dt.xctest:Default] Received attributes request for element: App element pid: 64432. Attributes: (
    "XC_kAXXCAttributeElementType",
    "XC_kAXXCAttributeElementBaseType",
    "XC_kAXXCAttributeTraits",
    "XC_kAXXCAttributeAutomationType"
)
2026-08-21 01:48:39.119 Df Flagstone[64432:759a0] [com.apple.dt.xctest:Default] XCTPerformOnMainRunLoop[not MT]: about to CFRunLoopPerform
2026-08-21 01:48:39.119 Df Flagstone[64432:759a0] [com.apple.dt.xctest:Default] XCTPerformOnMainRunLoop[not MT]: waiting with 30.00s responsiveness timeout
2026-08-21 01:48:39.119 Df Flagstone[64432:6f572] [com.apple.dt.xctest:Default] XCTPerformOnMainRunLoop[MT]: inside CFRunLoopPerform
2026-08-21 01:48:39.119 Df Flagstone[64432:6f572] [com.apple.dt.xctest:Default] XCTPerformOnMainRunLoop[MT]: MT responded in time (won the race to the busy flag)
2026-08-21 01:48:39.119 Df Flagstone[64432:759a0] [com.apple.dt.xctest:Default] XCTPerformOnMainRunLoop[not MT]: waiting 60.00s for work to complete
2026-08-21 01:48:39.119 Df Flagstone[64432:6f572] [com.apple.dt.xctest:Default] Fetching AX attributes XC_kAXXCAttributeElementType, XC_kAXXCAttributeElementBaseType, XC_kAXXCAttributeTraits, XC_kAXXCAttributeAutomationType for App element pid: 64432
2026-08-21 01:48:39.119 Df Flagstone[64432:6f572] [com.apple.dt.xctest:Default] Got attributes, transferring to dictionary for return.
2026-08-21 01:48:39.119 Df Flagstone[64432:759a0] [com.apple.dt.xctest:Default] Replying with attribute values: {
    "XC_kAXXCAttributeAutomationType" = 1;
    "XC_kAXXCAttributeElementBaseType" = UIApplication;
    "XC_kAXXCAttributeElementType" = UIApplication;
    "XC_kAXXCAttributeTraits" = 0;
}
2026-08-21 01:48:39.122 Df Flagstone[64432:759a0] [com.apple.dt.xctest:Default] Received attributes request for element: App element pid: 64432. Attributes: (
    "XC_kAXXCAttributeWindowDisplayId"
)
2026-08-21 01:48:39.122 Df Flagstone[64432:759a0] [com.apple.dt.xctest:Default] XCTPerformOnMainRunLoop[not MT]: about to CFRunLoopPerform
2026-08-21 01:48:39.122 Df Flagstone[64432:759a0] [com.apple.dt.xctest:Default] XCTPerformOnMainRunLoop[not MT]: waiting with 30.00s responsiveness timeout
2026-08-21 01:48:39.122 Df Flagstone[64432:6f572] [com.apple.dt.xctest:Default] XCTPerformOnMainRunLoop[MT]: inside CFRunLoopPerform
2026-08-21 01:48:39.122 Df Flagstone[64432:6f572] [com.apple.dt.xctest:Default] XCTPerformOnMainRunLoop[MT]: MT responded in time (won the race to the busy flag)
2026-08-21 01:48:39.122 Df Flagstone[64432:759a0] [com.apple.dt.xctest:Default] XCTPerformOnMainRunLoop[not MT]: waiting 60.00s for work to complete
2026-08-21 01:48:39.122 Df Flagstone[64432:6f572] [com.apple.dt.xctest:Default] Fetching AX attributes XC_kAXXCAttributeWindowDisplayId for App element pid: 64432
2026-08-21 01:48:39.122 Df Flagstone[64432:6f572] [com.apple.dt.xctest:Default] Got attributes, transferring to dictionary for return.
2026-08-21 01:48:39.122 Df Flagstone[64432:759a0] [com.apple.dt.xctest:Default] Replying with attribute values: {
    "XC_kAXXCAttributeWindowDisplayId" = 0;
}
2026-08-21 01:48:39.136 Df Flagstone[64432:6f572] [com.apple.KeyboardArbiter:Client] TX focusApplication (peekAppEvent) stealKB:Y scene:com.accessmap.app-default
2026-08-21 01:48:39.137 Df Flagstone[64432:6f572] [com.apple.UIKit:EventDispatch] Evaluating dispatch of UIEvent: 0x106d1de00; type: 0; subtype: 0; backing type: 11; shouldSend: 1; ignoreInteractionEvents: 0, systemGestureStateChange: 0
2026-08-21 01:48:39.137 Df Flagstone[64432:6f572] [com.apple.UIKit:EventDispatch] Sending UIEvent type: 0; subtype: 0; to windows: 1
2026-08-21 01:48:39.137 Df Flagstone[64432:6f572] [com.apple.UIKit:EventDispatch] Sending UIEvent type: 0; subtype: 0; to window: <UIWindow: 0x106dd4400>; contextId: 0x82EC4B24
2026-08-21 01:48:39.144 Df Flagstone[64432:6f572] [com.apple.UIKit:EventDispatch] Evaluating dispatch of UIEvent: 0x106d1de00; type: 0; subtype: 0; backing type: 11; shouldSend: 0; ignoreInteractionEvents: 0, systemGestureStateChange: 0
2026-08-21 01:48:39.160 Df Flagstone[64432:6f572] [com.apple.UIKit:EventDispatch] Evaluating dispatch of UIEvent: 0x106d1de00; type: 0; subtype: 0; backing type: 11; shouldSend: 0; ignoreInteractionEvents: 0, systemGestureStateChange: 0
2026-08-21 01:48:39.177 Df Flagstone[64432:6f572] [com.apple.UIKit:EventDispatch] Evaluating dispatch of UIEvent: 0x106d1de00; type: 0; subtype: 0; backing type: 11; shouldSend: 0; ignoreInteractionEvents: 0, systemGestureStateChange: 0
2026-08-21 01:48:39.194 Df Flagstone[64432:6f572] [com.apple.UIKit:EventDispatch] Evaluating dispatch of UIEvent: 0x106d1de00; type: 0; subtype: 0; backing type: 11; shouldSend: 0; ignoreInteractionEvents: 0, systemGestureStateChange: 0
2026-08-21 01:48:39.210 Df Flagstone[64432:6f572] [com.apple.UIKit:EventDispatch] Evaluating dispatch of UIEvent: 0x106d1de00; type: 0; subtype: 0; backing type: 11; shouldSend: 0; ignoreInteractionEvents: 0, systemGestureStateChange: 0
2026-08-21 01:48:39.227 Df Flagstone[64432:6f572] [com.apple.UIKit:EventDispatch] Evaluating dispatch of UIEvent: 0x106d1de00; type: 0; subtype: 0; backing type: 11; shouldSend: 0; ignoreInteractionEvents: 0, systemGestureStateChange: 0
2026-08-21 01:48:39.227 Df Flagstone[64432:6f572] [com.apple.UIKit:EventDispatch] Evaluating dispatch of UIEvent: 0x106d1de00; type: 0; subtype: 0; backing type: 11; shouldSend: 1; ignoreInteractionEvents: 0, systemGestureStateChange: 0
2026-08-21 01:48:39.227 Df Flagstone[64432:6f572] [com.apple.UIKit:EventDispatch] Sending UIEvent type: 0; subtype: 0; to windows: 1
2026-08-21 01:48:39.227 Df Flagstone[64432:6f572] [com.apple.UIKit:EventDispatch] Sending UIEvent type: 0; subtype: 0; to window: <UIWindow: 0x106dd4400>; contextId: 0x82EC4B24
2026-08-21 01:48:39.229 Df Flagstone[64432:6f572] [com.apple.UIKit:EventDispatch] Evaluating dispatch of UIEvent: 0x106d1de00; type: 0; subtype: 0; backing type: 11; shouldSend: 0; ignoreInteractionEvents: 0, systemGestureStateChange: 1
2026-08-21 01:48:39.229 A  Flagstone[64432:6f572] (UIKitCore) send gesture actions
2026-08-21 01:48:39.229 A  Flagstone[64432:6f572] (UIKitCore) send gesture actions
2026-08-21 01:48:39.432 Df Flagstone[64432:75877] [com.apple.dt.xctest:Default] Received request to notify when the main run loop is idle
2026-08-21 01:48:39.432 Df Flagstone[64432:75877] [com.apple.dt.xctest:Default] Idle notifier finished setting up run loop observer
2026-08-21 01:48:39.432 Df Flagstone[64432:6f572] [com.apple.dt.xctest:Default] Idle notifier run loop observer fired
2026-08-21 01:48:39.432 Df Flagstone[64432:6f572] [com.apple.dt.xctest:Default] Sending main run loop idle reply
2026-08-21 01:48:39.433 Df Flagstone[64432:75877] [com.apple.dt.xctest:Default] Received request to notify when animations are idle
2026-08-21 01:48:44.906 Df Flagstone[64432:75877] [com.apple.dt.xctest:Default] Received attributes request for element: App element pid: 64432. Attributes: (
    "XC_kAXXCAttributeFrame",
    "XC_kAXXCAttributeWindowDisplayId",
    "XC_kAXXCAttributeWindowContextId"
)
2026-08-21 01:48:44.906 Df Flagstone[64432:75877] [com.apple.dt.xctest:Default] XCTPerformOnMainRunLoop[not MT]: about to CFRunLoopPerform
2026-08-21 01:48:44.906 Df Flagstone[64432:75877] [com.apple.dt.xctest:Default] XCTPerformOnMainRunLoop[not MT]: waiting with 30.00s responsiveness timeout
2026-08-21 01:48:44.906 Df Flagstone[64432:6f572] [com.apple.dt.xctest:Default] XCTPerformOnMainRunLoop[MT]: inside CFRunLoopPerform
2026-08-21 01:48:44.906 Df Flagstone[64432:6f572] [com.apple.dt.xctest:Default] XCTPerformOnMainRunLoop[MT]: MT responded in time (won the race to the busy flag)
2026-08-21 01:48:44.906 Df Flagstone[64432:75877] [com.apple.dt.xctest:Default] XCTPerformOnMainRunLoop[not MT]: waiting 60.00s for work to complete
2026-08-21 01:48:44.906 Df Flagstone[64432:6f572] [com.apple.dt.xctest:Default] Fetching AX attributes XC_kAXXCAttributeFrame, XC_kAXXCAttributeWindowDisplayId, XC_kAXXCAttributeWindowContextId for App element pid: 64432
2026-08-21 01:48:44.906 Df Flagstone[64432:6f572] [com.apple.dt.xctest:Default] Got attributes, transferring to dictionary for return.
2026-08-21 01:48:44.906 Df Flagstone[64432:75877] [com.apple.dt.xctest:Default] Replying with attribute values: {
    "XC_kAXXCAttributeFrame" =     {
        Height = 844;
        Width = 390;
        X = 0;
        Y = 0;
    };
    "XC_kAXXCAttributeWindowContextId" = 2196523812;
    "XC_kAXXCAttributeWindowDisplayId" = 0;
}
2026-08-21 01:48:44.908 Df Flagstone[64432:75877] [com.apple.dt.xctest:Default] Received attributes request for element: App element pid: 64432. Attributes: (
    "XC_kAXXCAttributeElementType",
    "XC_kAXXCAttributeElementBaseType",
    "XC_kAXXCAttributeTraits",
    "XC_kAXXCAttributeAutomationType"
)
2026-08-21 01:48:44.908 Df Flagstone[64432:759a0] [com.apple.dt.xctest:Default] XCTPerformOnMainRunLoop[not MT]: about to CFRunLoopPerform
2026-08-21 01:48:44.908 Df Flagstone[64432:759a0] [com.apple.dt.xctest:Default] XCTPerformOnMainRunLoop[not MT]: waiting with 30.00s responsiveness timeout
2026-08-21 01:48:44.908 Df Flagstone[64432:6f572] [com.apple.dt.xctest:Default] XCTPerformOnMainRunLoop[MT]: inside CFRunLoopPerform
2026-08-21 01:48:44.908 Df Flagstone[64432:6f572] [com.apple.dt.xctest:Default] XCTPerformOnMainRunLoop[MT]: MT responded in time (won the race to the busy flag)
2026-08-21 01:48:44.908 Df Flagstone[64432:759a0] [com.apple.dt.xctest:Default] XCTPerformOnMainRunLoop[not MT]: waiting 60.00s for work to complete
2026-08-21 01:48:44.908 Df Flagstone[64432:6f572] [com.apple.dt.xctest:Default] Fetching AX attributes XC_kAXXCAttributeElementType, XC_kAXXCAttributeElementBaseType, XC_kAXXCAttributeTraits, XC_kAXXCAttributeAutomationType for App element pid: 64432
2026-08-21 01:48:44.908 Df Flagstone[64432:6f572] [com.apple.dt.xctest:Default] Got attributes, transferring to dictionary for return.
2026-08-21 01:48:44.908 Df Flagstone[64432:759a0] [com.apple.dt.xctest:Default] Replying with attribute values: {
    "XC_kAXXCAttributeAutomationType" = 1;
    "XC_kAXXCAttributeElementBaseType" = UIApplication;
    "XC_kAXXCAttributeElementType" = UIApplication;
    "XC_kAXXCAttributeTraits" = 0;
}
2026-08-21 01:48:44.986 Df Flagstone[64432:759a0] [com.apple.dt.xctest:Default] Received attributes request for element: App element pid: 64432. Attributes: (
    "XC_kAXXCAttributeFrame",
    "XC_kAXXCAttributeWindowDisplayId",
    "XC_kAXXCAttributeWindowContextId"
)
2026-08-21 01:48:44.986 Df Flagstone[64432:759a0] [com.apple.dt.xctest:Default] XCTPerformOnMainRunLoop[not MT]: about to CFRunLoopPerform
2026-08-21 01:48:44.986 Df Flagstone[64432:759a0] [com.apple.dt.xctest:Default] XCTPerformOnMainRunLoop[not MT]: waiting with 30.00s responsiveness timeout
2026-08-21 01:48:44.986 Df Flagstone[64432:6f572] [com.apple.dt.xctest:Default] XCTPerformOnMainRunLoop[MT]: inside CFRunLoopPerform
2026-08-21 01:48:44.986 Df Flagstone[64432:6f572] [com.apple.dt.xctest:Default] XCTPerformOnMainRunLoop[MT]: MT responded in time (won the race to the busy flag)
2026-08-21 01:48:44.986 Df Flagstone[64432:759a0] [com.apple.dt.xctest:Default] XCTPerformOnMainRunLoop[not MT]: waiting 60.00s for work to complete
2026-08-21 01:48:44.986 Df Flagstone[64432:6f572] [com.apple.dt.xctest:Default] Fetching AX attributes XC_kAXXCAttributeFrame, XC_kAXXCAttributeWindowDisplayId, XC_kAXXCAttributeWindowContextId for App element pid: 64432
2026-08-21 01:48:44.986 Df Flagstone[64432:6f572] [com.apple.dt.xctest:Default] Got attributes, transferring to dictionary for return.
2026-08-21 01:48:44.986 Df Flagstone[64432:759a0] [com.apple.dt.xctest:Default] Replying with attribute values: {
    "XC_kAXXCAttributeFrame" =     {
        Height = 844;
        Width = 390;
        X = 0;
        Y = 0;
    };
    "XC_kAXXCAttributeWindowContextId" = 2196523812;
    "XC_kAXXCAttributeWindowDisplayId" = 0;
}
2026-08-21 01:48:44.988 Df Flagstone[64432:759a0] [com.apple.dt.xctest:Default] Received attributes request for element: App element pid: 64432. Attributes: (
    "XC_kAXXCAttributeElementType",
    "XC_kAXXCAttributeElementBaseType",
    "XC_kAXXCAttributeTraits",
    "XC_kAXXCAttributeAutomationType"
)
2026-08-21 01:48:44.988 Df Flagstone[64432:759a0] [com.apple.dt.xctest:Default] XCTPerformOnMainRunLoop[not MT]: about to CFRunLoopPerform
2026-08-21 01:48:44.988 Df Flagstone[64432:759a0] [com.apple.dt.xctest:Default] XCTPerformOnMainRunLoop[not MT]: waiting with 30.00s responsiveness timeout
2026-08-21 01:48:44.988 Df Flagstone[64432:6f572] [com.apple.dt.xctest:Default] XCTPerformOnMainRunLoop[MT]: inside CFRunLoopPerform
2026-08-21 01:48:44.988 Df Flagstone[64432:6f572] [com.apple.dt.xctest:Default] XCTPerformOnMainRunLoop[MT]: MT responded in time (won the race to the busy flag)
2026-08-21 01:48:44.988 Df Flagstone[64432:759a0] [com.apple.dt.xctest:Default] XCTPerformOnMainRunLoop[not MT]: waiting 60.00s for work to complete
2026-08-21 01:48:44.988 Df Flagstone[64432:6f572] [com.apple.dt.xctest:Default] Fetching AX attributes XC_kAXXCAttributeElementType, XC_kAXXCAttributeElementBaseType, XC_kAXXCAttributeTraits, XC_kAXXCAttributeAutomationType for App element pid: 64432
2026-08-21 01:48:44.988 Df Flagstone[64432:6f572] [com.apple.dt.xctest:Default] Got attributes, transferring to dictionary for return.
2026-08-21 01:48:44.988 Df Flagstone[64432:759a0] [com.apple.dt.xctest:Default] Replying with attribute values: {
    "XC_kAXXCAttributeAutomationType" = 1;
    "XC_kAXXCAttributeElementBaseType" = UIApplication;
    "XC_kAXXCAttributeElementType" = UIApplication;
    "XC_kAXXCAttributeTraits" = 0;
}
2026-08-21 01:48:44.990 Df Flagstone[64432:759a0] [com.apple.dt.xctest:Default] Received attributes request for element: App element pid: 64432. Attributes: (
    "XC_kAXXCAttributeWindowDisplayId"
)
2026-08-21 01:48:44.990 Df Flagstone[64432:759a0] [com.apple.dt.xctest:Default] XCTPerformOnMainRunLoop[not MT]: about to CFRunLoopPerform
2026-08-21 01:48:44.990 Df Flagstone[64432:759a0] [com.apple.dt.xctest:Default] XCTPerformOnMainRunLoop[not MT]: waiting with 30.00s responsiveness timeout
2026-08-21 01:48:44.990 Df Flagstone[64432:6f572] [com.apple.dt.xctest:Default] XCTPerformOnMainRunLoop[MT]: inside CFRunLoopPerform
2026-08-21 01:48:44.990 Df Flagstone[64432:6f572] [com.apple.dt.xctest:Default] XCTPerformOnMainRunLoop[MT]: MT responded in time (won the race to the busy flag)
2026-08-21 01:48:44.990 Df Flagstone[64432:759a0] [com.apple.dt.xctest:Default] XCTPerformOnMainRunLoop[not MT]: waiting 60.00s for work to complete
2026-08-21 01:48:44.990 Df Flagstone[64432:6f572] [com.apple.dt.xctest:Default] Fetching AX attributes XC_kAXXCAttributeWindowDisplayId for App element pid: 64432
2026-08-21 01:48:44.990 Df Flagstone[64432:6f572] [com.apple.dt.xctest:Default] Got attributes, transferring to dictionary for return.
2026-08-21 01:48:44.990 Df Flagstone[64432:759a0] [com.apple.dt.xctest:Default] Replying with attribute values: {
    "XC_kAXXCAttributeWindowDisplayId" = 0;
}
2026-08-21 01:48:45.000 Df Flagstone[64432:6f572] [com.apple.KeyboardArbiter:Client] TX focusApplication (peekAppEvent) stealKB:Y scene:com.accessmap.app-default
2026-08-21 01:48:45.000 Df Flagstone[64432:6f572] [com.apple.UIKit:EventDispatch] Evaluating dispatch of UIEvent: 0x106d1de00; type: 0; subtype: 0; backing type: 11; shouldSend: 1; ignoreInteractionEvents: 0, systemGestureStateChange: 0
2026-08-21 01:48:45.000 Df Flagstone[64432:6f572] [com.apple.UIKit:EventDispatch] Sending UIEvent type: 0; subtype: 0; to windows: 1
2026-08-21 01:48:45.000 Df Flagstone[64432:6f572] [com.apple.UIKit:EventDispatch] Sending UIEvent type: 0; subtype: 0; to window: <UIWindow: 0x106dd4400>; contextId: 0x82EC4B24
2026-08-21 01:48:45.001 Df Flagstone[64432:6f572] [com.apple.UIKit:EventDispatch] Evaluating dispatch of UIEvent: 0x106d1de00; type: 0; subtype: 0; backing type: 11; shouldSend: 0; ignoreInteractionEvents: 0, systemGestureStateChange: 0
2026-08-21 01:48:45.010 Df Flagstone[64432:6f572] [com.apple.UIKit:EventDispatch] Evaluating dispatch of UIEvent: 0x106d1de00; type: 0; subtype: 0; backing type: 11; shouldSend: 0; ignoreInteractionEvents: 0, systemGestureStateChange: 0
2026-08-21 01:48:45.027 Df Flagstone[64432:6f572] [com.apple.UIKit:EventDispatch] Evaluating dispatch of UIEvent: 0x106d1de00; type: 0; subtype: 0; backing type: 11; shouldSend: 0; ignoreInteractionEvents: 0, systemGestureStateChange: 0
2026-08-21 01:48:45.044 Df Flagstone[64432:6f572] [com.apple.UIKit:EventDispatch] Evaluating dispatch of UIEvent: 0x106d1de00; type: 0; subtype: 0; backing type: 11; shouldSend: 0; ignoreInteractionEvents: 0, systemGestureStateChange: 0
2026-08-21 01:48:45.060 Df Flagstone[64432:6f572] [com.apple.UIKit:EventDispatch] Evaluating dispatch of UIEvent: 0x106d1de00; type: 0; subtype: 0; backing type: 11; shouldSend: 0; ignoreInteractionEvents: 0, systemGestureStateChange: 0
2026-08-21 01:48:45.077 Df Flagstone[64432:6f572] [com.apple.UIKit:EventDispatch] Evaluating dispatch of UIEvent: 0x106d1de00; type: 0; subtype: 0; backing type: 11; shouldSend: 0; ignoreInteractionEvents: 0, systemGestureStateChange: 0
2026-08-21 01:48:45.094 Df Flagstone[64432:6f572] [com.apple.UIKit:EventDispatch] Evaluating dispatch of UIEvent: 0x106d1de00; type: 0; subtype: 0; backing type: 11; shouldSend: 0; ignoreInteractionEvents: 0, systemGestureStateChange: 0
2026-08-21 01:48:45.094 Df Flagstone[64432:6f572] [com.apple.UIKit:EventDispatch] Evaluating dispatch of UIEvent: 0x106d1de00; type: 0; subtype: 0; backing type: 11; shouldSend: 1; ignoreInteractionEvents: 0, systemGestureStateChange: 0
2026-08-21 01:48:45.094 Df Flagstone[64432:6f572] [com.apple.UIKit:EventDispatch] Sending UIEvent type: 0; subtype: 0; to windows: 1
2026-08-21 01:48:45.094 Df Flagstone[64432:6f572] [com.apple.UIKit:EventDispatch] Sending UIEvent type: 0; subtype: 0; to window: <UIWindow: 0x106dd4400>; contextId: 0x82EC4B24
2026-08-21 01:48:45.099 Df Flagstone[64432:6f572] [com.apple.UIKit:Feedback] generator <UISelectionFeedbackGenerator: 0x132b00c00> cannot play feedback <nil: 0x0> (enabled=0)
2026-08-21 01:48:45.110 Df Flagstone[64432:6f572] [com.apple.UIKit:EventDispatch] Evaluating dispatch of UIEvent: 0x106d1de00; type: 0; subtype: 0; backing type: 11; shouldSend: 0; ignoreInteractionEvents: 0, systemGestureStateChange: 1
2026-08-21 01:48:45.110 A  Flagstone[64432:6f572] (UIKitCore) send gesture actions
2026-08-21 01:48:45.110 A  Flagstone[64432:6f572] (UIKitCore) send gesture actions
2026-08-21 01:48:45.256 Df Flagstone[64432:6f572] [com.apple.dt.xctest:Default] Sending animations idle reply with error: (null)
2026-08-21 01:48:45.256 Df Flagstone[64432:6f572] [com.apple.dt.xctest:Default] Sending animations idle reply with error: (null)
2026-08-21 01:48:45.256 Df Flagstone[64432:6f572] [com.apple.dt.xctest:Default] Sending animations idle reply with error: (null)
2026-08-21 01:48:45.322 Df Flagstone[64432:759a0] [com.apple.dt.xctest:Default] Received request to notify when the main run loop is idle
2026-08-21 01:48:45.322 Df Flagstone[64432:759a0] [com.apple.dt.xctest:Default] Idle notifier finished setting up run loop observer
2026-08-21 01:48:45.322 Df Flagstone[64432:6f572] [com.apple.dt.xctest:Default] Idle notifier run loop observer fired
2026-08-21 01:48:45.322 Df Flagstone[64432:6f572] [com.apple.dt.xctest:Default] Sending main run loop idle reply
2026-08-21 01:48:45.322 Df Flagstone[64432:759a0] [com.apple.dt.xctest:Default] Received request to notify when animations are idle
2026-08-21 01:48:45.322 Df Flagstone[64432:759a0] [com.apple.dt.xctest:Default] Sending animations idle reply with error: (null)
2026-08-21 01:49:02.362 Df Flagstone[64432:6f572] [com.apple.runningboard:connection] Creating side-channel connection to com.apple.runningboard
2026-08-21 01:49:02.363 Df Flagstone[64432:6f572] [com.apple.xpc:connection] [0x12b23a080] activating connection: mach=true listener=false peer=false name=com.apple.runningboard
2026-08-21 01:49:02.365 Df Flagstone[64432:6f572] [com.apple.runningboard:process] Hit the server for a process handle 1356c6970000fbb0 that resolved to: [app<com.accessmap.app((null))>:64432]
2026-08-21 01:49:02.369 Df Flagstone[64432:6f572] [com.apple.UIKit:AppLifecycle] sceneOfRecord: sceneID: sceneID:com.accessmap.app-default  persistentID: AE1D67B8-6BBD-4698-9E3C-597A0C367329
2026-08-21 01:49:02.369 Df Flagstone[64432:6f572] [com.apple.UIKit:InterfaceStyle] Scene did update interface style to 2, <UIWindowScene: 0x10a054600> (AE1D67B8-6BBD-4698-9E3C-597A0C367329)
2026-08-21 01:49:02.443 Df Flagstone[64432:6f572] [com.apple.UIKit:InterfaceStyle] Not push traits update to screen for new style 2, <UIWindowScene: 0x10a054600> (AE1D67B8-6BBD-4698-9E3C-597A0C367329)
2026-08-21 01:49:02.455 Df Flagstone[64432:6f572] [com.apple.UIKit:InterfaceStyle] Push traits update to screen for new style 2, <UIWindowScene: 0x10a054600> (AE1D67B8-6BBD-4698-9E3C-597A0C367329)
2026-08-21 01:49:02.460 Df Flagstone[64432:6f572] [com.apple.UIKit:AppLifecycle] sceneOfRecord: sceneID: sceneID:com.accessmap.app-default  persistentID: AE1D67B8-6BBD-4698-9E3C-597A0C367329
2026-08-21 01:49:02.713 A  Flagstone[64432:75c16] (Metal) Metal Compiling Shader
2026-08-21 01:49:02.826 A  Flagstone[64432:759b3] (Metal) Metal Compiling Shader
2026-08-21 01:49:03.247 E  Flagstone[64432:6f572] [com.apple.dt.xctest:Default] Unexpectedly received animationDidStop without a matching animationDidStart. Monitoring for idle animations may no longer function correctly.
2026-08-21 01:49:03.252 E  Flagstone[64432:6f572] [com.apple.dt.xctest:Default] Unexpectedly received animationDidStop without a matching animationDidStart. Monitoring for idle animations may no longer function correctly.
2026-08-21 01:49:03.331 E  Flagstone[64432:6f572] [com.apple.dt.xctest:Default] Unexpectedly received animationDidStop without a matching animationDidStart. Monitoring for idle animations may no longer function correctly.
2026-08-21 01:49:03.331 E  Flagstone[64432:6f572] [com.apple.dt.xctest:Default] Unexpectedly received animationDidStop without a matching animationDidStart. Monitoring for idle animations may no longer function correctly.
2026-08-21 01:49:03.331 E  Flagstone[64432:6f572] [com.apple.dt.xctest:Default] Unexpectedly received animationDidStop without a matching animationDidStart. Monitoring for idle animations may no longer function correctly.
2026-08-21 01:49:03.331 E  Flagstone[64432:6f572] [com.apple.dt.xctest:Default] Unexpectedly received animationDidStop without a matching animationDidStart. Monitoring for idle animations may no longer function correctly.
2026-08-21 01:49:03.331 E  Flagstone[64432:6f572] [com.apple.dt.xctest:Default] Unexpectedly received animationDidStop without a matching animationDidStart. Monitoring for idle animations may no longer function correctly.
2026-08-21 01:49:03.331 E  Flagstone[64432:6f572] [com.apple.dt.xctest:Default] Unexpectedly received animationDidStop without a matching animationDidStart. Monitoring for idle animations may no longer function correctly.
2026-08-21 01:49:03.331 E  Flagstone[64432:6f572] [com.apple.dt.xctest:Default] Unexpectedly received animationDidStop without a matching animationDidStart. Monitoring for idle animations may no longer function correctly.
2026-08-21 01:49:03.331 E  Flagstone[64432:6f572] [com.apple.dt.xctest:Default] Unexpectedly received animationDidStop without a matching animationDidStart. Monitoring for idle animations may no longer function correctly.
2026-08-21 01:49:03.331 E  Flagstone[64432:6f572] [com.apple.dt.xctest:Default] Unexpectedly received animationDidStop without a matching animationDidStart. Monitoring for idle animations may no longer function correctly.
2026-08-21 01:49:03.331 E  Flagstone[64432:6f572] [com.apple.dt.xctest:Default] Unexpectedly received animationDidStop without a matching animationDidStart. Monitoring for idle animations may no longer function correctly.
2026-08-21 01:49:03.335 E  Flagstone[64432:6f572] [com.apple.dt.xctest:Default] Unexpectedly received animationDidStop without a matching animationDidStart. Monitoring for idle animations may no longer function correctly.
2026-08-21 01:49:03.338 E  Flagstone[64432:6f572] [com.apple.dt.xctest:Default] Unexpectedly received animationDidStop without a matching animationDidStart. Monitoring for idle animations may no longer function correctly.
2026-08-21 01:49:03.823 Df Flagstone[64432:6f572] [com.apple.UIKit:EventEnvironment] Enqueuing clear events of window: <_UIWindowSceneUserInterfaceStyleAnimationSnapshotWindow: 0x123337400>; contextId: 0xF987B49
2026-08-21 01:49:03.824 Df Flagstone[64432:6f572] [com.apple.UIKit:EventEnvironment] Performing clear events of window: <_UIWindowSceneUserInterfaceStyleAnimationSnapshotWindow: 0x123337400>; contextId: 0x0
2026-08-21 01:49:06.827 Df Flagstone[64432:75c16] [com.apple.dt.xctest:Default] Received attributes request for element: App element pid: 64432. Attributes: (
    "XC_kAXXCAttributeFrame",
    "XC_kAXXCAttributeWindowDisplayId",
    "XC_kAXXCAttributeWindowContextId"
)
2026-08-21 01:49:06.827 Df Flagstone[64432:759b3] [com.apple.dt.xctest:Default] XCTPerformOnMainRunLoop[not MT]: about to CFRunLoopPerform
2026-08-21 01:49:06.827 Df Flagstone[64432:759b3] [com.apple.dt.xctest:Default] XCTPerformOnMainRunLoop[not MT]: waiting with 30.00s responsiveness timeout
2026-08-21 01:49:06.827 Df Flagstone[64432:6f572] [com.apple.dt.xctest:Default] XCTPerformOnMainRunLoop[MT]: inside CFRunLoopPerform
2026-08-21 01:49:06.827 Df Flagstone[64432:6f572] [com.apple.dt.xctest:Default] XCTPerformOnMainRunLoop[MT]: MT responded in time (won the race to the busy flag)
2026-08-21 01:49:06.827 Df Flagstone[64432:759b3] [com.apple.dt.xctest:Default] XCTPerformOnMainRunLoop[not MT]: waiting 60.00s for work to complete
2026-08-21 01:49:06.827 Df Flagstone[64432:6f572] [com.apple.dt.xctest:Default] Fetching AX attributes XC_kAXXCAttributeFrame, XC_kAXXCAttributeWindowDisplayId, XC_kAXXCAttributeWindowContextId for App element pid: 64432
2026-08-21 01:49:06.827 Df Flagstone[64432:6f572] [com.apple.dt.xctest:Default] Got attributes, transferring to dictionary for return.
2026-08-21 01:49:06.827 Df Flagstone[64432:759b3] [com.apple.dt.xctest:Default] Replying with attribute values: {
    "XC_kAXXCAttributeFrame" =     {
        Height = 844;
        Width = 390;
        X = 0;
        Y = 0;
    };
    "XC_kAXXCAttributeWindowContextId" = 2196523812;
    "XC_kAXXCAttributeWindowDisplayId" = 0;
}
2026-08-21 01:49:06.830 Df Flagstone[64432:759b3] [com.apple.dt.xctest:Default] Received attributes request for element: App element pid: 64432. Attributes: (
    "XC_kAXXCAttributeElementType",
    "XC_kAXXCAttributeElementBaseType",
    "XC_kAXXCAttributeTraits",
    "XC_kAXXCAttributeAutomationType"
)
2026-08-21 01:49:06.830 Df Flagstone[64432:75c16] [com.apple.dt.xctest:Default] XCTPerformOnMainRunLoop[not MT]: about to CFRunLoopPerform
2026-08-21 01:49:06.830 Df Flagstone[64432:75c16] [com.apple.dt.xctest:Default] XCTPerformOnMainRunLoop[not MT]: waiting with 30.00s responsiveness timeout
2026-08-21 01:49:06.830 Df Flagstone[64432:6f572] [com.apple.dt.xctest:Default] XCTPerformOnMainRunLoop[MT]: inside CFRunLoopPerform
2026-08-21 01:49:06.830 Df Flagstone[64432:6f572] [com.apple.dt.xctest:Default] XCTPerformOnMainRunLoop[MT]: MT responded in time (won the race to the busy flag)
2026-08-21 01:49:06.830 Df Flagstone[64432:75c16] [com.apple.dt.xctest:Default] XCTPerformOnMainRunLoop[not MT]: waiting 60.00s for work to complete
2026-08-21 01:49:06.830 Df Flagstone[64432:6f572] [com.apple.dt.xctest:Default] Fetching AX attributes XC_kAXXCAttributeElementType, XC_kAXXCAttributeElementBaseType, XC_kAXXCAttributeTraits, XC_kAXXCAttributeAutomationType for App element pid: 64432
2026-08-21 01:49:06.830 Df Flagstone[64432:6f572] [com.apple.dt.xctest:Default] Got attributes, transferring to dictionary for return.
2026-08-21 01:49:06.830 Df Flagstone[64432:75c16] [com.apple.dt.xctest:Default] Replying with attribute values: {
    "XC_kAXXCAttributeAutomationType" = 1;
    "XC_kAXXCAttributeElementBaseType" = UIApplication;
    "XC_kAXXCAttributeElementType" = UIApplication;
    "XC_kAXXCAttributeTraits" = 0;
}
2026-08-21 01:49:06.863 Df Flagstone[64432:75c16] [com.apple.dt.xctest:Default] Received attributes request for element: App element pid: 64432. Attributes: (
    "XC_kAXXCAttributeFrame",
    "XC_kAXXCAttributeWindowDisplayId",
    "XC_kAXXCAttributeWindowContextId"
)
2026-08-21 01:49:06.863 Df Flagstone[64432:759b3] [com.apple.dt.xctest:Default] XCTPerformOnMainRunLoop[not MT]: about to CFRunLoopPerform
2026-08-21 01:49:06.863 Df Flagstone[64432:759b3] [com.apple.dt.xctest:Default] XCTPerformOnMainRunLoop[not MT]: waiting with 30.00s responsiveness timeout
2026-08-21 01:49:06.863 Df Flagstone[64432:6f572] [com.apple.dt.xctest:Default] XCTPerformOnMainRunLoop[MT]: inside CFRunLoopPerform
2026-08-21 01:49:06.863 Df Flagstone[64432:6f572] [com.apple.dt.xctest:Default] XCTPerformOnMainRunLoop[MT]: MT responded in time (won the race to the busy flag)
2026-08-21 01:49:06.863 Df Flagstone[64432:759b3] [com.apple.dt.xctest:Default] XCTPerformOnMainRunLoop[not MT]: waiting 60.00s for work to complete
2026-08-21 01:49:06.863 Df Flagstone[64432:6f572] [com.apple.dt.xctest:Default] Fetching AX attributes XC_kAXXCAttributeFrame, XC_kAXXCAttributeWindowDisplayId, XC_kAXXCAttributeWindowContextId for App element pid: 64432
2026-08-21 01:49:06.863 Df Flagstone[64432:6f572] [com.apple.dt.xctest:Default] Got attributes, transferring to dictionary for return.
2026-08-21 01:49:06.863 Df Flagstone[64432:759b3] [com.apple.dt.xctest:Default] Replying with attribute values: {
    "XC_kAXXCAttributeFrame" =     {
        Height = 844;
        Width = 390;
        X = 0;
        Y = 0;
    };
    "XC_kAXXCAttributeWindowContextId" = 2196523812;
    "XC_kAXXCAttributeWindowDisplayId" = 0;
}
2026-08-21 01:49:06.865 Df Flagstone[64432:759b3] [com.apple.dt.xctest:Default] Received attributes request for element: App element pid: 64432. Attributes: (
    "XC_kAXXCAttributeElementType",
    "XC_kAXXCAttributeElementBaseType",
    "XC_kAXXCAttributeTraits",
    "XC_kAXXCAttributeAutomationType"
)
2026-08-21 01:49:06.865 Df Flagstone[64432:75c16] [com.apple.dt.xctest:Default] XCTPerformOnMainRunLoop[not MT]: about to CFRunLoopPerform
2026-08-21 01:49:06.865 Df Flagstone[64432:75c16] [com.apple.dt.xctest:Default] XCTPerformOnMainRunLoop[not MT]: waiting with 30.00s responsiveness timeout
2026-08-21 01:49:06.865 Df Flagstone[64432:6f572] [com.apple.dt.xctest:Default] XCTPerformOnMainRunLoop[MT]: inside CFRunLoopPerform
2026-08-21 01:49:06.865 Df Flagstone[64432:6f572] [com.apple.dt.xctest:Default] XCTPerformOnMainRunLoop[MT]: MT responded in time (won the race to the busy flag)
2026-08-21 01:49:06.865 Df Flagstone[64432:75c16] [com.apple.dt.xctest:Default] XCTPerformOnMainRunLoop[not MT]: waiting 60.00s for work to complete
2026-08-21 01:49:06.865 Df Flagstone[64432:6f572] [com.apple.dt.xctest:Default] Fetching AX attributes XC_kAXXCAttributeElementType, XC_kAXXCAttributeElementBaseType, XC_kAXXCAttributeTraits, XC_kAXXCAttributeAutomationType for App element pid: 64432
2026-08-21 01:49:06.865 Df Flagstone[64432:6f572] [com.apple.dt.xctest:Default] Got attributes, transferring to dictionary for return.
2026-08-21 01:49:06.866 Df Flagstone[64432:75c16] [com.apple.dt.xctest:Default] Replying with attribute values: {
    "XC_kAXXCAttributeAutomationType" = 1;
    "XC_kAXXCAttributeElementBaseType" = UIApplication;
    "XC_kAXXCAttributeElementType" = UIApplication;
    "XC_kAXXCAttributeTraits" = 0;
}
2026-08-21 01:49:06.870 Df Flagstone[64432:75c16] [com.apple.dt.xctest:Default] Received attributes request for element: App element pid: 64432. Attributes: (
    "XC_kAXXCAttributeWindowDisplayId"
)
2026-08-21 01:49:06.870 Df Flagstone[64432:759b3] [com.apple.dt.xctest:Default] XCTPerformOnMainRunLoop[not MT]: about to CFRunLoopPerform
2026-08-21 01:49:06.870 Df Flagstone[64432:759b3] [com.apple.dt.xctest:Default] XCTPerformOnMainRunLoop[not MT]: waiting with 30.00s responsiveness timeout
2026-08-21 01:49:06.870 Df Flagstone[64432:6f572] [com.apple.dt.xctest:Default] XCTPerformOnMainRunLoop[MT]: inside CFRunLoopPerform
2026-08-21 01:49:06.870 Df Flagstone[64432:6f572] [com.apple.dt.xctest:Default] XCTPerformOnMainRunLoop[MT]: MT responded in time (won the race to the busy flag)
2026-08-21 01:49:06.870 Df Flagstone[64432:759b3] [com.apple.dt.xctest:Default] XCTPerformOnMainRunLoop[not MT]: waiting 60.00s for work to complete
2026-08-21 01:49:06.870 Df Flagstone[64432:6f572] [com.apple.dt.xctest:Default] Fetching AX attributes XC_kAXXCAttributeWindowDisplayId for App element pid: 64432
2026-08-21 01:49:06.870 Df Flagstone[64432:6f572] [com.apple.dt.xctest:Default] Got attributes, transferring to dictionary for return.
2026-08-21 01:49:06.870 Df Flagstone[64432:759b3] [com.apple.dt.xctest:Default] Replying with attribute values: {
    "XC_kAXXCAttributeWindowDisplayId" = 0;
}
2026-08-21 01:49:06.920 Df Flagstone[64432:6f572] [com.apple.KeyboardArbiter:Client] TX focusApplication (peekAppEvent) stealKB:Y scene:com.accessmap.app-default
2026-08-21 01:49:06.921 Df Flagstone[64432:6f572] [com.apple.UIKit:EventDispatch] Evaluating dispatch of UIEvent: 0x106d1de00; type: 0; subtype: 0; backing type: 11; shouldSend: 1; ignoreInteractionEvents: 0, systemGestureStateChange: 0
2026-08-21 01:49:06.921 Df Flagstone[64432:6f572] [com.apple.UIKit:EventDispatch] Sending UIEvent type: 0; subtype: 0; to windows: 1
2026-08-21 01:49:06.922 Df Flagstone[64432:6f572] [com.apple.UIKit:EventDispatch] Sending UIEvent type: 0; subtype: 0; to window: <UIWindow: 0x106dd4400>; contextId: 0x82EC4B24
2026-08-21 01:49:06.932 Df Flagstone[64432:6f572] [com.apple.UIKit:EventDispatch] Evaluating dispatch of UIEvent: 0x106d1de00; type: 0; subtype: 0; backing type: 11; shouldSend: 0; ignoreInteractionEvents: 0, systemGestureStateChange: 0
2026-08-21 01:49:06.944 Df Flagstone[64432:6f572] [com.apple.UIKit:EventDispatch] Evaluating dispatch of UIEvent: 0x106d1de00; type: 0; subtype: 0; backing type: 11; shouldSend: 0; ignoreInteractionEvents: 0, systemGestureStateChange: 0
2026-08-21 01:49:06.960 Df Flagstone[64432:6f572] [com.apple.UIKit:EventDispatch] Evaluating dispatch of UIEvent: 0x106d1de00; type: 0; subtype: 0; backing type: 11; shouldSend: 0; ignoreInteractionEvents: 0, systemGestureStateChange: 0
2026-08-21 01:49:06.994 Df Flagstone[64432:6f572] [com.apple.UIKit:EventDispatch] Evaluating dispatch of UIEvent: 0x106d1de00; type: 0; subtype: 0; backing type: 11; shouldSend: 0; ignoreInteractionEvents: 0, systemGestureStateChange: 0
2026-08-21 01:49:06.994 Df Flagstone[64432:6f572] [com.apple.UIKit:EventDispatch] Evaluating dispatch of UIEvent: 0x106d1de00; type: 0; subtype: 0; backing type: 11; shouldSend: 1; ignoreInteractionEvents: 0, systemGestureStateChange: 0
2026-08-21 01:49:06.994 Df Flagstone[64432:6f572] [com.apple.UIKit:EventDispatch] Sending UIEvent type: 0; subtype: 0; to windows: 1
2026-08-21 01:49:06.994 Df Flagstone[64432:6f572] [com.apple.UIKit:EventDispatch] Sending UIEvent type: 0; subtype: 0; to window: <UIWindow: 0x106dd4400>; contextId: 0x82EC4B24
2026-08-21 01:49:06.999 Df Flagstone[64432:6f572] [com.apple.UIKit:Feedback] generator <UISelectionFeedbackGenerator: 0x1254e00c0> cannot play feedback <nil: 0x0> (enabled=0)
2026-08-21 01:49:07.011 Df Flagstone[64432:6f572] [com.apple.UIKit:EventDispatch] Evaluating dispatch of UIEvent: 0x106d1de00; type: 0; subtype: 0; backing type: 11; shouldSend: 0; ignoreInteractionEvents: 0, systemGestureStateChange: 1
2026-08-21 01:49:07.011 A  Flagstone[64432:6f572] (UIKitCore) send gesture actions
2026-08-21 01:49:07.011 A  Flagstone[64432:6f572] (UIKitCore) send gesture actions
2026-08-21 01:49:07.311 Df Flagstone[64432:759b3] [com.apple.dt.xctest:Default] Received request to notify when the main run loop is idle
2026-08-21 01:49:07.311 Df Flagstone[64432:759b3] [com.apple.dt.xctest:Default] Idle notifier finished setting up run loop observer
2026-08-21 01:49:07.311 Df Flagstone[64432:6f572] [com.apple.dt.xctest:Default] Idle notifier run loop observer fired
2026-08-21 01:49:07.311 Df Flagstone[64432:6f572] [com.apple.dt.xctest:Default] Sending main run loop idle reply
2026-08-21 01:49:07.312 Df Flagstone[64432:759b3] [com.apple.dt.xctest:Default] Received request to notify when animations are idle
2026-08-21 01:49:29.194 Df Flagstone[64432:6f572] [com.apple.Accessibility:AXSupportCommon] Read CategoryName: per-app = 1, category name = (null)
2026-08-21 01:49:29.206 Df Flagstone[64432:6f572] [com.apple.Accessibility:AXSupportCommon] Read CategoryName: per-app = 0, category name = UICTContentSizeCategoryAccessibilityXL
2026-08-21 01:49:29.209 Df Flagstone[64432:6f572] [com.apple.UIKit:InterfaceStyle] Not push traits update to screen for new style 2, <UIWindowScene: 0x10a054600> (AE1D67B8-6BBD-4698-9E3C-597A0C367329)
2026-08-21 01:49:29.444 Df Flagstone[64432:75c18] [com.apple.network:connection] nw_socket_handle_socket_event [C7.1.1:1] Socket received READ_CLOSE event
2026-08-21 01:49:29.452 Df Flagstone[64432:75e09] [com.apple.CFNetwork:Default] TCP Conn 0x130348fa0 canceled
2026-08-21 01:49:29.480 Df Flagstone[64432:75c18] [com.apple.network:connection] [C7 81B3BD04-4BCA-4C4A-A213-E327AA7EC664 Hostname#9ba46b18:443 tcp, legacy-socket, definite, attribution: developer] cancel
2026-08-21 01:49:29.511 Df Flagstone[64432:75c18] [com.apple.network:connection] [C7 81B3BD04-4BCA-4C4A-A213-E327AA7EC664 Hostname#9ba46b18:443 tcp, legacy-socket, definite, attribution: developer] cancelled
	[C7.1.1 2D575C6B-162F-4529-9339-DA598B8F9CE5 192.168.1.78:55650<->IPv4#d3b96603:443]
	Connected Path: satisfied (Path is satisfied), interface: en0[802.11], uses wifi, LQM: unknown
	Privacy Stance: Not Eligible
	Duration: 124.426s, DNS @0.030s took 0.058s, TCP @0.126s took 0.028s
	bytes in/out: 7320/3229, packets in/out: 21/17, rtt: 0.041s, retransmitted bytes: 0, out-of-order bytes: 0
	ecn packets sent/acked/marked/lost: 0/0/0/0
2026-08-21 01:49:29.536 Df Flagstone[64432:75c18] [com.apple.network:connection] nw_connection_report_state_with_handler_on_nw_queue [C7] reporting state cancelled
2026-08-21 01:49:35.955 Df Flagstone[64432:75c18] [com.apple.dt.xctest:Default] Received attributes request for element: App element pid: 64432. Attributes: (
    "XC_kAXXCAttributeFrame",
    "XC_kAXXCAttributeWindowDisplayId",
    "XC_kAXXCAttributeWindowContextId"
)
2026-08-21 01:49:35.955 Df Flagstone[64432:75e09] [com.apple.dt.xctest:Default] XCTPerformOnMainRunLoop[not MT]: about to CFRunLoopPerform
2026-08-21 01:49:35.955 Df Flagstone[64432:75e09] [com.apple.dt.xctest:Default] XCTPerformOnMainRunLoop[not MT]: waiting with 30.00s responsiveness timeout
2026-08-21 01:49:35.955 Df Flagstone[64432:6f572] [com.apple.dt.xctest:Default] XCTPerformOnMainRunLoop[MT]: inside CFRunLoopPerform
2026-08-21 01:49:35.955 Df Flagstone[64432:6f572] [com.apple.dt.xctest:Default] XCTPerformOnMainRunLoop[MT]: MT responded in time (won the race to the busy flag)
2026-08-21 01:49:35.955 Df Flagstone[64432:75e09] [com.apple.dt.xctest:Default] XCTPerformOnMainRunLoop[not MT]: waiting 60.00s for work to complete
2026-08-21 01:49:35.955 Df Flagstone[64432:6f572] [com.apple.dt.xctest:Default] Fetching AX attributes XC_kAXXCAttributeFrame, XC_kAXXCAttributeWindowDisplayId, XC_kAXXCAttributeWindowContextId for App element pid: 64432
2026-08-21 01:49:35.955 Df Flagstone[64432:6f572] [com.apple.dt.xctest:Default] Got attributes, transferring to dictionary for return.
2026-08-21 01:49:35.955 Df Flagstone[64432:75e09] [com.apple.dt.xctest:Default] Replying with attribute values: {
    "XC_kAXXCAttributeFrame" =     {
        Height = 844;
        Width = 390;
        X = 0;
        Y = 0;
    };
    "XC_kAXXCAttributeWindowContextId" = 2196523812;
    "XC_kAXXCAttributeWindowDisplayId" = 0;
}
2026-08-21 01:49:35.957 Df Flagstone[64432:75e09] [com.apple.dt.xctest:Default] Received attributes request for element: App element pid: 64432. Attributes: (
    "XC_kAXXCAttributeElementType",
    "XC_kAXXCAttributeElementBaseType",
    "XC_kAXXCAttributeTraits",
    "XC_kAXXCAttributeAutomationType"
)
2026-08-21 01:49:35.957 Df Flagstone[64432:75c18] [com.apple.dt.xctest:Default] XCTPerformOnMainRunLoop[not MT]: about to CFRunLoopPerform
2026-08-21 01:49:35.957 Df Flagstone[64432:75c18] [com.apple.dt.xctest:Default] XCTPerformOnMainRunLoop[not MT]: waiting with 30.00s responsiveness timeout
2026-08-21 01:49:35.957 Df Flagstone[64432:6f572] [com.apple.dt.xctest:Default] XCTPerformOnMainRunLoop[MT]: inside CFRunLoopPerform
2026-08-21 01:49:35.957 Df Flagstone[64432:6f572] [com.apple.dt.xctest:Default] XCTPerformOnMainRunLoop[MT]: MT responded in time (won the race to the busy flag)
2026-08-21 01:49:35.957 Df Flagstone[64432:75c18] [com.apple.dt.xctest:Default] XCTPerformOnMainRunLoop[not MT]: waiting 60.00s for work to complete
2026-08-21 01:49:35.957 Df Flagstone[64432:6f572] [com.apple.dt.xctest:Default] Fetching AX attributes XC_kAXXCAttributeElementType, XC_kAXXCAttributeElementBaseType, XC_kAXXCAttributeTraits, XC_kAXXCAttributeAutomationType for App element pid: 64432
2026-08-21 01:49:35.957 Df Flagstone[64432:6f572] [com.apple.dt.xctest:Default] Got attributes, transferring to dictionary for return.
2026-08-21 01:49:35.957 Df Flagstone[64432:75c18] [com.apple.dt.xctest:Default] Replying with attribute values: {
    "XC_kAXXCAttributeAutomationType" = 1;
    "XC_kAXXCAttributeElementBaseType" = UIApplication;
    "XC_kAXXCAttributeElementType" = UIApplication;
    "XC_kAXXCAttributeTraits" = 0;
}
2026-08-21 01:49:36.039 Df Flagstone[64432:75c18] [com.apple.dt.xctest:Default] Received attributes request for element: App element pid: 64432. Attributes: (
    "XC_kAXXCAttributeFrame",
    "XC_kAXXCAttributeWindowDisplayId",
    "XC_kAXXCAttributeWindowContextId"
)
2026-08-21 01:49:36.039 Df Flagstone[64432:75c18] [com.apple.dt.xctest:Default] XCTPerformOnMainRunLoop[not MT]: about to CFRunLoopPerform
2026-08-21 01:49:36.039 Df Flagstone[64432:75c18] [com.apple.dt.xctest:Default] XCTPerformOnMainRunLoop[not MT]: waiting with 30.00s responsiveness timeout
2026-08-21 01:49:36.039 Df Flagstone[64432:6f572] [com.apple.dt.xctest:Default] XCTPerformOnMainRunLoop[MT]: inside CFRunLoopPerform
2026-08-21 01:49:36.039 Df Flagstone[64432:6f572] [com.apple.dt.xctest:Default] XCTPerformOnMainRunLoop[MT]: MT responded in time (won the race to the busy flag)
2026-08-21 01:49:36.039 Df Flagstone[64432:75c18] [com.apple.dt.xctest:Default] XCTPerformOnMainRunLoop[not MT]: waiting 60.00s for work to complete
2026-08-21 01:49:36.039 Df Flagstone[64432:6f572] [com.apple.dt.xctest:Default] Fetching AX attributes XC_kAXXCAttributeFrame, XC_kAXXCAttributeWindowDisplayId, XC_kAXXCAttributeWindowContextId for App element pid: 64432
2026-08-21 01:49:36.039 Df Flagstone[64432:6f572] [com.apple.dt.xctest:Default] Got attributes, transferring to dictionary for return.
2026-08-21 01:49:36.039 Df Flagstone[64432:75c18] [com.apple.dt.xctest:Default] Replying with attribute values: {
    "XC_kAXXCAttributeFrame" =     {
        Height = 844;
        Width = 390;
        X = 0;
        Y = 0;
    };
    "XC_kAXXCAttributeWindowContextId" = 2196523812;
    "XC_kAXXCAttributeWindowDisplayId" = 0;
}
2026-08-21 01:49:36.041 Df Flagstone[64432:75c18] [com.apple.dt.xctest:Default] Received attributes request for element: App element pid: 64432. Attributes: (
    "XC_kAXXCAttributeElementType",
    "XC_kAXXCAttributeElementBaseType",
    "XC_kAXXCAttributeTraits",
    "XC_kAXXCAttributeAutomationType"
)
2026-08-21 01:49:36.041 Df Flagstone[64432:75e09] [com.apple.dt.xctest:Default] XCTPerformOnMainRunLoop[not MT]: about to CFRunLoopPerform
2026-08-21 01:49:36.041 Df Flagstone[64432:75e09] [com.apple.dt.xctest:Default] XCTPerformOnMainRunLoop[not MT]: waiting with 30.00s responsiveness timeout
2026-08-21 01:49:36.041 Df Flagstone[64432:6f572] [com.apple.dt.xctest:Default] XCTPerformOnMainRunLoop[MT]: inside CFRunLoopPerform
2026-08-21 01:49:36.041 Df Flagstone[64432:6f572] [com.apple.dt.xctest:Default] XCTPerformOnMainRunLoop[MT]: MT responded in time (won the race to the busy flag)
2026-08-21 01:49:36.041 Df Flagstone[64432:75e09] [com.apple.dt.xctest:Default] XCTPerformOnMainRunLoop[not MT]: waiting 60.00s for work to complete
2026-08-21 01:49:36.041 Df Flagstone[64432:6f572] [com.apple.dt.xctest:Default] Fetching AX attributes XC_kAXXCAttributeElementType, XC_kAXXCAttributeElementBaseType, XC_kAXXCAttributeTraits, XC_kAXXCAttributeAutomationType for App element pid: 64432
2026-08-21 01:49:36.041 Df Flagstone[64432:6f572] [com.apple.dt.xctest:Default] Got attributes, transferring to dictionary for return.
2026-08-21 01:49:36.041 Df Flagstone[64432:75e09] [com.apple.dt.xctest:Default] Replying with attribute values: {
    "XC_kAXXCAttributeAutomationType" = 1;
    "XC_kAXXCAttributeElementBaseType" = UIApplication;
    "XC_kAXXCAttributeElementType" = UIApplication;
    "XC_kAXXCAttributeTraits" = 0;
}
2026-08-21 01:49:36.044 Df Flagstone[64432:75e09] [com.apple.dt.xctest:Default] Received attributes request for element: App element pid: 64432. Attributes: (
    "XC_kAXXCAttributeWindowDisplayId"
)
2026-08-21 01:49:36.044 Df Flagstone[64432:75e09] [com.apple.dt.xctest:Default] XCTPerformOnMainRunLoop[not MT]: about to CFRunLoopPerform
2026-08-21 01:49:36.044 Df Flagstone[64432:75e09] [com.apple.dt.xctest:Default] XCTPerformOnMainRunLoop[not MT]: waiting with 30.00s responsiveness timeout
2026-08-21 01:49:36.044 Df Flagstone[64432:6f572] [com.apple.dt.xctest:Default] XCTPerformOnMainRunLoop[MT]: inside CFRunLoopPerform
2026-08-21 01:49:36.044 Df Flagstone[64432:6f572] [com.apple.dt.xctest:Default] XCTPerformOnMainRunLoop[MT]: MT responded in time (won the race to the busy flag)
2026-08-21 01:49:36.044 Df Flagstone[64432:6f572] [com.apple.dt.xctest:Default] Fetching AX attributes XC_kAXXCAttributeWindowDisplayId for App element pid: 64432
2026-08-21 01:49:36.044 Df Flagstone[64432:75e09] [com.apple.dt.xctest:Default] XCTPerformOnMainRunLoop[not MT]: waiting 60.00s for work to complete
2026-08-21 01:49:36.044 Df Flagstone[64432:6f572] [com.apple.dt.xctest:Default] Got attributes, transferring to dictionary for return.
2026-08-21 01:49:36.044 Df Flagstone[64432:75e09] [com.apple.dt.xctest:Default] Replying with attribute values: {
    "XC_kAXXCAttributeWindowDisplayId" = 0;
}
2026-08-21 01:49:36.128 Df Flagstone[64432:75e09] [com.apple.dt.xctest:Default] Received attributes request for element: App element pid: 64432. Attributes: (
    "XC_kAXXCAttributeFrame",
    "XC_kAXXCAttributeWindowDisplayId",
    "XC_kAXXCAttributeWindowContextId"
)
2026-08-21 01:49:36.128 Df Flagstone[64432:75e09] [com.apple.dt.xctest:Default] XCTPerformOnMainRunLoop[not MT]: about to CFRunLoopPerform
2026-08-21 01:49:36.128 Df Flagstone[64432:75e09] [com.apple.dt.xctest:Default] XCTPerformOnMainRunLoop[not MT]: waiting with 30.00s responsiveness timeout
2026-08-21 01:49:36.128 Df Flagstone[64432:6f572] [com.apple.dt.xctest:Default] XCTPerformOnMainRunLoop[MT]: inside CFRunLoopPerform
2026-08-21 01:49:36.128 Df Flagstone[64432:6f572] [com.apple.dt.xctest:Default] XCTPerformOnMainRunLoop[MT]: MT responded in time (won the race to the busy flag)
2026-08-21 01:49:36.128 Df Flagstone[64432:75e09] [com.apple.dt.xctest:Default] XCTPerformOnMainRunLoop[not MT]: waiting 60.00s for work to complete
2026-08-21 01:49:36.128 Df Flagstone[64432:6f572] [com.apple.dt.xctest:Default] Fetching AX attributes XC_kAXXCAttributeFrame, XC_kAXXCAttributeWindowDisplayId, XC_kAXXCAttributeWindowContextId for App element pid: 64432
2026-08-21 01:49:36.128 Df Flagstone[64432:6f572] [com.apple.dt.xctest:Default] Got attributes, transferring to dictionary for return.
2026-08-21 01:49:36.128 Df Flagstone[64432:75e09] [com.apple.dt.xctest:Default] Replying with attribute values: {
    "XC_kAXXCAttributeFrame" =     {
        Height = 844;
        Width = 390;
        X = 0;
        Y = 0;
    };
    "XC_kAXXCAttributeWindowContextId" = 2196523812;
    "XC_kAXXCAttributeWindowDisplayId" = 0;
}
2026-08-21 01:49:36.130 Df Flagstone[64432:75e09] [com.apple.dt.xctest:Default] Received attributes request for element: App element pid: 64432. Attributes: (
    "XC_kAXXCAttributeElementType",
    "XC_kAXXCAttributeElementBaseType",
    "XC_kAXXCAttributeTraits",
    "XC_kAXXCAttributeAutomationType"
)
2026-08-21 01:49:36.130 Df Flagstone[64432:75e09] [com.apple.dt.xctest:Default] XCTPerformOnMainRunLoop[not MT]: about to CFRunLoopPerform
2026-08-21 01:49:36.130 Df Flagstone[64432:75e09] [com.apple.dt.xctest:Default] XCTPerformOnMainRunLoop[not MT]: waiting with 30.00s responsiveness timeout
2026-08-21 01:49:36.130 Df Flagstone[64432:6f572] [com.apple.dt.xctest:Default] XCTPerformOnMainRunLoop[MT]: inside CFRunLoopPerform
2026-08-21 01:49:36.130 Df Flagstone[64432:6f572] [com.apple.dt.xctest:Default] XCTPerformOnMainRunLoop[MT]: MT responded in time (won the race to the busy flag)
2026-08-21 01:49:36.130 Df Flagstone[64432:75e09] [com.apple.dt.xctest:Default] XCTPerformOnMainRunLoop[not MT]: waiting 60.00s for work to complete
2026-08-21 01:49:36.130 Df Flagstone[64432:6f572] [com.apple.dt.xctest:Default] Fetching AX attributes XC_kAXXCAttributeElementType, XC_kAXXCAttributeElementBaseType, XC_kAXXCAttributeTraits, XC_kAXXCAttributeAutomationType for App element pid: 64432
2026-08-21 01:49:36.130 Df Flagstone[64432:6f572] [com.apple.dt.xctest:Default] Got attributes, transferring to dictionary for return.
2026-08-21 01:49:36.130 Df Flagstone[64432:75e09] [com.apple.dt.xctest:Default] Replying with attribute values: {
    "XC_kAXXCAttributeAutomationType" = 1;
    "XC_kAXXCAttributeElementBaseType" = UIApplication;
    "XC_kAXXCAttributeElementType" = UIApplication;
    "XC_kAXXCAttributeTraits" = 0;
}
2026-08-21 01:49:36.215 Df Flagstone[64432:75e09] [com.apple.dt.xctest:Default] Received attributes request for element: App element pid: 64432. Attributes: (
    "XC_kAXXCAttributeFrame",
    "XC_kAXXCAttributeWindowDisplayId",
    "XC_kAXXCAttributeWindowContextId"
)
2026-08-21 01:49:36.215 Df Flagstone[64432:75e09] [com.apple.dt.xctest:Default] XCTPerformOnMainRunLoop[not MT]: about to CFRunLoopPerform
2026-08-21 01:49:36.215 Df Flagstone[64432:75e09] [com.apple.dt.xctest:Default] XCTPerformOnMainRunLoop[not MT]: waiting with 30.00s responsiveness timeout
2026-08-21 01:49:36.215 Df Flagstone[64432:6f572] [com.apple.dt.xctest:Default] XCTPerformOnMainRunLoop[MT]: inside CFRunLoopPerform
2026-08-21 01:49:36.215 Df Flagstone[64432:6f572] [com.apple.dt.xctest:Default] XCTPerformOnMainRunLoop[MT]: MT responded in time (won the race to the busy flag)
2026-08-21 01:49:36.215 Df Flagstone[64432:75e09] [com.apple.dt.xctest:Default] XCTPerformOnMainRunLoop[not MT]: waiting 60.00s for work to complete
2026-08-21 01:49:36.215 Df Flagstone[64432:6f572] [com.apple.dt.xctest:Default] Fetching AX attributes XC_kAXXCAttributeFrame, XC_kAXXCAttributeWindowDisplayId, XC_kAXXCAttributeWindowContextId for App element pid: 64432
2026-08-21 01:49:36.215 Df Flagstone[64432:6f572] [com.apple.dt.xctest:Default] Got attributes, transferring to dictionary for return.
2026-08-21 01:49:36.215 Df Flagstone[64432:75e09] [com.apple.dt.xctest:Default] Replying with attribute values: {
    "XC_kAXXCAttributeFrame" =     {
        Height = 844;
        Width = 390;
        X = 0;
        Y = 0;
    };
    "XC_kAXXCAttributeWindowContextId" = 2196523812;
    "XC_kAXXCAttributeWindowDisplayId" = 0;
}
2026-08-21 01:49:36.217 Df Flagstone[64432:75e09] [com.apple.dt.xctest:Default] Received attributes request for element: App element pid: 64432. Attributes: (
    "XC_kAXXCAttributeElementType",
    "XC_kAXXCAttributeElementBaseType",
    "XC_kAXXCAttributeTraits",
    "XC_kAXXCAttributeAutomationType"
)
2026-08-21 01:49:36.217 Df Flagstone[64432:75e09] [com.apple.dt.xctest:Default] XCTPerformOnMainRunLoop[not MT]: about to CFRunLoopPerform
2026-08-21 01:49:36.217 Df Flagstone[64432:75e09] [com.apple.dt.xctest:Default] XCTPerformOnMainRunLoop[not MT]: waiting with 30.00s responsiveness timeout
2026-08-21 01:49:36.217 Df Flagstone[64432:6f572] [com.apple.dt.xctest:Default] XCTPerformOnMainRunLoop[MT]: inside CFRunLoopPerform
2026-08-21 01:49:36.217 Df Flagstone[64432:6f572] [com.apple.dt.xctest:Default] XCTPerformOnMainRunLoop[MT]: MT responded in time (won the race to the busy flag)
2026-08-21 01:49:36.217 Df Flagstone[64432:75e09] [com.apple.dt.xctest:Default] XCTPerformOnMainRunLoop[not MT]: waiting 60.00s for work to complete
2026-08-21 01:49:36.217 Df Flagstone[64432:6f572] [com.apple.dt.xctest:Default] Fetching AX attributes XC_kAXXCAttributeElementType, XC_kAXXCAttributeElementBaseType, XC_kAXXCAttributeTraits, XC_kAXXCAttributeAutomationType for App element pid: 64432
2026-08-21 01:49:36.217 Df Flagstone[64432:6f572] [com.apple.dt.xctest:Default] Got attributes, transferring to dictionary for return.
2026-08-21 01:49:36.217 Df Flagstone[64432:75e09] [com.apple.dt.xctest:Default] Replying with attribute values: {
    "XC_kAXXCAttributeAutomationType" = 1;
    "XC_kAXXCAttributeElementBaseType" = UIApplication;
    "XC_kAXXCAttributeElementType" = UIApplication;
    "XC_kAXXCAttributeTraits" = 0;
}
2026-08-21 01:49:36.220 Df Flagstone[64432:75e09] [com.apple.dt.xctest:Default] Received attributes request for element: App element pid: 64432. Attributes: (
    "XC_kAXXCAttributeWindowDisplayId"
)
2026-08-21 01:49:36.220 Df Flagstone[64432:75e09] [com.apple.dt.xctest:Default] XCTPerformOnMainRunLoop[not MT]: about to CFRunLoopPerform
2026-08-21 01:49:36.220 Df Flagstone[64432:75e09] [com.apple.dt.xctest:Default] XCTPerformOnMainRunLoop[not MT]: waiting with 30.00s responsiveness timeout
2026-08-21 01:49:36.220 Df Flagstone[64432:6f572] [com.apple.dt.xctest:Default] XCTPerformOnMainRunLoop[MT]: inside CFRunLoopPerform
2026-08-21 01:49:36.220 Df Flagstone[64432:6f572] [com.apple.dt.xctest:Default] XCTPerformOnMainRunLoop[MT]: MT responded in time (won the race to the busy flag)
2026-08-21 01:49:36.220 Df Flagstone[64432:75e09] [com.apple.dt.xctest:Default] XCTPerformOnMainRunLoop[not MT]: waiting 60.00s for work to complete
2026-08-21 01:49:36.220 Df Flagstone[64432:6f572] [com.apple.dt.xctest:Default] Fetching AX attributes XC_kAXXCAttributeWindowDisplayId for App element pid: 64432
2026-08-21 01:49:36.220 Df Flagstone[64432:6f572] [com.apple.dt.xctest:Default] Got attributes, transferring to dictionary for return.
2026-08-21 01:49:36.220 Df Flagstone[64432:75e09] [com.apple.dt.xctest:Default] Replying with attribute values: {
    "XC_kAXXCAttributeWindowDisplayId" = 0;
}
2026-08-21 01:49:36.290 Df Flagstone[64432:6f572] [com.apple.KeyboardArbiter:Client] TX focusApplication (peekAppEvent) stealKB:Y scene:com.accessmap.app-default
2026-08-21 01:49:36.291 Df Flagstone[64432:6f572] [com.apple.UIKit:EventDispatch] Evaluating dispatch of UIEvent: 0x106d1de00; type: 0; subtype: 0; backing type: 11; shouldSend: 1; ignoreInteractionEvents: 0, systemGestureStateChange: 0
2026-08-21 01:49:36.291 Df Flagstone[64432:6f572] [com.apple.UIKit:EventDispatch] Sending UIEvent type: 0; subtype: 0; to windows: 1
2026-08-21 01:49:36.291 Df Flagstone[64432:6f572] [com.apple.UIKit:EventDispatch] Sending UIEvent type: 0; subtype: 0; to window: <UIWindow: 0x106dd4400>; contextId: 0x82EC4B24
2026-08-21 01:49:36.295 Df Flagstone[64432:6f572] [com.apple.UIKit:EventDispatch] Evaluating dispatch of UIEvent: 0x106d1de00; type: 0; subtype: 0; backing type: 11; shouldSend: 1; ignoreInteractionEvents: 0, systemGestureStateChange: 0
2026-08-21 01:49:36.295 Df Flagstone[64432:6f572] [com.apple.UIKit:EventDispatch] Sending UIEvent type: 0; subtype: 0; to windows: 1
2026-08-21 01:49:36.295 Df Flagstone[64432:6f572] [com.apple.UIKit:EventDispatch] Sending UIEvent type: 0; subtype: 0; to window: <UIWindow: 0x106dd4400>; contextId: 0x82EC4B24
2026-08-21 01:49:36.311 Df Flagstone[64432:6f572] [com.apple.UIKit:EventDispatch] Evaluating dispatch of UIEvent: 0x106d1de00; type: 0; subtype: 0; backing type: 11; shouldSend: 1; ignoreInteractionEvents: 0, systemGestureStateChange: 0
2026-08-21 01:49:36.311 Df Flagstone[64432:6f572] [com.apple.UIKit:EventDispatch] Sending UIEvent type: 0; subtype: 0; to windows: 1
2026-08-21 01:49:36.311 Df Flagstone[64432:6f572] [com.apple.UIKit:EventDispatch] Sending UIEvent type: 0; subtype: 0; to window: <UIWindow: 0x106dd4400>; contextId: 0x82EC4B24
2026-08-21 01:49:36.328 Df Flagstone[64432:6f572] [com.apple.UIKit:EventDispatch] Evaluating dispatch of UIEvent: 0x106d1de00; type: 0; subtype: 0; backing type: 11; shouldSend: 1; ignoreInteractionEvents: 0, systemGestureStateChange: 0
2026-08-21 01:49:36.328 Df Flagstone[64432:6f572] [com.apple.UIKit:EventDispatch] Sending UIEvent type: 0; subtype: 0; to windows: 1
2026-08-21 01:49:36.328 Df Flagstone[64432:6f572] [com.apple.UIKit:EventDispatch] Sending UIEvent type: 0; subtype: 0; to window: <UIWindow: 0x106dd4400>; contextId: 0x82EC4B24
2026-08-21 01:49:36.344 Df Flagstone[64432:6f572] [com.apple.UIKit:EventDispatch] Evaluating dispatch of UIEvent: 0x106d1de00; type: 0; subtype: 0; backing type: 11; shouldSend: 0; ignoreInteractionEvents: 0, systemGestureStateChange: 1
2026-08-21 01:49:36.344 Df Flagstone[64432:6f572] [com.apple.UIKit:EventDispatch] Evaluating dispatch of UIEvent: 0x106d1de00; type: 0; subtype: 0; backing type: 11; shouldSend: 1; ignoreInteractionEvents: 0, systemGestureStateChange: 0
2026-08-21 01:49:36.344 Df Flagstone[64432:6f572] [com.apple.UIKit:EventDispatch] Sending UIEvent type: 0; subtype: 0; to windows: 1
2026-08-21 01:49:36.344 Df Flagstone[64432:6f572] [com.apple.UIKit:EventDispatch] Sending UIEvent type: 0; subtype: 0; to window: <UIWindow: 0x106dd4400>; contextId: 0x82EC4B24
2026-08-21 01:49:36.345 A  Flagstone[64432:6f572] (UIKitCore) send gesture actions
2026-08-21 01:49:36.345 A  Flagstone[64432:6f572] (UIKitCore) send gesture actions
2026-08-21 01:49:36.345 A  Flagstone[64432:6f572] (UIKitCore) send gesture actions
2026-08-21 01:49:36.348 Df Flagstone[64432:6f572] [com.apple.UIKit:UIPointerArbiter] Ignoring beginScrollingWithRegion: <UIPointerRegion: 0x11cd31860; rect = (0 0; 390 844); identifier = UIScrollView.scrollingPointerRegion> because pointer state is disabled
2026-08-21 01:49:36.361 Df Flagstone[64432:6f572] [com.apple.UIKit:EventDispatch] Evaluating dispatch of UIEvent: 0x106d1de00; type: 0; subtype: 0; backing type: 11; shouldSend: 1; ignoreInteractionEvents: 0, systemGestureStateChange: 0
2026-08-21 01:49:36.361 Df Flagstone[64432:6f572] [com.apple.UIKit:EventDispatch] Sending UIEvent type: 0; subtype: 0; to windows: 1
2026-08-21 01:49:36.361 Df Flagstone[64432:6f572] [com.apple.UIKit:EventDispatch] Sending UIEvent type: 0; subtype: 0; to window: <UIWindow: 0x106dd4400>; contextId: 0x82EC4B24
2026-08-21 01:49:36.361 A  Flagstone[64432:6f572] (UIKitCore) send gesture actions
2026-08-21 01:49:36.361 A  Flagstone[64432:6f572] (UIKitCore) send gesture actions
2026-08-21 01:49:36.377 Df Flagstone[64432:6f572] [com.apple.UIKit:EventDispatch] Evaluating dispatch of UIEvent: 0x106d1de00; type: 0; subtype: 0; backing type: 11; shouldSend: 1; ignoreInteractionEvents: 0, systemGestureStateChange: 0
2026-08-21 01:49:36.378 Df Flagstone[64432:6f572] [com.apple.UIKit:EventDispatch] Sending UIEvent type: 0; subtype: 0; to windows: 1
2026-08-21 01:49:36.378 Df Flagstone[64432:6f572] [com.apple.UIKit:EventDispatch] Sending UIEvent type: 0; subtype: 0; to window: <UIWindow: 0x106dd4400>; contextId: 0x82EC4B24
2026-08-21 01:49:36.378 A  Flagstone[64432:6f572] (UIKitCore) send gesture actions
2026-08-21 01:49:36.378 A  Flagstone[64432:6f572] (UIKitCore) send gesture actions
2026-08-21 01:49:36.411 Df Flagstone[64432:6f572] [com.apple.UIKit:EventDispatch] Evaluating dispatch of UIEvent: 0x106d1de00; type: 0; subtype: 0; backing type: 11; shouldSend: 1; ignoreInteractionEvents: 0, systemGestureStateChange: 0
2026-08-21 01:49:36.412 Df Flagstone[64432:6f572] [com.apple.UIKit:EventDispatch] Sending UIEvent type: 0; subtype: 0; to windows: 1
2026-08-21 01:49:36.412 Df Flagstone[64432:6f572] [com.apple.UIKit:EventDispatch] Sending UIEvent type: 0; subtype: 0; to window: <UIWindow: 0x106dd4400>; contextId: 0x82EC4B24
2026-08-21 01:49:36.412 A  Flagstone[64432:6f572] (UIKitCore) send gesture actions
2026-08-21 01:49:36.412 A  Flagstone[64432:6f572] (UIKitCore) send gesture actions
2026-08-21 01:49:36.428 Df Flagstone[64432:6f572] [com.apple.UIKit:EventDispatch] Evaluating dispatch of UIEvent: 0x106d1de00; type: 0; subtype: 0; backing type: 11; shouldSend: 1; ignoreInteractionEvents: 0, systemGestureStateChange: 0
2026-08-21 01:49:36.428 Df Flagstone[64432:6f572] [com.apple.UIKit:EventDispatch] Sending UIEvent type: 0; subtype: 0; to windows: 1
2026-08-21 01:49:36.428 Df Flagstone[64432:6f572] [com.apple.UIKit:EventDispatch] Sending UIEvent type: 0; subtype: 0; to window: <UIWindow: 0x106dd4400>; contextId: 0x82EC4B24
2026-08-21 01:49:36.428 A  Flagstone[64432:6f572] (UIKitCore) send gesture actions
2026-08-21 01:49:36.428 A  Flagstone[64432:6f572] (UIKitCore) send gesture actions
2026-08-21 01:49:36.444 Df Flagstone[64432:6f572] [com.apple.UIKit:EventDispatch] Evaluating dispatch of UIEvent: 0x106d1de00; type: 0; subtype: 0; backing type: 11; shouldSend: 1; ignoreInteractionEvents: 0, systemGestureStateChange: 0
2026-08-21 01:49:36.444 Df Flagstone[64432:6f572] [com.apple.UIKit:EventDispatch] Sending UIEvent type: 0; subtype: 0; to windows: 1
2026-08-21 01:49:36.444 Df Flagstone[64432:6f572] [com.apple.UIKit:EventDispatch] Sending UIEvent type: 0; subtype: 0; to window: <UIWindow: 0x106dd4400>; contextId: 0x82EC4B24
2026-08-21 01:49:36.444 A  Flagstone[64432:6f572] (UIKitCore) send gesture actions
2026-08-21 01:49:36.444 A  Flagstone[64432:6f572] (UIKitCore) send gesture actions
2026-08-21 01:49:36.461 Df Flagstone[64432:6f572] [com.apple.UIKit:EventDispatch] Evaluating dispatch of UIEvent: 0x106d1de00; type: 0; subtype: 0; backing type: 11; shouldSend: 1; ignoreInteractionEvents: 0, systemGestureStateChange: 0
2026-08-21 01:49:36.461 Df Flagstone[64432:6f572] [com.apple.UIKit:EventDispatch] Sending UIEvent type: 0; subtype: 0; to windows: 1
2026-08-21 01:49:36.461 Df Flagstone[64432:6f572] [com.apple.UIKit:EventDispatch] Sending UIEvent type: 0; subtype: 0; to window: <UIWindow: 0x106dd4400>; contextId: 0x82EC4B24
2026-08-21 01:49:36.461 A  Flagstone[64432:6f572] (UIKitCore) send gesture actions
2026-08-21 01:49:36.461 A  Flagstone[64432:6f572] (UIKitCore) send gesture actions
2026-08-21 01:49:36.478 Df Flagstone[64432:6f572] [com.apple.UIKit:EventDispatch] Evaluating dispatch of UIEvent: 0x106d1de00; type: 0; subtype: 0; backing type: 11; shouldSend: 1; ignoreInteractionEvents: 0, systemGestureStateChange: 0
2026-08-21 01:49:36.478 Df Flagstone[64432:6f572] [com.apple.UIKit:EventDispatch] Sending UIEvent type: 0; subtype: 0; to windows: 1
2026-08-21 01:49:36.478 Df Flagstone[64432:6f572] [com.apple.UIKit:EventDispatch] Sending UIEvent type: 0; subtype: 0; to window: <UIWindow: 0x106dd4400>; contextId: 0x82EC4B24
2026-08-21 01:49:36.478 A  Flagstone[64432:6f572] (UIKitCore) send gesture actions
2026-08-21 01:49:36.478 A  Flagstone[64432:6f572] (UIKitCore) send gesture actions
2026-08-21 01:49:36.494 Df Flagstone[64432:6f572] [com.apple.UIKit:EventDispatch] Evaluating dispatch of UIEvent: 0x106d1de00; type: 0; subtype: 0; backing type: 11; shouldSend: 1; ignoreInteractionEvents: 0, systemGestureStateChange: 0
2026-08-21 01:49:36.494 Df Flagstone[64432:6f572] [com.apple.UIKit:EventDispatch] Sending UIEvent type: 0; subtype: 0; to windows: 1
2026-08-21 01:49:36.494 Df Flagstone[64432:6f572] [com.apple.UIKit:EventDispatch] Sending UIEvent type: 0; subtype: 0; to window: <UIWindow: 0x106dd4400>; contextId: 0x82EC4B24
2026-08-21 01:49:36.494 A  Flagstone[64432:6f572] (UIKitCore) send gesture actions
2026-08-21 01:49:36.494 A  Flagstone[64432:6f572] (UIKitCore) send gesture actions
2026-08-21 01:49:36.511 Df Flagstone[64432:6f572] [com.apple.UIKit:EventDispatch] Evaluating dispatch of UIEvent: 0x106d1de00; type: 0; subtype: 0; backing type: 11; shouldSend: 1; ignoreInteractionEvents: 0, systemGestureStateChange: 0
2026-08-21 01:49:36.511 Df Flagstone[64432:6f572] [com.apple.UIKit:EventDispatch] Sending UIEvent type: 0; subtype: 0; to windows: 1
2026-08-21 01:49:36.511 Df Flagstone[64432:6f572] [com.apple.UIKit:EventDispatch] Sending UIEvent type: 0; subtype: 0; to window: <UIWindow: 0x106dd4400>; contextId: 0x82EC4B24
2026-08-21 01:49:36.511 A  Flagstone[64432:6f572] (UIKitCore) send gesture actions
2026-08-21 01:49:36.511 A  Flagstone[64432:6f572] (UIKitCore) send gesture actions
2026-08-21 01:49:36.527 Df Flagstone[64432:6f572] [com.apple.UIKit:EventDispatch] Evaluating dispatch of UIEvent: 0x106d1de00; type: 0; subtype: 0; backing type: 11; shouldSend: 1; ignoreInteractionEvents: 0, systemGestureStateChange: 0
2026-08-21 01:49:36.528 Df Flagstone[64432:6f572] [com.apple.UIKit:EventDispatch] Sending UIEvent type: 0; subtype: 0; to windows: 1
2026-08-21 01:49:36.528 Df Flagstone[64432:6f572] [com.apple.UIKit:EventDispatch] Sending UIEvent type: 0; subtype: 0; to window: <UIWindow: 0x106dd4400>; contextId: 0x82EC4B24
2026-08-21 01:49:36.528 A  Flagstone[64432:6f572] (UIKitCore) send gesture actions
2026-08-21 01:49:36.528 A  Flagstone[64432:6f572] (UIKitCore) send gesture actions
2026-08-21 01:49:36.561 Df Flagstone[64432:6f572] [com.apple.UIKit:EventDispatch] Evaluating dispatch of UIEvent: 0x106d1de00; type: 0; subtype: 0; backing type: 11; shouldSend: 1; ignoreInteractionEvents: 0, systemGestureStateChange: 0
2026-08-21 01:49:36.561 Df Flagstone[64432:6f572] [com.apple.UIKit:EventDispatch] Sending UIEvent type: 0; subtype: 0; to windows: 1
2026-08-21 01:49:36.561 Df Flagstone[64432:6f572] [com.apple.UIKit:EventDispatch] Sending UIEvent type: 0; subtype: 0; to window: <UIWindow: 0x106dd4400>; contextId: 0x82EC4B24
2026-08-21 01:49:36.561 A  Flagstone[64432:6f572] (UIKitCore) send gesture actions
2026-08-21 01:49:36.561 A  Flagstone[64432:6f572] (UIKitCore) send gesture actions
2026-08-21 01:49:36.577 Df Flagstone[64432:6f572] [com.apple.UIKit:EventDispatch] Evaluating dispatch of UIEvent: 0x106d1de00; type: 0; subtype: 0; backing type: 11; shouldSend: 1; ignoreInteractionEvents: 0, systemGestureStateChange: 0
2026-08-21 01:49:36.577 Df Flagstone[64432:6f572] [com.apple.UIKit:EventDispatch] Sending UIEvent type: 0; subtype: 0; to windows: 1
2026-08-21 01:49:36.578 Df Flagstone[64432:6f572] [com.apple.UIKit:EventDispatch] Sending UIEvent type: 0; subtype: 0; to window: <UIWindow: 0x106dd4400>; contextId: 0x82EC4B24
2026-08-21 01:49:36.578 A  Flagstone[64432:6f572] (UIKitCore) send gesture actions
2026-08-21 01:49:36.578 A  Flagstone[64432:6f572] (UIKitCore) send gesture actions
2026-08-21 01:49:36.594 Df Flagstone[64432:6f572] [com.apple.UIKit:EventDispatch] Evaluating dispatch of UIEvent: 0x106d1de00; type: 0; subtype: 0; backing type: 11; shouldSend: 1; ignoreInteractionEvents: 0, systemGestureStateChange: 0
2026-08-21 01:49:36.594 Df Flagstone[64432:6f572] [com.apple.UIKit:EventDispatch] Sending UIEvent type: 0; subtype: 0; to windows: 1
2026-08-21 01:49:36.594 Df Flagstone[64432:6f572] [com.apple.UIKit:EventDispatch] Sending UIEvent type: 0; subtype: 0; to window: <UIWindow: 0x106dd4400>; contextId: 0x82EC4B24
2026-08-21 01:49:36.594 A  Flagstone[64432:6f572] (UIKitCore) send gesture actions
2026-08-21 01:49:36.594 A  Flagstone[64432:6f572] (UIKitCore) send gesture actions
2026-08-21 01:49:36.611 Df Flagstone[64432:6f572] [com.apple.UIKit:EventDispatch] Evaluating dispatch of UIEvent: 0x106d1de00; type: 0; subtype: 0; backing type: 11; shouldSend: 1; ignoreInteractionEvents: 0, systemGestureStateChange: 0
2026-08-21 01:49:36.611 Df Flagstone[64432:6f572] [com.apple.UIKit:EventDispatch] Sending UIEvent type: 0; subtype: 0; to windows: 1
2026-08-21 01:49:36.611 Df Flagstone[64432:6f572] [com.apple.UIKit:EventDispatch] Sending UIEvent type: 0; subtype: 0; to window: <UIWindow: 0x106dd4400>; contextId: 0x82EC4B24
2026-08-21 01:49:36.611 A  Flagstone[64432:6f572] (UIKitCore) send gesture actions
2026-08-21 01:49:36.611 A  Flagstone[64432:6f572] (UIKitCore) send gesture actions
2026-08-21 01:49:36.628 Df Flagstone[64432:6f572] [com.apple.UIKit:EventDispatch] Evaluating dispatch of UIEvent: 0x106d1de00; type: 0; subtype: 0; backing type: 11; shouldSend: 1; ignoreInteractionEvents: 0, systemGestureStateChange: 0
2026-08-21 01:49:36.628 Df Flagstone[64432:6f572] [com.apple.UIKit:EventDispatch] Sending UIEvent type: 0; subtype: 0; to windows: 1
2026-08-21 01:49:36.628 Df Flagstone[64432:6f572] [com.apple.UIKit:EventDispatch] Sending UIEvent type: 0; subtype: 0; to window: <UIWindow: 0x106dd4400>; contextId: 0x82EC4B24
2026-08-21 01:49:36.628 A  Flagstone[64432:6f572] (UIKitCore) send gesture actions
2026-08-21 01:49:36.628 A  Flagstone[64432:6f572] (UIKitCore) send gesture actions
2026-08-21 01:49:36.644 Df Flagstone[64432:6f572] [com.apple.UIKit:EventDispatch] Evaluating dispatch of UIEvent: 0x106d1de00; type: 0; subtype: 0; backing type: 11; shouldSend: 1; ignoreInteractionEvents: 0, systemGestureStateChange: 0
2026-08-21 01:49:36.644 Df Flagstone[64432:6f572] [com.apple.UIKit:EventDispatch] Sending UIEvent type: 0; subtype: 0; to windows: 1
2026-08-21 01:49:36.644 Df Flagstone[64432:6f572] [com.apple.UIKit:EventDispatch] Sending UIEvent type: 0; subtype: 0; to window: <UIWindow: 0x106dd4400>; contextId: 0x82EC4B24
2026-08-21 01:49:36.644 A  Flagstone[64432:6f572] (UIKitCore) send gesture actions
2026-08-21 01:49:36.644 A  Flagstone[64432:6f572] (UIKitCore) send gesture actions
2026-08-21 01:49:36.661 Df Flagstone[64432:6f572] [com.apple.UIKit:EventDispatch] Evaluating dispatch of UIEvent: 0x106d1de00; type: 0; subtype: 0; backing type: 11; shouldSend: 1; ignoreInteractionEvents: 0, systemGestureStateChange: 0
2026-08-21 01:49:36.661 Df Flagstone[64432:6f572] [com.apple.UIKit:EventDispatch] Sending UIEvent type: 0; subtype: 0; to windows: 1
2026-08-21 01:49:36.661 Df Flagstone[64432:6f572] [com.apple.UIKit:EventDispatch] Sending UIEvent type: 0; subtype: 0; to window: <UIWindow: 0x106dd4400>; contextId: 0x82EC4B24
2026-08-21 01:49:36.661 A  Flagstone[64432:6f572] (UIKitCore) send gesture actions
2026-08-21 01:49:36.661 A  Flagstone[64432:6f572] (UIKitCore) send gesture actions
2026-08-21 01:49:36.694 Df Flagstone[64432:6f572] [com.apple.UIKit:EventDispatch] Evaluating dispatch of UIEvent: 0x106d1de00; type: 0; subtype: 0; backing type: 11; shouldSend: 1; ignoreInteractionEvents: 0, systemGestureStateChange: 0
2026-08-21 01:49:36.694 Df Flagstone[64432:6f572] [com.apple.UIKit:EventDispatch] Sending UIEvent type: 0; subtype: 0; to windows: 1
2026-08-21 01:49:36.694 Df Flagstone[64432:6f572] [com.apple.UIKit:EventDispatch] Sending UIEvent type: 0; subtype: 0; to window: <UIWindow: 0x106dd4400>; contextId: 0x82EC4B24
2026-08-21 01:49:36.694 A  Flagstone[64432:6f572] (UIKitCore) send gesture actions
2026-08-21 01:49:36.694 A  Flagstone[64432:6f572] (UIKitCore) send gesture actions
2026-08-21 01:49:36.711 Df Flagstone[64432:6f572] [com.apple.UIKit:EventDispatch] Evaluating dispatch of UIEvent: 0x106d1de00; type: 0; subtype: 0; backing type: 11; shouldSend: 1; ignoreInteractionEvents: 0, systemGestureStateChange: 0
2026-08-21 01:49:36.711 Df Flagstone[64432:6f572] [com.apple.UIKit:EventDispatch] Sending UIEvent type: 0; subtype: 0; to windows: 1
2026-08-21 01:49:36.711 Df Flagstone[64432:6f572] [com.apple.UIKit:EventDispatch] Sending UIEvent type: 0; subtype: 0; to window: <UIWindow: 0x106dd4400>; contextId: 0x82EC4B24
2026-08-21 01:49:36.711 A  Flagstone[64432:6f572] (UIKitCore) send gesture actions
2026-08-21 01:49:36.711 A  Flagstone[64432:6f572] (UIKitCore) send gesture actions
2026-08-21 01:49:36.727 Df Flagstone[64432:6f572] [com.apple.UIKit:EventDispatch] Evaluating dispatch of UIEvent: 0x106d1de00; type: 0; subtype: 0; backing type: 11; shouldSend: 1; ignoreInteractionEvents: 0, systemGestureStateChange: 0
2026-08-21 01:49:36.728 Df Flagstone[64432:6f572] [com.apple.UIKit:EventDispatch] Sending UIEvent type: 0; subtype: 0; to windows: 1
2026-08-21 01:49:36.728 Df Flagstone[64432:6f572] [com.apple.UIKit:EventDispatch] Sending UIEvent type: 0; subtype: 0; to window: <UIWindow: 0x106dd4400>; contextId: 0x82EC4B24
2026-08-21 01:49:36.728 A  Flagstone[64432:6f572] (UIKitCore) send gesture actions
2026-08-21 01:49:36.728 A  Flagstone[64432:6f572] (UIKitCore) send gesture actions
2026-08-21 01:49:36.746 Df Flagstone[64432:6f572] [com.apple.UIKit:EventDispatch] Evaluating dispatch of UIEvent: 0x106d1de00; type: 0; subtype: 0; backing type: 11; shouldSend: 1; ignoreInteractionEvents: 0, systemGestureStateChange: 0
2026-08-21 01:49:36.746 Df Flagstone[64432:6f572] [com.apple.UIKit:EventDispatch] Sending UIEvent type: 0; subtype: 0; to windows: 1
2026-08-21 01:49:36.746 Df Flagstone[64432:6f572] [com.apple.UIKit:EventDispatch] Sending UIEvent type: 0; subtype: 0; to window: <UIWindow: 0x106dd4400>; contextId: 0x82EC4B24
2026-08-21 01:49:36.746 A  Flagstone[64432:6f572] (UIKitCore) send gesture actions
2026-08-21 01:49:36.746 A  Flagstone[64432:6f572] (UIKitCore) send gesture actions
2026-08-21 01:49:36.765 Df Flagstone[64432:6f572] [com.apple.UIKit:EventDispatch] Evaluating dispatch of UIEvent: 0x106d1de00; type: 0; subtype: 0; backing type: 11; shouldSend: 1; ignoreInteractionEvents: 0, systemGestureStateChange: 0
2026-08-21 01:49:36.766 Df Flagstone[64432:6f572] [com.apple.UIKit:EventDispatch] Sending UIEvent type: 0; subtype: 0; to windows: 1
2026-08-21 01:49:36.766 Df Flagstone[64432:6f572] [com.apple.UIKit:EventDispatch] Sending UIEvent type: 0; subtype: 0; to window: <UIWindow: 0x106dd4400>; contextId: 0x82EC4B24
2026-08-21 01:49:36.766 A  Flagstone[64432:6f572] (UIKitCore) send gesture actions
2026-08-21 01:49:36.766 A  Flagstone[64432:6f572] (UIKitCore) send gesture actions
2026-08-21 01:49:36.780 Df Flagstone[64432:6f572] [com.apple.UIKit:EventDispatch] Evaluating dispatch of UIEvent: 0x106d1de00; type: 0; subtype: 0; backing type: 11; shouldSend: 1; ignoreInteractionEvents: 0, systemGestureStateChange: 0
2026-08-21 01:49:36.780 Df Flagstone[64432:6f572] [com.apple.UIKit:EventDispatch] Sending UIEvent type: 0; subtype: 0; to windows: 1
2026-08-21 01:49:36.780 Df Flagstone[64432:6f572] [com.apple.UIKit:EventDispatch] Sending UIEvent type: 0; subtype: 0; to window: <UIWindow: 0x106dd4400>; contextId: 0x82EC4B24
2026-08-21 01:49:36.780 A  Flagstone[64432:6f572] (UIKitCore) send gesture actions
2026-08-21 01:49:36.780 A  Flagstone[64432:6f572] (UIKitCore) send gesture actions
2026-08-21 01:49:36.795 Df Flagstone[64432:6f572] [com.apple.UIKit:EventDispatch] Evaluating dispatch of UIEvent: 0x106d1de00; type: 0; subtype: 0; backing type: 11; shouldSend: 1; ignoreInteractionEvents: 0, systemGestureStateChange: 0
2026-08-21 01:49:36.795 Df Flagstone[64432:6f572] [com.apple.UIKit:EventDispatch] Sending UIEvent type: 0; subtype: 0; to windows: 1
2026-08-21 01:49:36.795 Df Flagstone[64432:6f572] [com.apple.UIKit:EventDispatch] Sending UIEvent type: 0; subtype: 0; to window: <UIWindow: 0x106dd4400>; contextId: 0x82EC4B24
2026-08-21 01:49:36.795 A  Flagstone[64432:6f572] (UIKitCore) send gesture actions
2026-08-21 01:49:36.795 A  Flagstone[64432:6f572] (UIKitCore) send gesture actions
2026-08-21 01:49:36.812 Df Flagstone[64432:6f572] [com.apple.UIKit:EventDispatch] Evaluating dispatch of UIEvent: 0x106d1de00; type: 0; subtype: 0; backing type: 11; shouldSend: 1; ignoreInteractionEvents: 0, systemGestureStateChange: 0
2026-08-21 01:49:36.812 Df Flagstone[64432:6f572] [com.apple.UIKit:EventDispatch] Sending UIEvent type: 0; subtype: 0; to windows: 1
2026-08-21 01:49:36.812 Df Flagstone[64432:6f572] [com.apple.UIKit:EventDispatch] Sending UIEvent type: 0; subtype: 0; to window: <UIWindow: 0x106dd4400>; contextId: 0x82EC4B24
2026-08-21 01:49:36.813 A  Flagstone[64432:6f572] (UIKitCore) send gesture actions
2026-08-21 01:49:36.813 A  Flagstone[64432:6f572] (UIKitCore) send gesture actions
2026-08-21 01:49:36.833 Df Flagstone[64432:6f572] [com.apple.UIKit:EventDispatch] Evaluating dispatch of UIEvent: 0x106d1de00; type: 0; subtype: 0; backing type: 11; shouldSend: 1; ignoreInteractionEvents: 0, systemGestureStateChange: 0
2026-08-21 01:49:36.833 Df Flagstone[64432:6f572] [com.apple.UIKit:EventDispatch] Sending UIEvent type: 0; subtype: 0; to windows: 1
2026-08-21 01:49:36.833 Df Flagstone[64432:6f572] [com.apple.UIKit:EventDispatch] Sending UIEvent type: 0; subtype: 0; to window: <UIWindow: 0x106dd4400>; contextId: 0x82EC4B24
2026-08-21 01:49:36.833 A  Flagstone[64432:6f572] (UIKitCore) send gesture actions
2026-08-21 01:49:36.833 A  Flagstone[64432:6f572] (UIKitCore) send gesture actions
2026-08-21 01:49:36.844 Df Flagstone[64432:6f572] [com.apple.UIKit:EventDispatch] Evaluating dispatch of UIEvent: 0x106d1de00; type: 0; subtype: 0; backing type: 11; shouldSend: 1; ignoreInteractionEvents: 0, systemGestureStateChange: 0
2026-08-21 01:49:36.844 Df Flagstone[64432:6f572] [com.apple.UIKit:EventDispatch] Sending UIEvent type: 0; subtype: 0; to windows: 1
2026-08-21 01:49:36.844 Df Flagstone[64432:6f572] [com.apple.UIKit:EventDispatch] Sending UIEvent type: 0; subtype: 0; to window: <UIWindow: 0x106dd4400>; contextId: 0x82EC4B24
2026-08-21 01:49:36.845 A  Flagstone[64432:6f572] (UIKitCore) send gesture actions
2026-08-21 01:49:36.845 A  Flagstone[64432:6f572] (UIKitCore) send gesture actions
2026-08-21 01:49:36.866 Df Flagstone[64432:6f572] [com.apple.UIKit:EventDispatch] Evaluating dispatch of UIEvent: 0x106d1de00; type: 0; subtype: 0; backing type: 11; shouldSend: 1; ignoreInteractionEvents: 0, systemGestureStateChange: 0
2026-08-21 01:49:36.866 Df Flagstone[64432:6f572] [com.apple.UIKit:EventDispatch] Sending UIEvent type: 0; subtype: 0; to windows: 1
2026-08-21 01:49:36.866 Df Flagstone[64432:6f572] [com.apple.UIKit:EventDispatch] Sending UIEvent type: 0; subtype: 0; to window: <UIWindow: 0x106dd4400>; contextId: 0x82EC4B24
2026-08-21 01:49:36.866 A  Flagstone[64432:6f572] (UIKitCore) send gesture actions
2026-08-21 01:49:36.866 A  Flagstone[64432:6f572] (UIKitCore) send gesture actions
2026-08-21 01:49:36.881 Df Flagstone[64432:6f572] [com.apple.UIKit:EventDispatch] Evaluating dispatch of UIEvent: 0x106d1de00; type: 0; subtype: 0; backing type: 11; shouldSend: 1; ignoreInteractionEvents: 0, systemGestureStateChange: 0
2026-08-21 01:49:36.881 Df Flagstone[64432:6f572] [com.apple.UIKit:EventDispatch] Sending UIEvent type: 0; subtype: 0; to windows: 1
2026-08-21 01:49:36.881 Df Flagstone[64432:6f572] [com.apple.UIKit:EventDispatch] Sending UIEvent type: 0; subtype: 0; to window: <UIWindow: 0x106dd4400>; contextId: 0x82EC4B24
2026-08-21 01:49:36.881 A  Flagstone[64432:6f572] (UIKitCore) send gesture actions
2026-08-21 01:49:36.881 A  Flagstone[64432:6f572] (UIKitCore) send gesture actions
2026-08-21 01:49:37.187 Df Flagstone[64432:75c18] [com.apple.dt.xctest:Default] Received request to notify when the main run loop is idle
2026-08-21 01:49:37.187 Df Flagstone[64432:75c18] [com.apple.dt.xctest:Default] Idle notifier finished setting up run loop observer
2026-08-21 01:49:37.187 Df Flagstone[64432:75c18] [com.apple.dt.xctest:Default] Received request to notify when animations are idle
2026-08-21 01:49:38.646 Df Flagstone[64432:6f572] [com.apple.UIKit:UIPointerArbiter] Ignoring endScrollingWithRegion: <UIPointerRegion: 0x11cd31860; rect = (0 0; 390 844); identifier = UIScrollView.scrollingPointerRegion> because scrollingRegion does not match: (null)
2026-08-21 01:49:38.655 Df Flagstone[64432:6f572] [com.apple.dt.xctest:Default] Idle notifier run loop observer fired
2026-08-21 01:49:38.655 Df Flagstone[64432:6f572] [com.apple.dt.xctest:Default] Sending main run loop idle reply
2026-08-21 01:51:01.292 Df Flagstone[64432:7643b] [com.apple.CFNetwork:Default] Connection 5: cleaning up
2026-08-21 01:51:01.293 Df Flagstone[64432:7643b] [com.apple.network:connection] [C5 B18CE1A3-989D-4B57-B094-23184D5A3DDC Hostname#9ba46b18:443 quic-connection, url: https://kldlwszpfkdmsjrjhjym.supabase.co/rest/v1/flag_photos, definite, attribution: developer] cancel
2026-08-21 01:51:01.293 Df Flagstone[64432:7643b] [com.apple.network:connection] [C5 B18CE1A3-989D-4B57-B094-23184D5A3DDC Hostname#9ba46b18:443 quic-connection, url: https://kldlwszpfkdmsjrjhjym.supabase.co/rest/v1/flag_photos, definite, attribution: developer] cancelled
	[C5.1.2.1 400BA1F8-DD4A-4F4A-80BE-C2D2D3321D52 192.168.1.78:55478<->IPv4#dd548e4a:443]
	Connected Path: satisfied (Path is satisfied), interface: en0[802.11], uses wifi, LQM: unknown
	Privacy Stance: Not Eligible
	Duration: 600.657s, DNS @0.147s took 0.003s, TCP @0.155s took 0.019s, TLS 1.3 took 0.029s
	bytes in/out: 13024/3876, packets in/out: 10/11, rtt: 0.018s, retransmitted bytes: 0, out-of-order bytes: 0
	ecn packets sent/acked/marked/lost: 0/0/0/0
2026-08-21 01:51:01.327 Df Flagstone[64432:7643b] [com.apple.network:connection] nw_connection_report_state_with_handler_on_nw_queue [C5] reporting state cancelled
2026-08-21 01:51:01.328 Df Flagstone[64432:7643b] [com.apple.CFNetwork:Default] Connection 5: done
2026-08-21 01:53:39.375 Df Flagstone[71040:777aa] [com.apple.xpc:connection] [0x103b6ae40] activating connection: mach=true listener=false peer=false name=com.apple.cfprefsd.daemon
2026-08-21 01:53:39.415 Df Flagstone[71040:777aa] [com.apple.UserNotifications:Connections] [com.accessmap.app] Creating a user notification center
2026-08-21 01:53:39.454 A  Flagstone[71040:777d9] (CoreFoundation) Loading Preferences From User Session CFPrefsD
2026-08-21 01:53:39.466 Df Flagstone[71040:777aa] (libMobileGestalt.dylib) No persisted cache on this platform.
2026-08-21 01:53:39.474 Df Flagstone[71040:777d1] [com.apple.UIKit:BackgroundTask] Creating new assertion because there is no existing background assertion.
2026-08-21 01:53:39.475 Df Flagstone[71040:777d1] [com.apple.UIKit:BackgroundTask] Creating new background assertion
2026-08-21 01:53:39.476 Df Flagstone[71040:777d1] [com.apple.UIKit:BackgroundTask] Created new background assertion <BKSProcessAssertion: 0x103b64d00>
2026-08-21 01:53:39.476 Df Flagstone[71040:777d1] [com.apple.runningboard:connection] Initializing connection
2026-08-21 01:53:39.476 Df Flagstone[71040:777d1] [com.apple.runningboard:process] Removing all cached process handles
2026-08-21 01:53:39.476 Df Flagstone[71040:777d9] [com.apple.runningboard:connection] Sending handshake request attempt #1 to server
2026-08-21 01:53:39.479 Df Flagstone[71040:777d9] [com.apple.runningboard:connection] Creating connection to com.apple.runningboard
2026-08-21 01:53:39.479 Df Flagstone[71040:777d9] [com.apple.xpc:connection] [0x104dc0140] activating connection: mach=true listener=false peer=false name=com.apple.runningboard
2026-08-21 01:53:39.479 Df Flagstone[71040:777da] [com.apple.BoardServices:XPCErrors] [C:1] Alloc com.apple.frontboard.systemappservices
2026-08-21 01:53:39.481 Df Flagstone[71040:777da] [com.apple.xpc:connection] [0x104dc03c0] activating connection: mach=false listener=false peer=false name=(anonymous)
2026-08-21 01:53:39.487 Df Flagstone[71040:777d9] [com.apple.runningboard:connection] Handshake succeeded
2026-08-21 01:53:39.495 Df Flagstone[71040:777d9] [com.apple.runningboard:connection] Identity resolved as app<com.accessmap.app((null))>
2026-08-21 01:53:39.486 A  Flagstone[71040:777db] (RunningBoardServices) didChangeInheritances
2026-08-21 01:53:39.502 Df Flagstone[71040:777d1] [com.apple.UIKit:BackgroundTask] Incrementing reference count for background assertion <BKSProcessAssertion: 0x103b64d00>
2026-08-21 01:53:39.503 Df Flagstone[71040:777d1] [com.apple.UIKit:BackgroundTask] Created background task <_UIBackgroundTaskInfo: 0x104cb4e80>: taskID = 1, taskName = Launch Background Task for Coalescing, creationTime = 19134 (elapsed = 0).
2026-08-21 01:53:39.504 Df Flagstone[71040:777d1] [com.apple.FrontBoard:SceneExtension] Realizing settings extension _UIApplicationSceneKeyboardSettings on FBSSceneSettings
2026-08-21 01:53:39.525 Df Flagstone[71040:777aa] [com.apple.UIKit:Application] Deactivation reason added: 10; deactivation reasons: 0 -> 1024; animating application lifecycle event: 0
2026-08-21 01:53:39.527 Df Flagstone[71040:777aa] [com.apple.BoardServices:Injection] activating monitor for service com.apple.frontboard.open
2026-08-21 01:53:39.528 Df Flagstone[71040:777aa] [com.apple.BoardServices:Injection] activating monitor for service com.apple.frontboard.workspace-service
2026-08-21 01:53:39.529 Df Flagstone[71040:777aa] [com.apple.FrontBoard:Common] FBSWorkspace registering source: com.apple.frontboard.systemappservices
2026-08-21 01:53:39.530 Df Flagstone[71040:777d1] [com.apple.FrontBoard:SceneExtension] Realizing settings extension <_UISceneOcclusionSettings> on FBSSceneSettings
2026-08-21 01:53:39.534 Df Flagstone[71040:777d1] [com.apple.FrontBoard:SceneExtension] Realizing settings extension <_UISceneInterfaceProtectionSettings> on FBSSceneSettings
2026-08-21 01:53:39.535 Df Flagstone[71040:777d1] [com.apple.FrontBoard:SceneExtension] Realizing settings extension _UISceneLayoutPreferencesHostSettingsExtension on FBSSceneSettings
2026-08-21 01:53:39.537 Df Flagstone[71040:777d1] [com.apple.FrontBoard:SceneExtension] Realizing settings extension _UISceneSafeAreaSettingsExtension on FBSSceneSettings
2026-08-21 01:53:39.538 Df Flagstone[71040:777aa] [com.apple.FrontBoard:Common] FBSWorkspace connected to endpoint : <BSServiceConnectionEndpoint: 0x104d58ce0; target: com.apple.frontboard.systemappservices; service: com.apple.frontboard.workspace-service>
2026-08-21 01:53:39.539 Df Flagstone[71040:777aa] [com.apple.FrontBoard:Common] <FBSWorkspaceScenesClient:0x104d105a0 com.apple.frontboard.systemappservices> attempting immediate handshake from activate
2026-08-21 01:53:39.540 Df Flagstone[71040:777aa] [com.apple.FrontBoard:Common] <FBSWorkspaceScenesClient:0x104d105a0 com.apple.frontboard.systemappservices> sent handshake
2026-08-21 01:53:39.541 Df Flagstone[71040:777aa] [com.apple.runningboard:general] Added observer for process assertions expiration warning: <_RBSExpirationWarningClient: 0x104d594a0>
2026-08-21 01:53:39.544 Df Flagstone[71040:777d1] [com.apple.FrontBoard:SceneExtension] Realizing settings extension _UISceneLayoutPreferenceClientSettingsExtension on FBSSceneClientSettings
2026-08-21 01:53:39.546 Df Flagstone[71040:777d1] [com.apple.FrontBoard:SceneExtension] Realizing settings extension <_UIHomeAffordanceHostSceneSettings> on FBSSceneSettings
2026-08-21 01:53:39.548 Df Flagstone[71040:777d1] [com.apple.FrontBoard:SceneExtension] Realizing settings extension _UISystemShellSceneHostingEnvironmentSettings on FBSSceneSettings
2026-08-21 01:53:39.549 Df Flagstone[71040:777d1] [com.apple.FrontBoard:SceneExtension] Realizing settings extension _UISceneRenderingEnvironmentSettings on FBSSceneSettings
2026-08-21 01:53:39.551 Df Flagstone[71040:777d1] [com.apple.FrontBoard:SceneExtension] Realizing settings extension <_UISceneRenderingEnvironmentClientSettings> on FBSSceneClientSettings
2026-08-21 01:53:39.551 Df Flagstone[71040:777d1] [com.apple.FrontBoard:SceneExtension] Realizing settings extension <_UISceneTransitioningHostSettings> on FBSSceneSettings
2026-08-21 01:53:39.552 Df Flagstone[71040:777d1] [com.apple.FrontBoard:SceneExtension] Realizing settings extension <_UISceneFocusSystemSettings> on FBSSceneSettings
2026-08-21 01:53:39.552 Df Flagstone[71040:777d1] [com.apple.FrontBoard:SceneExtension] Realizing settings extension _UISceneOrientationSettingsExtension on FBSSceneSettings
2026-08-21 01:53:39.553 Df Flagstone[71040:777d1] [com.apple.FrontBoard:SceneExtension] Realizing settings extension _UISceneOrientationClientSettingsExtension on FBSSceneClientSettings
2026-08-21 01:53:39.553 Df Flagstone[71040:777d1] [com.apple.FrontBoard:SceneExtension] Realizing settings extension _UISceneWindowingControlClientSettings on FBSSceneClientSettings
2026-08-21 01:53:39.558 Df Flagstone[71040:777d1] [com.apple.FrontBoard:SceneExtension] Realizing settings extension <_UISceneHostingContentSizePreferenceClientSettings> on FBSSceneClientSettings
2026-08-21 01:53:39.561 Df Flagstone[71040:777aa] [com.apple.UIKit:UIScreen] Evaluated capturing state as 0 on <UIScreen: 0x104dc0500> for initial
2026-08-21 01:53:39.561 Df Flagstone[71040:777d1] [com.apple.FrontBoard:SceneExtension] Realizing settings extension _UISceneHostingTraitCollectionPropagationSettings on FBSSceneSettings
2026-08-21 01:53:39.566 Df Flagstone[71040:777d1] [com.apple.FrontBoard:SceneExtension] Realizing settings extension <_UISceneHostingSheetPresentationSettings> on FBSSceneSettings
2026-08-21 01:53:39.566 Df Flagstone[71040:777aa] [com.apple.UIKit:UIScreen] Evaluated capturing state as 0 on <UIScreen: 0x104dc0500> for CADisplay KVO
2026-08-21 01:53:39.568 Df Flagstone[71040:777d1] [com.apple.FrontBoard:SceneExtension] Realizing settings extension <_UISceneHostingSheetPresentationClientSettings> on FBSSceneClientSettings
2026-08-21 01:53:39.568 Df Flagstone[71040:777d1] [com.apple.FrontBoard:SceneExtension] Realizing settings extension <_UISceneHostingEventDeferringSettings> on FBSSceneSettings
2026-08-21 01:53:39.570 Df Flagstone[71040:777d1] [com.apple.FrontBoard:SceneExtension] Realizing settings extension <UIKit__UITypedKeyValueSceneSettings> on FBSSceneSettings
2026-08-21 01:53:39.571 Df Flagstone[71040:777d1] [com.apple.FrontBoard:SceneExtension] Realizing settings extension <UIKit__UITypedKeyValueSceneSettings> on FBSSceneClientSettings
2026-08-21 01:53:39.571 Df Flagstone[71040:777d1] [com.apple.FrontBoard:SceneExtension] Realizing settings extension <_UISceneHostingViewControllerPreferencePropagationClientSettings> on FBSSceneClientSettings
2026-08-21 01:53:39.573 Df Flagstone[71040:777d1] [com.apple.FrontBoard:SceneExtension] Realizing settings extension <_UISceneZoomTransitionSettings> on FBSSceneSettings
2026-08-21 01:53:39.574 Df Flagstone[71040:777da] [com.apple.FrontBoard:SceneExtension] Realizing settings extension FBSSceneSettingsCore on FBSSceneSettings
2026-08-21 01:53:39.579 Df Flagstone[71040:777aa] [com.apple.Accessibility:AXSupportCommon] Read CategoryName: per-app = 1, category name = (null)
2026-08-21 01:53:39.580 Df Flagstone[71040:777aa] [com.apple.Accessibility:AXSupportCommon] Read CategoryName: per-app = 0, category name = UICTContentSizeCategoryAccessibilityXL
2026-08-21 01:53:39.583 Df Flagstone[71040:777da] [com.apple.FrontBoard:SceneExtension] Realizing settings extension FBSSceneClientSettingsCore on FBSSceneClientSettings
2026-08-21 01:53:39.698 Df Flagstone[71040:777da] [com.apple.FrontBoard:SceneExtension] UIMutableApplicationSceneSettings setting counterpart class: UIApplicationSceneSettings
2026-08-21 01:53:39.768 Df Flagstone[71040:777da] [com.apple.FrontBoard:SceneExtension] UIMutableApplicationSceneClientSettings setting counterpart class: UIApplicationSceneClientSettings
2026-08-21 01:53:39.837 Df Flagstone[71040:777da] [com.apple.FrontBoard:SceneExtension] Realizing settings extension FBSSceneTransitionContextCore on FBSSceneTransitionContext
2026-08-21 01:53:40.506 Df Flagstone[71040:777de] [com.apple.UIKit:BackgroundTask] Ending background task with UIBackgroundTaskIdentifier: 1
2026-08-21 01:53:41.513 Df Flagstone[71040:777de] [com.apple.UIKit:BackgroundTask] Ending task with identifier 1 and description: <_UIBackgroundTaskInfo: 0x104cb4e80>: taskID = 1, taskName = Launch Background Task for Coalescing, creationTime = 19134 (elapsed = 2), _expireHandler: (null)
2026-08-21 01:53:41.513 Df Flagstone[71040:777de] [com.apple.UIKit:BackgroundTask] Decrementing reference count for assertion <BKSProcessAssertion: 0x103b64d00> (used by background task with identifier 1: <_UIBackgroundTaskInfo: 0x104cb4e80>: taskID = 1, taskName = Launch Background Task for Coalescing, creationTime = 19134 (elapsed = 2))
2026-08-21 01:53:41.513 Df Flagstone[71040:777de] [com.apple.UIKit:BackgroundTask] Will invalidate assertion: <BKSProcessAssertion: 0x103b64d00> for task identifier: 1
2026-08-21 01:53:40.802 A  Flagstone[71040:777d1] (RunningBoardServices) didChangeInheritances
2026-08-21 01:53:42.293 A  Flagstone[71040:777d1] (CoreFoundation) Updating Key-Value Observers Of Preferences
2026-08-21 01:53:42.400 Df Flagstone[71040:777aa] [com.apple.dt.xctest:Default] Registering for test daemon availability notify post.
2026-08-21 01:53:42.400 Df Flagstone[71040:777aa] [com.apple.dt.xctest:Default] notify_get_state check indicated test daemon not ready.
2026-08-21 01:53:42.401 Df Flagstone[71040:777aa] [com.apple.dt.xctest:Default] notify_get_state check indicated test daemon not ready.
2026-08-21 01:53:42.401 Df Flagstone[71040:777aa] [com.apple.dt.xctest:Default] notify_get_state check indicated test daemon not ready.
2026-08-21 01:53:42.404 Df Flagstone[71040:777aa] [com.apple.UIKit:UpdateScheduler] Selected display: name=LCD (PurpleMain), id=1
2026-08-21 01:53:42.407 Df Flagstone[71040:777aa] [com.apple.FrontBoard:SceneClient] [(FBSceneManager):sceneID:com.accessmap.app-default] Received action(s) in scene-create: UIOpenURLAction
2026-08-21 01:53:42.412 Df Flagstone[71040:777aa] [com.apple.app_launch_measurement:ApplicationLaunch] alm_acquire_pageins_recording_assertion: acquired pageins recording assertion!
2026-08-21 01:53:42.415 Df Flagstone[71040:777aa] [com.apple.UIKit:Application] Deactivation reason added: 5; deactivation reasons: 1024 -> 1056; animating application lifecycle event: 1
2026-08-21 01:53:42.417 Df Flagstone[71040:777aa] [com.apple.UIKit:InterfaceStyle] Not push traits update to screen for new style 2, <UIWindowScene: 0x108094600> (AE1D67B8-6BBD-4698-9E3C-597A0C367329)
2026-08-21 01:53:42.538 Df Flagstone[71040:777aa] [com.apple.UIKit:InterfaceStyle] Should send trait collection or coordinate space update, interface style 2 -> 2, <UIWindowScene: 0x108094600> (AE1D67B8-6BBD-4698-9E3C-597A0C367329)
2026-08-21 01:53:42.560 Df Flagstone[71040:777aa] [com.apple.UIKit:InterfaceStyle] Not push traits update to screen for new style 2, <UIWindowScene: 0x108094600> (AE1D67B8-6BBD-4698-9E3C-597A0C367329)
2026-08-21 01:53:42.561 Df Flagstone[71040:777aa] [com.apple.UIKit:HomeAffordanceObservation] Initializing: <_UIHomeAffordanceSceneNotifier: 0x1080e4000>; with scene: <UIWindowScene: 0x108094600>
2026-08-21 01:53:42.561 Df Flagstone[71040:777aa] [com.apple.BacklightServices:scenes] 0x104e56220 setDelegate:<0x104e55ec0 _UIBacklightEnvironment> hasDelegate:YES for environment:sceneID:com.accessmap.app-default
2026-08-21 01:53:42.562 Df Flagstone[71040:777aa] [com.apple.UIKit:InterfaceStyle] Not push traits update to screen for new style 2, <UIWindowScene: 0x108094600> (AE1D67B8-6BBD-4698-9E3C-597A0C367329)
2026-08-21 01:53:42.562 Df Flagstone[71040:777aa] [com.apple.UIKit:EventDeferring] [0x1080e63e0] Initialized with scene: <UIWindowScene: 0x108094600>; behavior: <_UIEventDeferringBehavior_iOS: 0x108070fe0>; availableForProcess: 1, systemShellManagesKeyboardFocus: 1
2026-08-21 01:53:42.563 Df Flagstone[71040:777aa] [com.apple.BoardServices:XPCErrors] [C:2] Alloc com.apple.backboard.hid-services.xpc
2026-08-21 01:53:42.563 Df Flagstone[71040:777aa] [com.apple.xpc:connection] [0x104dc0dc0] activating connection: mach=false listener=false peer=false name=(anonymous)
2026-08-21 01:53:42.569 Df Flagstone[71040:777aa] [com.apple.BackBoard:EventDelivery] policyStatus:<BKSHIDEventDeliveryPolicyObserver: 0x104c866a0; process scope; status: target> was:none
2026-08-21 01:53:42.569 Df Flagstone[71040:777da] [com.apple.BackBoard:EventDelivery] BKSHIDEventObserver - connection activation
2026-08-21 01:53:42.569 Df Flagstone[71040:777aa] [com.apple.UIKit:KeyWindow] Setting default evaluation strategy for UIUserInterfaceIdiomPhone to LastOneWins
2026-08-21 01:53:42.570 Df Flagstone[71040:777aa] [com.apple.UIKit:KeyWindow] Scene target of keyboard event deferring environment did change: 1; scene: UIWindowScene: 0x108094600; scene identity: com.apple.frontboard.systemappservices/FBSceneManager:sceneID%3Acom.accessmap.app-default
2026-08-21 01:53:42.570 Df Flagstone[71040:777aa] [com.apple.UIKit:EventDeferring] [0x1080e63e0] Scene target of event deferring environments did update: scene: 0x108094600; current systemShellManagesKeyboardFocus: 1; systemShellManagesKeyboardFocusForScene: 1; eligibleForRecordRemoval: 1;
2026-08-21 01:53:42.570 Df Flagstone[71040:777aa] [com.apple.UIKit:KeyWindow] Scene became target of keyboard event deferring environment: UIWindowScene: 0x108094600; scene identity: com.apple.frontboard.systemappservices/FBSceneManager:sceneID%3Acom.accessmap.app-default
2026-08-21 01:53:42.570 Df Flagstone[71040:777aa] [com.apple.UIKit:KeyWindow] Stack[KeyWindow] 0x104e57240: Taking no further action for migration from LastOneWins -> SystemShellManaged as there are no scenes
2026-08-21 01:53:42.570 Df Flagstone[71040:777aa] [com.apple.UIKit:KeyWindow] Setting default evaluation strategy for UIUserInterfaceIdiomPhone to SystemShellManaged
2026-08-21 01:53:42.570 Df Flagstone[71040:777aa] [com.apple.UIKit:KeyWindow] Key window needs update: 0; currentKeyWindowScene: 0x0; evaluatedKeyWindowScene: 0x108094600; currentApplicationKeyWindow: 0x0; evaluatedApplicationKeyWindow: 0x0; reason: UIWindowScene: 0x108094600: Window scene became target of keyboard environment
2026-08-21 01:53:42.572 Df Flagstone[71040:777aa] [com.apple.UIKit:InterfaceStyle] Not push traits update to screen for new style 2, <UIWindowScene: 0x108094600> (AE1D67B8-6BBD-4698-9E3C-597A0C367329)
2026-08-21 01:53:42.573 Df Flagstone[71040:777aa] [com.apple.UIKit:InterfaceStyle] Not push traits update to screen for new style 2, <UIWindowScene: 0x108094600> (AE1D67B8-6BBD-4698-9E3C-597A0C367329)
2026-08-21 01:53:42.576 Df Flagstone[71040:777aa] [com.apple.UIKit:InterfaceStyle] Not push traits update to screen for new style 2, <UIWindowScene: 0x108094600> (AE1D67B8-6BBD-4698-9E3C-597A0C367329)
2026-08-21 01:53:42.577 A  Flagstone[71040:777aa] (libsystem_trace.dylib) Activity for state dumps
2026-08-21 01:53:42.577 F  Flagstone[71040:777aa] [com.apple.runtime-issues:UIKit App Config] `UIScene` lifecycle will soon be required. Failure to adopt will result in an assert in the future.
2026-08-21 01:53:42.578 Df Flagstone[71040:777aa] [com.apple.UIKit:InterfaceStyle] Not push traits update to screen for new style 2, <UIWindowScene: 0x108094600> (AE1D67B8-6BBD-4698-9E3C-597A0C367329)
2026-08-21 01:53:42.581 Df Flagstone[71040:777aa] [com.apple.UIKit:AppLifecycle] sceneOfRecord: sceneID: sceneID:com.accessmap.app-default  persistentID: AE1D67B8-6BBD-4698-9E3C-597A0C367329
2026-08-21 01:53:42.582 Df Flagstone[71040:777aa] [com.apple.UIKit:Application] Ignoring already applied deactivation reason: 5; deactivation reasons: 1056
2026-08-21 01:53:42.584 Df Flagstone[71040:777aa] [com.apple.UIKit:Application] Deactivation reason added: 11; deactivation reasons: 1056 -> 3104; animating application lifecycle event: 1
2026-08-21 01:53:42.586 Df Flagstone[71040:777aa] [com.apple.KeyboardArbiter:Client] startConnection
2026-08-21 01:53:42.590 Df Flagstone[71040:777aa] [com.apple.xpc:connection] [0x104dc1680] activating connection: mach=true listener=false peer=false name=com.apple.UIKit.KeyboardManagement.hosted
2026-08-21 01:53:42.591 Df Flagstone[71040:777aa] (UIKitCore) You've implemented -[<UIApplicationDelegate> application:performFetchWithCompletionHandler:], but you still need to add "fetch" to the list of your supported UIBackgroundModes in your Info.plist.
2026-08-21 01:53:42.591 Df Flagstone[71040:777aa] (UIKitCore) You've implemented -[<UIApplicationDelegate> application:didReceiveRemoteNotification:fetchCompletionHandler:], but you still need to add "remote-notification" to the list of your supported UIBackgroundModes in your Info.plist.
2026-08-21 01:53:42.596 Df Flagstone[71040:777aa] _setUpFeatureFlags called with release level 2
2026-08-21 01:53:42.660 Df Flagstone[71040:777aa] [com.apple.network:] networkd_settings_read_from_file_locked initialized networkd settings by reading plist directly
2026-08-21 01:53:42.660 Df Flagstone[71040:777aa] [com.apple.network:] networkd_settings_read_from_file_locked initialized networkd settings by reading plist directly
2026-08-21 01:53:42.806 Df Flagstone[71040:777aa] [com.apple.UIKit:Orientation] <UIWindowScene: 0x108094600> (AE1D67B8-6BBD-4698-9E3C-597A0C367329) Scene updated orientation preferences: none -> ( Pu )
2026-08-21 01:53:42.846 Df Flagstone[71040:777aa] [com.apple.UIKit:KeyWindow] Key window API is scene-level: YES
2026-08-21 01:53:42.846 Df Flagstone[71040:777aa] [com.apple.UIKit:KeyWindow] UIWindowScene: 0x108094600: Window became key in scene: UIWindow: 0x104dc8400; contextId: 0xDFCEDB28: reason: UIWindowScene: 0x108094600: Window requested to become key in scene: 0x104dc8400
2026-08-21 01:53:42.846 Df Flagstone[71040:777aa] [com.apple.UIKit:KeyWindow] Key window needs update: 1; currentKeyWindowScene: 0x0; evaluatedKeyWindowScene: 0x108094600; currentApplicationKeyWindow: 0x0; evaluatedApplicationKeyWindow: 0x104dc8400; reason: UIWindowScene: 0x108094600: Window requested to become key in scene: 0x104dc8400
2026-08-21 01:53:42.846 Df Flagstone[71040:777aa] [com.apple.UIKit:KeyWindow] Window did become application key: UIWindow: 0x104dc8400; contextId: 0xDFCEDB28; scene identity: com.apple.frontboard.systemappservices/FBSceneManager:sceneID%3Acom.accessmap.app-default
2026-08-21 01:53:42.846 Df Flagstone[71040:777aa] [com.apple.UIKit:EventDeferring] [0x1080e63e0] Begin local event deferring requested for token: 0x104c879c0; environments: 1; reason: UIWindowScene: 0x108094600: Begin event deferring in keyboardFocus for window: 0x104dc8400
2026-08-21 01:53:42.850 Df Flagstone[71040:777db] [com.apple.BackBoard:EventDelivery] BKSHIDEventDeliveryManager - connection activation
2026-08-21 01:53:42.855 Df Flagstone[71040:777aa] [com.apple.UIKit:Application] Deactivation reason removed: 10; deactivation reasons: 3104 -> 2080; animating application lifecycle event: 1
2026-08-21 01:53:42.863 Df Flagstone[71040:777db] [com.apple.BackBoard:EventDelivery] policyStatus:<BKSHIDEventDeliveryPolicyObserver: 0x104c866a0; token: com.apple.frontboard.systemappservices/FBSceneManager:sceneID%3Acom.accessmap.app-default; status: ancestor> was:target
2026-08-21 01:53:42.868 Df Flagstone[71040:777aa] [com.apple.UIKit:Application] Deactivation reason added: 12; deactivation reasons: 2080 -> 6176; animating application lifecycle event: 1
2026-08-21 01:53:42.868 Df Flagstone[71040:777aa] [com.apple.UIKit:Application] Deactivation reason removed: 11; deactivation reasons: 6176 -> 4128; animating application lifecycle event: 1
2026-08-21 01:53:42.869 Df Flagstone[71040:777aa] [com.apple.FrontBoard:SceneExtension] Realizing settings extension <_UISceneIntelligenceSupportSettings> on FBSSceneSettings
2026-08-21 01:53:42.874 Df Flagstone[71040:777db] [com.apple.UIIntelligenceSupport:xpc] establishing connection to agent
2026-08-21 01:53:42.875 Df Flagstone[71040:777aa] [com.apple.UIKit:InterfaceStyle] Not push traits update to screen for new style 2, <UIWindowScene: 0x108094600> (AE1D67B8-6BBD-4698-9E3C-597A0C367329)
2026-08-21 01:53:42.876 Df Flagstone[71040:777db] [com.apple.xpc:session] [0x104f47160] Session created.
2026-08-21 01:53:42.876 Df Flagstone[71040:777db] [com.apple.xpc:session] [0x104f47160] Session created from connection [0x1081a35c0]
2026-08-21 01:53:42.876 Df Flagstone[71040:777db] [com.apple.xpc:connection] [0x1081a35c0] activating connection: mach=true listener=false peer=false name=com.apple.uiintelligencesupport.agent
2026-08-21 01:53:42.877 Df Flagstone[71040:777db] [com.apple.xpc:session] [0x104f47160] Session activated
2026-08-21 01:53:42.886 Df Flagstone[71040:777aa] [com.apple.network:activity] Create activity from XPC object <nw_activity 50:1 [8B1E8214-FEB6-4B98-A0EE-90B219D60484] (reporting strategy default)>
2026-08-21 01:53:42.886 Df Flagstone[71040:777aa] [com.apple.network:activity] Create activity from XPC object <nw_activity 50:2 [11A467C8-6788-49E4-B51E-232286661250] (reporting strategy default)>
2026-08-21 01:53:42.887 Df Flagstone[71040:777aa] [com.apple.network:activity] Set activity <nw_activity 50:1 [8B1E8214-FEB6-4B98-A0EE-90B219D60484] (reporting strategy default)> as the global parent
2026-08-21 01:53:42.888 Df Flagstone[71040:777aa] [com.apple.UIKit:EventBus] Event Timing Profile for Touch: not found, path="/System/Library/EventTimingProfiles/Sim.Touch.plist"
2026-08-21 01:53:42.888 Df Flagstone[71040:777aa] [com.apple.UIKit:EventBus] Event Timing Profile for Pencil: not found, path="/System/Library/EventTimingProfiles/Sim.Pencil.plist"
2026-08-21 01:53:42.888 Df Flagstone[71040:777aa] [com.apple.UIKit:UpdateScheduler] Target list changed: <CADisplay:LCD PurpleMain>
2026-08-21 01:53:42.889 Df Flagstone[71040:777aa] [com.apple.UIKit:AppLifecycle] sceneOfRecord: sceneID: sceneID:com.accessmap.app-default  persistentID: AE1D67B8-6BBD-4698-9E3C-597A0C367329
2026-08-21 01:53:42.890 Df Flagstone[71040:777aa] [com.apple.UIKit:InterfaceStyle] Not push traits update to screen for new style 2, <UIWindowScene: 0x108094600> (AE1D67B8-6BBD-4698-9E3C-597A0C367329)
2026-08-21 01:53:42.903 A  Flagstone[71040:7782d] (RunningBoardServices) didChangeInheritances
2026-08-21 01:53:42.929 A  Flagstone[71040:777db] (RunningBoardServices) didChangeInheritances
2026-08-21 01:53:43.060 A  Flagstone[71040:777db] (RunningBoardServices) didChangeInheritances
2026-08-21 01:53:43.067 Df Flagstone[71040:777aa] [com.apple.Accessibility:AXCommon] Read Per-App on Init: Smart invert = (null)
2026-08-21 01:53:46.608 Df Flagstone[71040:777d1] [com.apple.xpc:connection] [0x1081a0500] activating connection: mach=true listener=false peer=false name=com.apple.fontservicesd
2026-08-21 01:53:46.695 Df Flagstone[71040:777aa] [com.apple.UIKit:EventDeferring] [0x1080e63e0] Scene target of event deferring environments did update: scene: 0x108094600; current systemShellManagesKeyboardFocus: 1; systemShellManagesKeyboardFocusForScene: 1; eligibleForRecordRemoval: 1;
2026-08-21 01:53:46.696 Df Flagstone[71040:777aa] [com.apple.UIKit:KeyWindow] Scene became target of keyboard event deferring environment: UIWindowScene: 0x108094600; scene identity: com.apple.frontboard.systemappservices/FBSceneManager:sceneID%3Acom.accessmap.app-default
2026-08-21 01:53:46.702 Df Flagstone[71040:777aa] [com.apple.FrontBoard:SceneExtension] Realizing settings extension SBUISecureRenderingSettingsExtension on FBSSceneSettings
2026-08-21 01:53:46.705 Df Flagstone[71040:777aa] [com.apple.UIKit:InterfaceStyle] Not push traits update to screen for new style 2, <UIWindowScene: 0x108094600> (AE1D67B8-6BBD-4698-9E3C-597A0C367329)
2026-08-21 01:53:46.710 Df Flagstone[71040:777aa] [com.apple.UIKit:InterfaceStyle] Not push traits update to screen for new style 2, <UIWindowScene: 0x108094600> (AE1D67B8-6BBD-4698-9E3C-597A0C367329)
2026-08-21 01:53:46.710 Df Flagstone[71040:777aa] [com.apple.UIKit:AppLifecycle] sceneOfRecord: sceneID: sceneID:com.accessmap.app-default  persistentID: AE1D67B8-6BBD-4698-9E3C-597A0C367329
2026-08-21 01:53:46.711 Df Flagstone[71040:777aa] [com.apple.UIKit:Application] Deactivation reason removed: 12; deactivation reasons: 4128 -> 32; animating application lifecycle event: 1
2026-08-21 01:53:46.711 Df Flagstone[71040:777aa] [com.apple.KeyboardArbiter:Client] Send setDeactivating: N (-DeactivationReason:SuspendedEventsOnly)
2026-08-21 01:53:46.712 Df Flagstone[71040:777aa] [com.apple.UIKit:Application] Deactivation reason removed: 5; deactivation reasons: 32 -> 0; animating application lifecycle event: 0
2026-08-21 01:53:46.806 Df Flagstone[71040:777aa] [com.apple.BackBoard:Display] [FBSDisplaySource 1-1] silently connecting raw configuration: <FBSDisplayConfiguration: 0x104d40600; Main; mode: "390x844@3x 60Hz p3 SDR">
2026-08-21 01:53:46.820 Df Flagstone[71040:777aa] [com.apple.KeyboardArbiter:Client] startConnection
2026-08-21 01:53:46.820 Df Flagstone[71040:777aa] [com.apple.KeyboardArbiter:Client] handleKeyboardChange: set currentKeyboard:N (wasKeyboard:N)
2026-08-21 01:53:46.853 Df Flagstone[71040:777aa] [com.apple.UIKit:KeyboardSceneDelegate] forceReloadInputViews
2026-08-21 01:53:46.866 Df Flagstone[71040:777aa] [com.apple.UIKit:KeyboardSceneDelegate] Reloading input views for key-window scene responder: <(null): 0x0; > force:Y
2026-08-21 01:53:46.870 Df Flagstone[71040:777aa] [com.apple.UIKit:KeyboardArbiterClientLog] isWritingToolsHandlingKeyboardTracking:Y (WT ready:Y, Arbiter ready:Y)
2026-08-21 01:53:46.847 Df Flagstone[71040:777db] [com.apple.FileURL:default] kExcludedFromBackupXattrName set on path: /Users/skypie/Library/Developer/CoreSimulator/Devices/9C9D3ED6-E62F-4A5C-A0C2-D8294D6575AC/data/Containers/Data/Application/39342766-8419-4BE3-830C-54A1D59699FB/Library/Application Support/com.accessmap.app/RCTAsyncLocalStorage_V1
2026-08-21 01:53:46.965 Df Flagstone[71040:777aa] [com.apple.network:activity] <nw_activity 50:1 [8B1E8214-FEB6-4B98-A0EE-90B219D60484] (global parent) (reporting strategy default) complete (reason success)> complete with reason 2 (success), duration 9794ms
2026-08-21 01:53:46.966 Df Flagstone[71040:777aa] [com.apple.network:activity] <nw_activity 50:2 [11A467C8-6788-49E4-B51E-232286661250] (reporting strategy default) complete (reason success)> complete with reason 2 (success), duration 9793ms
2026-08-21 01:53:46.966 Df Flagstone[71040:777aa] [com.apple.network:activity] Unsetting the global parent activity <nw_activity 50:1 [8B1E8214-FEB6-4B98-A0EE-90B219D60484] (global parent) (reporting strategy default) complete (reason success)>
2026-08-21 01:53:46.966 Df Flagstone[71040:777aa] [com.apple.network:activity] Unset the global parent activity
2026-08-21 01:53:46.967 Df Flagstone[71040:777aa] [com.apple.app_launch_measurement:ApplicationLaunch] alm_release_pageins_recording_assertion: releasing pageins recording assertion
2026-08-21 01:53:47.286 Df Flagstone[71040:777aa] (Foundation) void * _Nullable NSMapGet(NSMapTable * _Nonnull, const void * _Nullable): map table argument is NULL
2026-08-21 01:54:03.248 Df Flagstone[71040:777aa] [com.apple.Accessibility:AXSupportCommon] Read CategoryName: per-app = 1, category name = (null)
2026-08-21 01:54:03.255 Df Flagstone[71040:777aa] [com.apple.Accessibility:AXSupportCommon] Read CategoryName: per-app = 0, category name = UICTContentSizeCategoryAccessibilityXL
2026-08-21 01:54:11.753 Df Flagstone[71040:7783e] [com.apple.dt.xctest:Default] Got availability notification from test daemon.
2026-08-21 01:54:11.767 Df Flagstone[71040:77bee] [com.apple.xpc:connection] [0x108ed0780] activating connection: mach=true listener=false peer=false name=com.apple.dt.xctestd.target
2026-08-21 01:54:11.777 Df Flagstone[71040:77bee] [com.apple.dt.xctest:Default] Received request for endpoint.
2026-08-21 01:54:11.777 Df Flagstone[71040:77bee] [com.apple.dt.xctest:Default] Attempting to load /Library/Developer/CoreSimulator/Volumes/iOS_23F77/Library/Developer/CoreSimulator/Profiles/Runtimes/iOS 26.5.simruntime/Contents/Resources/RuntimeRoot/Developer/Library/PrivateFrameworks/XCTAutomationSupport.framework.
2026-08-21 01:54:12.024 Df Flagstone[71040:77bee] [com.apple.dt.automationmode:Default] XAM shared observer connecting to com.apple.dt.automationmode.reader
2026-08-21 01:54:12.024 Df Flagstone[71040:77bee] [com.apple.xpc:connection] [0x108ed08c0] activating connection: mach=true listener=false peer=false name=com.apple.dt.automationmode.reader
2026-08-21 01:54:12.034 Df Flagstone[71040:77bee] [com.apple.xpc:connection] [0x108ed08c0] invalidated because the current process cancelled the connection by calling xpc_connection_cancel()
2026-08-21 01:54:12.034 Df Flagstone[71040:77bee] [com.apple.dt.xctest:Default] Sending anonymous endpoint.
2026-08-21 01:54:12.034 Df Flagstone[71040:77bee] [com.apple.dt.xctest:Default] Setting up target listener.
2026-08-21 01:54:12.035 Df Flagstone[71040:77bee] [com.apple.xpc:connection] [0x108ed08c0] activating connection: mach=false listener=true peer=false name=(anonymous)
2026-08-21 01:54:12.035 Df Flagstone[71040:77bee] [com.apple.xpc:connection] [0x108ed08c0] Connection returned listener port: 0x120b
2026-08-21 01:54:12.043 Df Flagstone[71040:77bee] [com.apple.dt.xctest:Default] Received client to target connection.
2026-08-21 01:54:12.043 Df Flagstone[71040:77bee] [com.apple.dt.automationmode:Default] Returning 1 for enabled state
2026-08-21 01:54:12.043 Df Flagstone[71040:77bee] [com.apple.xpc:connection] [0x104f58000] activating connection: mach=false listener=false peer=true name=com.apple.xpc.anonymous.0x108ed08c0.peer[40118].0x104f58000
2026-08-21 01:54:12.044 Df Flagstone[71040:77bf1] [com.apple.dt.xctest:Default] Received request to exchange capabilities, remote interface capabilities are: <XCTCapabilities: 0x104e39400>: {
    "query runtime issue reporting" = 1;
    "query runtime issue reporting/automation type mismatch" = 1;
}
2026-08-21 01:54:12.097 Df Flagstone[71040:777aa] (libMobileGestalt.dylib) Property isp[camera-front] found {length = 4, bytes = 0x01000000}
2026-08-21 01:54:12.099 A  Flagstone[71040:777aa] (CoreFoundation) Updating Key-Value Observers Of Preferences
2026-08-21 01:54:12.117 A  Flagstone[71040:777aa] (libsystem_containermanager.dylib) container_system_group_path_for_identifier
2026-08-21 01:54:12.118 Df Flagstone[71040:777aa] [com.apple.containermanager:xpc] Requesting container lookup; class = 13, identifier = (null), group_identifier = systemgroup.com.apple.configurationprofiles, create = 1, temp = 0, euid = 501, uid = 501
2026-08-21 01:54:12.118 A  Flagstone[71040:777aa] (libsystem_containermanager.dylib) container_query_t
2026-08-21 01:54:12.118 Df Flagstone[71040:777aa] [com.apple.containermanager:xpc] Query; euid = 501, uid = 501, class = 13, identifier = [(null)](0), flags = 900000003
2026-08-21 01:54:12.120 Df Flagstone[71040:777aa] [com.apple.containermanager:unspecified] _container_query_get_result_at_index: success
2026-08-21 01:54:12.120 A  Flagstone[71040:777aa] (libsystem_containermanager.dylib) container_copy_object
2026-08-21 01:54:12.120 Df Flagstone[71040:777aa] [com.apple.containermanager:unspecified] container_system_group_path_for_identifier: success
2026-08-21 01:54:12.120 Df Flagstone[71040:777aa] [com.apple.ManagedConfiguration:MC] Got system group container path from MCM for systemgroup.com.apple.configurationprofiles: /Users/skypie/Library/Developer/CoreSimulator/Devices/9C9D3ED6-E62F-4A5C-A0C2-D8294D6575AC/data/Containers/Shared/SystemGroup/systemgroup.com.apple.configurationprofiles
2026-08-21 01:54:12.218 E  Flagstone[71040:777aa] [com.apple.Foundation:general] NSBundle (null) initWithPath failed because the resolved path is empty or nil
2026-08-21 01:54:12.293 Df Flagstone[71040:77bf1] [com.apple.dt.xctest:Default] Received attributes request for element: App element pid: 71040. Attributes: (
    "XC_kAXXCAttributeFrame",
    "XC_kAXXCAttributeWindowDisplayId",
    "XC_kAXXCAttributeWindowContextId"
)
2026-08-21 01:54:12.293 Df Flagstone[71040:77bf2] [com.apple.dt.xctest:Default] XCTPerformOnMainRunLoop[not MT]: about to CFRunLoopPerform
2026-08-21 01:54:12.293 Df Flagstone[71040:77bf2] [com.apple.dt.xctest:Default] XCTPerformOnMainRunLoop[not MT]: waiting with 30.00s responsiveness timeout
2026-08-21 01:54:12.293 Df Flagstone[71040:777aa] [com.apple.dt.xctest:Default] XCTPerformOnMainRunLoop[MT]: inside CFRunLoopPerform
2026-08-21 01:54:12.293 Df Flagstone[71040:777aa] [com.apple.dt.xctest:Default] XCTPerformOnMainRunLoop[MT]: MT responded in time (won the race to the busy flag)
2026-08-21 01:54:12.293 Df Flagstone[71040:77bf2] [com.apple.dt.xctest:Default] XCTPerformOnMainRunLoop[not MT]: waiting 60.00s for work to complete
2026-08-21 01:54:12.293 Df Flagstone[71040:777aa] [com.apple.dt.xctest:Default] Fetching AX attributes XC_kAXXCAttributeFrame, XC_kAXXCAttributeWindowDisplayId, XC_kAXXCAttributeWindowContextId for App element pid: 71040
2026-08-21 01:54:12.293 Df Flagstone[71040:777aa] [com.apple.dt.xctest:Default] Got attributes, transferring to dictionary for return.
2026-08-21 01:54:12.293 Df Flagstone[71040:77bf2] [com.apple.dt.xctest:Default] Replying with attribute values: {
    "XC_kAXXCAttributeFrame" =     {
        Height = 844;
        Width = 390;
        X = 0;
        Y = 0;
    };
    "XC_kAXXCAttributeWindowContextId" = 3754875688;
    "XC_kAXXCAttributeWindowDisplayId" = 0;
}
2026-08-21 01:54:12.295 Df Flagstone[71040:77bf2] [com.apple.dt.xctest:Default] Received attributes request for element: App element pid: 71040. Attributes: (
    "XC_kAXXCAttributeElementType",
    "XC_kAXXCAttributeElementBaseType",
    "XC_kAXXCAttributeTraits",
    "XC_kAXXCAttributeAutomationType"
)
2026-08-21 01:54:12.295 Df Flagstone[71040:77bf1] [com.apple.dt.xctest:Default] XCTPerformOnMainRunLoop[not MT]: about to CFRunLoopPerform
2026-08-21 01:54:12.295 Df Flagstone[71040:77bf1] [com.apple.dt.xctest:Default] XCTPerformOnMainRunLoop[not MT]: waiting with 30.00s responsiveness timeout
2026-08-21 01:54:12.295 Df Flagstone[71040:777aa] [com.apple.dt.xctest:Default] XCTPerformOnMainRunLoop[MT]: inside CFRunLoopPerform
2026-08-21 01:54:12.295 Df Flagstone[71040:777aa] [com.apple.dt.xctest:Default] XCTPerformOnMainRunLoop[MT]: MT responded in time (won the race to the busy flag)
2026-08-21 01:54:12.295 Df Flagstone[71040:77bf1] [com.apple.dt.xctest:Default] XCTPerformOnMainRunLoop[not MT]: waiting 60.00s for work to complete
2026-08-21 01:54:12.295 Df Flagstone[71040:777aa] [com.apple.dt.xctest:Default] Fetching AX attributes XC_kAXXCAttributeElementType, XC_kAXXCAttributeElementBaseType, XC_kAXXCAttributeTraits, XC_kAXXCAttributeAutomationType for App element pid: 71040
2026-08-21 01:54:12.296 Df Flagstone[71040:777aa] [com.apple.dt.xctest:Default] Got attributes, transferring to dictionary for return.
2026-08-21 01:54:12.296 Df Flagstone[71040:77bf1] [com.apple.dt.xctest:Default] Replying with attribute values: {
    "XC_kAXXCAttributeAutomationType" = 1;
    "XC_kAXXCAttributeElementBaseType" = UIApplication;
    "XC_kAXXCAttributeElementType" = UIApplication;
    "XC_kAXXCAttributeTraits" = 0;
}
2026-08-21 01:54:12.317 Df Flagstone[71040:77bf1] [com.apple.dt.xctest:Default] Received attributes request for element: App element pid: 71040. Attributes: (
    "XC_kAXXCAttributeFrame",
    "XC_kAXXCAttributeWindowDisplayId",
    "XC_kAXXCAttributeWindowContextId"
)
2026-08-21 01:54:12.317 Df Flagstone[71040:77bf2] [com.apple.dt.xctest:Default] XCTPerformOnMainRunLoop[not MT]: about to CFRunLoopPerform
2026-08-21 01:54:12.317 Df Flagstone[71040:77bf2] [com.apple.dt.xctest:Default] XCTPerformOnMainRunLoop[not MT]: waiting with 30.00s responsiveness timeout
2026-08-21 01:54:12.317 Df Flagstone[71040:777aa] [com.apple.dt.xctest:Default] XCTPerformOnMainRunLoop[MT]: inside CFRunLoopPerform
2026-08-21 01:54:12.317 Df Flagstone[71040:777aa] [com.apple.dt.xctest:Default] XCTPerformOnMainRunLoop[MT]: MT responded in time (won the race to the busy flag)
2026-08-21 01:54:12.317 Df Flagstone[71040:77bf2] [com.apple.dt.xctest:Default] XCTPerformOnMainRunLoop[not MT]: waiting 60.00s for work to complete
2026-08-21 01:54:12.317 Df Flagstone[71040:777aa] [com.apple.dt.xctest:Default] Fetching AX attributes XC_kAXXCAttributeFrame, XC_kAXXCAttributeWindowDisplayId, XC_kAXXCAttributeWindowContextId for App element pid: 71040
2026-08-21 01:54:12.317 Df Flagstone[71040:777aa] [com.apple.dt.xctest:Default] Got attributes, transferring to dictionary for return.
2026-08-21 01:54:12.317 Df Flagstone[71040:77bf2] [com.apple.dt.xctest:Default] Replying with attribute values: {
    "XC_kAXXCAttributeFrame" =     {
        Height = 844;
        Width = 390;
        X = 0;
        Y = 0;
    };
    "XC_kAXXCAttributeWindowContextId" = 3754875688;
    "XC_kAXXCAttributeWindowDisplayId" = 0;
}
2026-08-21 01:54:12.319 Df Flagstone[71040:77bf2] [com.apple.dt.xctest:Default] Received attributes request for element: App element pid: 71040. Attributes: (
    "XC_kAXXCAttributeElementType",
    "XC_kAXXCAttributeElementBaseType",
    "XC_kAXXCAttributeTraits",
    "XC_kAXXCAttributeAutomationType"
)
2026-08-21 01:54:12.319 Df Flagstone[71040:77bf1] [com.apple.dt.xctest:Default] XCTPerformOnMainRunLoop[not MT]: about to CFRunLoopPerform
2026-08-21 01:54:12.319 Df Flagstone[71040:77bf1] [com.apple.dt.xctest:Default] XCTPerformOnMainRunLoop[not MT]: waiting with 30.00s responsiveness timeout
2026-08-21 01:54:12.319 Df Flagstone[71040:777aa] [com.apple.dt.xctest:Default] XCTPerformOnMainRunLoop[MT]: inside CFRunLoopPerform
2026-08-21 01:54:12.319 Df Flagstone[71040:777aa] [com.apple.dt.xctest:Default] XCTPerformOnMainRunLoop[MT]: MT responded in time (won the race to the busy flag)
2026-08-21 01:54:12.319 Df Flagstone[71040:77bf1] [com.apple.dt.xctest:Default] XCTPerformOnMainRunLoop[not MT]: waiting 60.00s for work to complete
2026-08-21 01:54:12.319 Df Flagstone[71040:777aa] [com.apple.dt.xctest:Default] Fetching AX attributes XC_kAXXCAttributeElementType, XC_kAXXCAttributeElementBaseType, XC_kAXXCAttributeTraits, XC_kAXXCAttributeAutomationType for App element pid: 71040
2026-08-21 01:54:12.319 Df Flagstone[71040:777aa] [com.apple.dt.xctest:Default] Got attributes, transferring to dictionary for return.
2026-08-21 01:54:12.319 Df Flagstone[71040:77bf1] [com.apple.dt.xctest:Default] Replying with attribute values: {
    "XC_kAXXCAttributeAutomationType" = 1;
    "XC_kAXXCAttributeElementBaseType" = UIApplication;
    "XC_kAXXCAttributeElementType" = UIApplication;
    "XC_kAXXCAttributeTraits" = 0;
}
2026-08-21 01:54:12.322 Df Flagstone[71040:77bf1] [com.apple.dt.xctest:Default] Received attributes request for element: App element pid: 71040. Attributes: (
    "XC_kAXXCAttributeWindowDisplayId"
)
2026-08-21 01:54:12.322 Df Flagstone[71040:77bf2] [com.apple.dt.xctest:Default] XCTPerformOnMainRunLoop[not MT]: about to CFRunLoopPerform
2026-08-21 01:54:12.322 Df Flagstone[71040:77bf2] [com.apple.dt.xctest:Default] XCTPerformOnMainRunLoop[not MT]: waiting with 30.00s responsiveness timeout
2026-08-21 01:54:12.322 Df Flagstone[71040:777aa] [com.apple.dt.xctest:Default] XCTPerformOnMainRunLoop[MT]: inside CFRunLoopPerform
2026-08-21 01:54:12.322 Df Flagstone[71040:777aa] [com.apple.dt.xctest:Default] XCTPerformOnMainRunLoop[MT]: MT responded in time (won the race to the busy flag)
2026-08-21 01:54:12.322 Df Flagstone[71040:777aa] [com.apple.dt.xctest:Default] Fetching AX attributes XC_kAXXCAttributeWindowDisplayId for App element pid: 71040
2026-08-21 01:54:12.322 Df Flagstone[71040:77bf2] [com.apple.dt.xctest:Default] XCTPerformOnMainRunLoop[not MT]: waiting 60.00s for work to complete
2026-08-21 01:54:12.322 Df Flagstone[71040:777aa] [com.apple.dt.xctest:Default] Got attributes, transferring to dictionary for return.
2026-08-21 01:54:12.322 Df Flagstone[71040:77bf2] [com.apple.dt.xctest:Default] Replying with attribute values: {
    "XC_kAXXCAttributeWindowDisplayId" = 0;
}
2026-08-21 01:54:12.410 Df Flagstone[71040:777aa] [com.apple.KeyboardArbiter:Client] TX focusApplication (peekAppEvent) stealKB:Y scene:com.accessmap.app-default
2026-08-21 01:54:12.412 Df Flagstone[71040:777aa] [com.apple.UIKit:EventDispatch] Evaluating dispatch of UIEvent: 0x104d42d00; type: 0; subtype: 0; backing type: 11; shouldSend: 1; ignoreInteractionEvents: 0, systemGestureStateChange: 0
2026-08-21 01:54:12.413 Df Flagstone[71040:777aa] [com.apple.UIKit:EventDispatch] Sending UIEvent type: 0; subtype: 0; to windows: 1
2026-08-21 01:54:12.413 Df Flagstone[71040:777aa] [com.apple.UIKit:EventDispatch] Sending UIEvent type: 0; subtype: 0; to window: <UIWindow: 0x104dc8400>; contextId: 0xDFCEDB28
2026-08-21 01:54:12.680 Df Flagstone[71040:777aa] [com.apple.UIKit:EventDispatch] Evaluating dispatch of UIEvent: 0x104d42d00; type: 0; subtype: 0; backing type: 11; shouldSend: 0; ignoreInteractionEvents: 0, systemGestureStateChange: 0
2026-08-21 01:54:12.681 Df Flagstone[71040:777aa] [com.apple.UIKit:EventDispatch] Evaluating dispatch of UIEvent: 0x104d42d00; type: 0; subtype: 0; backing type: 11; shouldSend: 1; ignoreInteractionEvents: 0, systemGestureStateChange: 0
2026-08-21 01:54:12.681 Df Flagstone[71040:777aa] [com.apple.UIKit:EventDispatch] Sending UIEvent type: 0; subtype: 0; to windows: 1
2026-08-21 01:54:12.681 Df Flagstone[71040:777aa] [com.apple.UIKit:EventDispatch] Sending UIEvent type: 0; subtype: 0; to window: <UIWindow: 0x104dc8400>; contextId: 0xDFCEDB28
2026-08-21 01:54:12.681 Df Flagstone[71040:777aa] [com.apple.UIKit:EventDispatch] Evaluating dispatch of UIEvent: 0x104d42d00; type: 0; subtype: 0; backing type: 11; shouldSend: 0; ignoreInteractionEvents: 0, systemGestureStateChange: 1
2026-08-21 01:54:12.683 A  Flagstone[71040:777aa] (UIKitCore) send gesture actions
2026-08-21 01:54:12.683 A  Flagstone[71040:777aa] (UIKitCore) send gesture actions
2026-08-21 01:54:12.759 Df Flagstone[71040:77bee] [com.apple.dt.xctest:Default] Received request to notify when the main run loop is idle
2026-08-21 01:54:12.760 Df Flagstone[71040:777aa] [com.apple.dt.xctest:Default] Idle notifier run loop observer fired
2026-08-21 01:54:12.760 Df Flagstone[71040:77bee] [com.apple.dt.xctest:Default] Idle notifier finished setting up run loop observer
2026-08-21 01:54:12.760 Df Flagstone[71040:777aa] [com.apple.dt.xctest:Default] Sending main run loop idle reply
2026-08-21 01:54:12.760 Df Flagstone[71040:77bee] [com.apple.dt.xctest:Default] Received request to notify when animations are idle
2026-08-21 01:54:12.760 Df Flagstone[71040:77bee] [com.apple.dt.xctest:Default] Sending animations idle reply with error: (null)
2026-08-21 01:54:12.985 Df Flagstone[71040:777aa] [com.apple.CoreAnalytics:client] No XPC connection in Simulator
2026-08-21 01:54:12.992 E  Flagstone[71040:777aa] [com.apple.coreui:framework] CoreUI: CUIThemeStore: No theme registered with id=0
2026-08-21 01:54:12.992 A  Flagstone[71040:777aa] (libsystem_trace.dylib) Activity for state dumps
2026-08-21 01:54:12.992 F  Flagstone[71040:777aa] [com.apple.coreui:framework] CoreUI: CUIThemeStore: No theme registered with id=0
2026-08-21 01:54:19.482 Df Flagstone[71040:77bf2] [com.apple.dt.xctest:Default] Received attributes request for element: App element pid: 71040. Attributes: (
    "XC_kAXXCAttributeFrame",
    "XC_kAXXCAttributeWindowDisplayId",
    "XC_kAXXCAttributeWindowContextId"
)
2026-08-21 01:54:19.482 Df Flagstone[71040:77bf2] [com.apple.dt.xctest:Default] XCTPerformOnMainRunLoop[not MT]: about to CFRunLoopPerform
2026-08-21 01:54:19.482 Df Flagstone[71040:77bf2] [com.apple.dt.xctest:Default] XCTPerformOnMainRunLoop[not MT]: waiting with 30.00s responsiveness timeout
2026-08-21 01:54:19.482 Df Flagstone[71040:777aa] [com.apple.dt.xctest:Default] XCTPerformOnMainRunLoop[MT]: inside CFRunLoopPerform
2026-08-21 01:54:19.482 Df Flagstone[71040:777aa] [com.apple.dt.xctest:Default] XCTPerformOnMainRunLoop[MT]: MT responded in time (won the race to the busy flag)
2026-08-21 01:54:19.482 Df Flagstone[71040:77bf2] [com.apple.dt.xctest:Default] XCTPerformOnMainRunLoop[not MT]: waiting 60.00s for work to complete
2026-08-21 01:54:19.482 Df Flagstone[71040:777aa] [com.apple.dt.xctest:Default] Fetching AX attributes XC_kAXXCAttributeFrame, XC_kAXXCAttributeWindowDisplayId, XC_kAXXCAttributeWindowContextId for App element pid: 71040
2026-08-21 01:54:19.482 Df Flagstone[71040:777aa] [com.apple.dt.xctest:Default] Got attributes, transferring to dictionary for return.
2026-08-21 01:54:19.482 Df Flagstone[71040:77bf2] [com.apple.dt.xctest:Default] Replying with attribute values: {
    "XC_kAXXCAttributeFrame" =     {
        Height = 844;
        Width = 390;
        X = 0;
        Y = 0;
    };
    "XC_kAXXCAttributeWindowContextId" = 3754875688;
    "XC_kAXXCAttributeWindowDisplayId" = 0;
}
2026-08-21 01:54:19.484 Df Flagstone[71040:77bf2] [com.apple.dt.xctest:Default] Received attributes request for element: App element pid: 71040. Attributes: (
    "XC_kAXXCAttributeElementType",
    "XC_kAXXCAttributeElementBaseType",
    "XC_kAXXCAttributeTraits",
    "XC_kAXXCAttributeAutomationType"
)
2026-08-21 01:54:19.485 Df Flagstone[71040:77bf2] [com.apple.dt.xctest:Default] XCTPerformOnMainRunLoop[not MT]: about to CFRunLoopPerform
2026-08-21 01:54:19.485 Df Flagstone[71040:77bf2] [com.apple.dt.xctest:Default] XCTPerformOnMainRunLoop[not MT]: waiting with 30.00s responsiveness timeout
2026-08-21 01:54:19.485 Df Flagstone[71040:777aa] [com.apple.dt.xctest:Default] XCTPerformOnMainRunLoop[MT]: inside CFRunLoopPerform
2026-08-21 01:54:19.485 Df Flagstone[71040:777aa] [com.apple.dt.xctest:Default] XCTPerformOnMainRunLoop[MT]: MT responded in time (won the race to the busy flag)
2026-08-21 01:54:19.485 Df Flagstone[71040:77bf2] [com.apple.dt.xctest:Default] XCTPerformOnMainRunLoop[not MT]: waiting 60.00s for work to complete
2026-08-21 01:54:19.485 Df Flagstone[71040:777aa] [com.apple.dt.xctest:Default] Fetching AX attributes XC_kAXXCAttributeElementType, XC_kAXXCAttributeElementBaseType, XC_kAXXCAttributeTraits, XC_kAXXCAttributeAutomationType for App element pid: 71040
2026-08-21 01:54:19.485 Df Flagstone[71040:777aa] [com.apple.dt.xctest:Default] Got attributes, transferring to dictionary for return.
2026-08-21 01:54:19.485 Df Flagstone[71040:77bf2] [com.apple.dt.xctest:Default] Replying with attribute values: {
    "XC_kAXXCAttributeAutomationType" = 1;
    "XC_kAXXCAttributeElementBaseType" = UIApplication;
    "XC_kAXXCAttributeElementType" = UIApplication;
    "XC_kAXXCAttributeTraits" = 0;
}
2026-08-21 01:54:19.519 Df Flagstone[71040:77bf2] [com.apple.dt.xctest:Default] Received attributes request for element: App element pid: 71040. Attributes: (
    "XC_kAXXCAttributeFrame",
    "XC_kAXXCAttributeWindowDisplayId",
    "XC_kAXXCAttributeWindowContextId"
)
2026-08-21 01:54:19.519 Df Flagstone[71040:77bf1] [com.apple.dt.xctest:Default] XCTPerformOnMainRunLoop[not MT]: about to CFRunLoopPerform
2026-08-21 01:54:19.519 Df Flagstone[71040:77bf1] [com.apple.dt.xctest:Default] XCTPerformOnMainRunLoop[not MT]: waiting with 30.00s responsiveness timeout
2026-08-21 01:54:19.519 Df Flagstone[71040:777aa] [com.apple.dt.xctest:Default] XCTPerformOnMainRunLoop[MT]: inside CFRunLoopPerform
2026-08-21 01:54:19.519 Df Flagstone[71040:777aa] [com.apple.dt.xctest:Default] XCTPerformOnMainRunLoop[MT]: MT responded in time (won the race to the busy flag)
2026-08-21 01:54:19.519 Df Flagstone[71040:77bf1] [com.apple.dt.xctest:Default] XCTPerformOnMainRunLoop[not MT]: waiting 60.00s for work to complete
2026-08-21 01:54:19.519 Df Flagstone[71040:777aa] [com.apple.dt.xctest:Default] Fetching AX attributes XC_kAXXCAttributeFrame, XC_kAXXCAttributeWindowDisplayId, XC_kAXXCAttributeWindowContextId for App element pid: 71040
2026-08-21 01:54:19.519 Df Flagstone[71040:777aa] [com.apple.dt.xctest:Default] Got attributes, transferring to dictionary for return.
2026-08-21 01:54:19.519 Df Flagstone[71040:77bf1] [com.apple.dt.xctest:Default] Replying with attribute values: {
    "XC_kAXXCAttributeFrame" =     {
        Height = 844;
        Width = 390;
        X = 0;
        Y = 0;
    };
    "XC_kAXXCAttributeWindowContextId" = 3754875688;
    "XC_kAXXCAttributeWindowDisplayId" = 0;
}
2026-08-21 01:54:19.523 Df Flagstone[71040:77bf1] [com.apple.dt.xctest:Default] Received attributes request for element: App element pid: 71040. Attributes: (
    "XC_kAXXCAttributeElementType",
    "XC_kAXXCAttributeElementBaseType",
    "XC_kAXXCAttributeTraits",
    "XC_kAXXCAttributeAutomationType"
)
2026-08-21 01:54:19.523 Df Flagstone[71040:77bf2] [com.apple.dt.xctest:Default] XCTPerformOnMainRunLoop[not MT]: about to CFRunLoopPerform
2026-08-21 01:54:19.523 Df Flagstone[71040:777aa] [com.apple.dt.xctest:Default] XCTPerformOnMainRunLoop[MT]: inside CFRunLoopPerform
2026-08-21 01:54:19.523 Df Flagstone[71040:777aa] [com.apple.dt.xctest:Default] XCTPerformOnMainRunLoop[MT]: MT responded in time (won the race to the busy flag)
2026-08-21 01:54:19.523 Df Flagstone[71040:777aa] [com.apple.dt.xctest:Default] Fetching AX attributes XC_kAXXCAttributeElementType, XC_kAXXCAttributeElementBaseType, XC_kAXXCAttributeTraits, XC_kAXXCAttributeAutomationType for App element pid: 71040
2026-08-21 01:54:19.523 Df Flagstone[71040:77bf2] [com.apple.dt.xctest:Default] XCTPerformOnMainRunLoop[not MT]: waiting with 30.00s responsiveness timeout
2026-08-21 01:54:19.523 Df Flagstone[71040:77bf2] [com.apple.dt.xctest:Default] XCTPerformOnMainRunLoop[not MT]: waiting 60.00s for work to complete
2026-08-21 01:54:19.523 Df Flagstone[71040:777aa] [com.apple.dt.xctest:Default] Got attributes, transferring to dictionary for return.
2026-08-21 01:54:19.523 Df Flagstone[71040:77bf2] [com.apple.dt.xctest:Default] Replying with attribute values: {
    "XC_kAXXCAttributeAutomationType" = 1;
    "XC_kAXXCAttributeElementBaseType" = UIApplication;
    "XC_kAXXCAttributeElementType" = UIApplication;
    "XC_kAXXCAttributeTraits" = 0;
}
2026-08-21 01:54:19.527 Df Flagstone[71040:77bf2] [com.apple.dt.xctest:Default] Received attributes request for element: App element pid: 71040. Attributes: (
    "XC_kAXXCAttributeWindowDisplayId"
)
2026-08-21 01:54:19.527 Df Flagstone[71040:77bf1] [com.apple.dt.xctest:Default] XCTPerformOnMainRunLoop[not MT]: about to CFRunLoopPerform
2026-08-21 01:54:19.527 Df Flagstone[71040:77bf1] [com.apple.dt.xctest:Default] XCTPerformOnMainRunLoop[not MT]: waiting with 30.00s responsiveness timeout
2026-08-21 01:54:19.527 Df Flagstone[71040:777aa] [com.apple.dt.xctest:Default] XCTPerformOnMainRunLoop[MT]: inside CFRunLoopPerform
2026-08-21 01:54:19.527 Df Flagstone[71040:777aa] [com.apple.dt.xctest:Default] XCTPerformOnMainRunLoop[MT]: MT responded in time (won the race to the busy flag)
2026-08-21 01:54:19.528 Df Flagstone[71040:77bf1] [com.apple.dt.xctest:Default] XCTPerformOnMainRunLoop[not MT]: waiting 60.00s for work to complete
2026-08-21 01:54:19.528 Df Flagstone[71040:777aa] [com.apple.dt.xctest:Default] Fetching AX attributes XC_kAXXCAttributeWindowDisplayId for App element pid: 71040
2026-08-21 01:54:19.528 Df Flagstone[71040:777aa] [com.apple.dt.xctest:Default] Got attributes, transferring to dictionary for return.
2026-08-21 01:54:19.528 Df Flagstone[71040:77bf1] [com.apple.dt.xctest:Default] Replying with attribute values: {
    "XC_kAXXCAttributeWindowDisplayId" = 0;
}
2026-08-21 01:54:19.628 Df Flagstone[71040:777aa] [com.apple.KeyboardArbiter:Client] TX focusApplication (peekAppEvent) stealKB:Y scene:com.accessmap.app-default
2026-08-21 01:54:19.631 Df Flagstone[71040:777aa] [com.apple.UIKit:EventDispatch] Evaluating dispatch of UIEvent: 0x104d42d00; type: 0; subtype: 0; backing type: 11; shouldSend: 1; ignoreInteractionEvents: 0, systemGestureStateChange: 0
2026-08-21 01:54:19.631 Df Flagstone[71040:777aa] [com.apple.UIKit:EventDispatch] Sending UIEvent type: 0; subtype: 0; to windows: 1
2026-08-21 01:54:19.631 Df Flagstone[71040:777aa] [com.apple.UIKit:EventDispatch] Sending UIEvent type: 0; subtype: 0; to window: <UIWindow: 0x104dc8400>; contextId: 0xDFCEDB28
2026-08-21 01:54:19.850 Df Flagstone[71040:777aa] [com.apple.UIKit:EventDispatch] Evaluating dispatch of UIEvent: 0x104d42d00; type: 0; subtype: 0; backing type: 11; shouldSend: 0; ignoreInteractionEvents: 0, systemGestureStateChange: 0
2026-08-21 01:54:19.851 Df Flagstone[71040:777aa] [com.apple.UIKit:EventDispatch] Evaluating dispatch of UIEvent: 0x104d42d00; type: 0; subtype: 0; backing type: 11; shouldSend: 1; ignoreInteractionEvents: 0, systemGestureStateChange: 0
2026-08-21 01:54:19.851 Df Flagstone[71040:777aa] [com.apple.UIKit:EventDispatch] Sending UIEvent type: 0; subtype: 0; to windows: 1
2026-08-21 01:54:19.851 Df Flagstone[71040:777aa] [com.apple.UIKit:EventDispatch] Sending UIEvent type: 0; subtype: 0; to window: <UIWindow: 0x104dc8400>; contextId: 0xDFCEDB28
2026-08-21 01:54:19.852 Df Flagstone[71040:777aa] [com.apple.UIKit:EventDispatch] Evaluating dispatch of UIEvent: 0x104d42d00; type: 0; subtype: 0; backing type: 11; shouldSend: 0; ignoreInteractionEvents: 0, systemGestureStateChange: 1
2026-08-21 01:54:19.852 A  Flagstone[71040:777aa] (UIKitCore) send gesture actions
2026-08-21 01:54:19.852 A  Flagstone[71040:777aa] (UIKitCore) send gesture actions
2026-08-21 01:54:19.943 Df Flagstone[71040:77bf1] [com.apple.dt.xctest:Default] Received request to notify when the main run loop is idle
2026-08-21 01:54:19.943 Df Flagstone[71040:77bf1] [com.apple.dt.xctest:Default] Idle notifier finished setting up run loop observer
2026-08-21 01:54:19.943 Df Flagstone[71040:777aa] [com.apple.dt.xctest:Default] Idle notifier run loop observer fired
2026-08-21 01:54:19.943 Df Flagstone[71040:777aa] [com.apple.dt.xctest:Default] Sending main run loop idle reply
2026-08-21 01:54:19.944 Df Flagstone[71040:77bf1] [com.apple.dt.xctest:Default] Received request to notify when animations are idle
2026-08-21 01:54:29.575 Df Flagstone[71040:77bf1] [com.apple.dt.xctest:Default] Received attributes request for element: App element pid: 71040. Attributes: (
    "XC_kAXXCAttributeFrame",
    "XC_kAXXCAttributeWindowDisplayId",
    "XC_kAXXCAttributeWindowContextId"
)
2026-08-21 01:54:29.576 Df Flagstone[71040:77d8f] [com.apple.dt.xctest:Default] XCTPerformOnMainRunLoop[not MT]: about to CFRunLoopPerform
2026-08-21 01:54:29.576 Df Flagstone[71040:77d8f] [com.apple.dt.xctest:Default] XCTPerformOnMainRunLoop[not MT]: waiting with 30.00s responsiveness timeout
2026-08-21 01:54:29.576 Df Flagstone[71040:777aa] [com.apple.dt.xctest:Default] XCTPerformOnMainRunLoop[MT]: inside CFRunLoopPerform
2026-08-21 01:54:29.576 Df Flagstone[71040:777aa] [com.apple.dt.xctest:Default] XCTPerformOnMainRunLoop[MT]: MT responded in time (won the race to the busy flag)
2026-08-21 01:54:29.576 Df Flagstone[71040:77d8f] [com.apple.dt.xctest:Default] XCTPerformOnMainRunLoop[not MT]: waiting 60.00s for work to complete
2026-08-21 01:54:29.576 Df Flagstone[71040:777aa] [com.apple.dt.xctest:Default] Fetching AX attributes XC_kAXXCAttributeFrame, XC_kAXXCAttributeWindowDisplayId, XC_kAXXCAttributeWindowContextId for App element pid: 71040
2026-08-21 01:54:29.576 Df Flagstone[71040:777aa] [com.apple.dt.xctest:Default] Got attributes, transferring to dictionary for return.
2026-08-21 01:54:29.576 Df Flagstone[71040:77d8f] [com.apple.dt.xctest:Default] Replying with attribute values: {
    "XC_kAXXCAttributeFrame" =     {
        Height = 844;
        Width = 390;
        X = 0;
        Y = 0;
    };
    "XC_kAXXCAttributeWindowContextId" = 3754875688;
    "XC_kAXXCAttributeWindowDisplayId" = 0;
}
2026-08-21 01:54:29.584 Df Flagstone[71040:77d8f] [com.apple.dt.xctest:Default] Received attributes request for element: App element pid: 71040. Attributes: (
    "XC_kAXXCAttributeElementType",
    "XC_kAXXCAttributeElementBaseType",
    "XC_kAXXCAttributeTraits",
    "XC_kAXXCAttributeAutomationType"
)
2026-08-21 01:54:29.584 Df Flagstone[71040:77d8f] [com.apple.dt.xctest:Default] XCTPerformOnMainRunLoop[not MT]: about to CFRunLoopPerform
2026-08-21 01:54:29.585 Df Flagstone[71040:77d8f] [com.apple.dt.xctest:Default] XCTPerformOnMainRunLoop[not MT]: waiting with 30.00s responsiveness timeout
2026-08-21 01:54:29.585 Df Flagstone[71040:777aa] [com.apple.dt.xctest:Default] XCTPerformOnMainRunLoop[MT]: inside CFRunLoopPerform
2026-08-21 01:54:29.585 Df Flagstone[71040:777aa] [com.apple.dt.xctest:Default] XCTPerformOnMainRunLoop[MT]: MT responded in time (won the race to the busy flag)
2026-08-21 01:54:29.585 Df Flagstone[71040:77d8f] [com.apple.dt.xctest:Default] XCTPerformOnMainRunLoop[not MT]: waiting 60.00s for work to complete
2026-08-21 01:54:29.585 Df Flagstone[71040:777aa] [com.apple.dt.xctest:Default] Fetching AX attributes XC_kAXXCAttributeElementType, XC_kAXXCAttributeElementBaseType, XC_kAXXCAttributeTraits, XC_kAXXCAttributeAutomationType for App element pid: 71040
2026-08-21 01:54:29.585 Df Flagstone[71040:777aa] [com.apple.dt.xctest:Default] Got attributes, transferring to dictionary for return.
2026-08-21 01:54:29.585 Df Flagstone[71040:77d8f] [com.apple.dt.xctest:Default] Replying with attribute values: {
    "XC_kAXXCAttributeAutomationType" = 1;
    "XC_kAXXCAttributeElementBaseType" = UIApplication;
    "XC_kAXXCAttributeElementType" = UIApplication;
    "XC_kAXXCAttributeTraits" = 0;
}
2026-08-21 01:54:29.619 Df Flagstone[71040:77d8f] [com.apple.dt.xctest:Default] Received attributes request for element: App element pid: 71040. Attributes: (
    "XC_kAXXCAttributeFrame",
    "XC_kAXXCAttributeWindowDisplayId",
    "XC_kAXXCAttributeWindowContextId"
)
2026-08-21 01:54:29.619 Df Flagstone[71040:77d8f] [com.apple.dt.xctest:Default] XCTPerformOnMainRunLoop[not MT]: about to CFRunLoopPerform
2026-08-21 01:54:29.619 Df Flagstone[71040:77d8f] [com.apple.dt.xctest:Default] XCTPerformOnMainRunLoop[not MT]: waiting with 30.00s responsiveness timeout
2026-08-21 01:54:29.619 Df Flagstone[71040:777aa] [com.apple.dt.xctest:Default] XCTPerformOnMainRunLoop[MT]: inside CFRunLoopPerform
2026-08-21 01:54:29.619 Df Flagstone[71040:777aa] [com.apple.dt.xctest:Default] XCTPerformOnMainRunLoop[MT]: MT responded in time (won the race to the busy flag)
2026-08-21 01:54:29.619 Df Flagstone[71040:77d8f] [com.apple.dt.xctest:Default] XCTPerformOnMainRunLoop[not MT]: waiting 60.00s for work to complete
2026-08-21 01:54:29.619 Df Flagstone[71040:777aa] [com.apple.dt.xctest:Default] Fetching AX attributes XC_kAXXCAttributeFrame, XC_kAXXCAttributeWindowDisplayId, XC_kAXXCAttributeWindowContextId for App element pid: 71040
2026-08-21 01:54:29.619 Df Flagstone[71040:777aa] [com.apple.dt.xctest:Default] Got attributes, transferring to dictionary for return.
2026-08-21 01:54:29.619 Df Flagstone[71040:77d8f] [com.apple.dt.xctest:Default] Replying with attribute values: {
    "XC_kAXXCAttributeFrame" =     {
        Height = 844;
        Width = 390;
        X = 0;
        Y = 0;
    };
    "XC_kAXXCAttributeWindowContextId" = 3754875688;
    "XC_kAXXCAttributeWindowDisplayId" = 0;
}
2026-08-21 01:54:29.621 Df Flagstone[71040:77d8f] [com.apple.dt.xctest:Default] Received attributes request for element: App element pid: 71040. Attributes: (
    "XC_kAXXCAttributeElementType",
    "XC_kAXXCAttributeElementBaseType",
    "XC_kAXXCAttributeTraits",
    "XC_kAXXCAttributeAutomationType"
)
2026-08-21 01:54:29.621 Df Flagstone[71040:77bf1] [com.apple.dt.xctest:Default] XCTPerformOnMainRunLoop[not MT]: about to CFRunLoopPerform
2026-08-21 01:54:29.621 Df Flagstone[71040:777aa] [com.apple.dt.xctest:Default] XCTPerformOnMainRunLoop[MT]: inside CFRunLoopPerform
2026-08-21 01:54:29.621 Df Flagstone[71040:77bf1] [com.apple.dt.xctest:Default] XCTPerformOnMainRunLoop[not MT]: waiting with 30.00s responsiveness timeout
2026-08-21 01:54:29.621 Df Flagstone[71040:777aa] [com.apple.dt.xctest:Default] XCTPerformOnMainRunLoop[MT]: MT responded in time (won the race to the busy flag)
2026-08-21 01:54:29.621 Df Flagstone[71040:77bf1] [com.apple.dt.xctest:Default] XCTPerformOnMainRunLoop[not MT]: waiting 60.00s for work to complete
2026-08-21 01:54:29.621 Df Flagstone[71040:777aa] [com.apple.dt.xctest:Default] Fetching AX attributes XC_kAXXCAttributeElementType, XC_kAXXCAttributeElementBaseType, XC_kAXXCAttributeTraits, XC_kAXXCAttributeAutomationType for App element pid: 71040
2026-08-21 01:54:29.621 Df Flagstone[71040:777aa] [com.apple.dt.xctest:Default] Got attributes, transferring to dictionary for return.
2026-08-21 01:54:29.621 Df Flagstone[71040:77bf1] [com.apple.dt.xctest:Default] Replying with attribute values: {
    "XC_kAXXCAttributeAutomationType" = 1;
    "XC_kAXXCAttributeElementBaseType" = UIApplication;
    "XC_kAXXCAttributeElementType" = UIApplication;
    "XC_kAXXCAttributeTraits" = 0;
}
2026-08-21 01:54:29.624 Df Flagstone[71040:77bf1] [com.apple.dt.xctest:Default] Received attributes request for element: App element pid: 71040. Attributes: (
    "XC_kAXXCAttributeWindowDisplayId"
)
2026-08-21 01:54:29.624 Df Flagstone[71040:77d8f] [com.apple.dt.xctest:Default] XCTPerformOnMainRunLoop[not MT]: about to CFRunLoopPerform
2026-08-21 01:54:29.624 Df Flagstone[71040:77d8f] [com.apple.dt.xctest:Default] XCTPerformOnMainRunLoop[not MT]: waiting with 30.00s responsiveness timeout
2026-08-21 01:54:29.624 Df Flagstone[71040:777aa] [com.apple.dt.xctest:Default] XCTPerformOnMainRunLoop[MT]: inside CFRunLoopPerform
2026-08-21 01:54:29.624 Df Flagstone[71040:777aa] [com.apple.dt.xctest:Default] XCTPerformOnMainRunLoop[MT]: MT responded in time (won the race to the busy flag)
2026-08-21 01:54:29.624 Df Flagstone[71040:77d8f] [com.apple.dt.xctest:Default] XCTPerformOnMainRunLoop[not MT]: waiting 60.00s for work to complete
2026-08-21 01:54:29.624 Df Flagstone[71040:777aa] [com.apple.dt.xctest:Default] Fetching AX attributes XC_kAXXCAttributeWindowDisplayId for App element pid: 71040
2026-08-21 01:54:29.624 Df Flagstone[71040:777aa] [com.apple.dt.xctest:Default] Got attributes, transferring to dictionary for return.
2026-08-21 01:54:29.624 Df Flagstone[71040:77d8f] [com.apple.dt.xctest:Default] Replying with attribute values: {
    "XC_kAXXCAttributeWindowDisplayId" = 0;
}
2026-08-21 01:54:29.658 Df Flagstone[71040:77d8f] [com.apple.dt.xctest:Default] Received attributes request for element: App element pid: 71040. Attributes: (
    "XC_kAXXCAttributeFrame",
    "XC_kAXXCAttributeWindowDisplayId",
    "XC_kAXXCAttributeWindowContextId"
)
2026-08-21 01:54:29.658 Df Flagstone[71040:77bf1] [com.apple.dt.xctest:Default] XCTPerformOnMainRunLoop[not MT]: about to CFRunLoopPerform
2026-08-21 01:54:29.658 Df Flagstone[71040:77bf1] [com.apple.dt.xctest:Default] XCTPerformOnMainRunLoop[not MT]: waiting with 30.00s responsiveness timeout
2026-08-21 01:54:29.658 Df Flagstone[71040:777aa] [com.apple.dt.xctest:Default] XCTPerformOnMainRunLoop[MT]: inside CFRunLoopPerform
2026-08-21 01:54:29.659 Df Flagstone[71040:777aa] [com.apple.dt.xctest:Default] XCTPerformOnMainRunLoop[MT]: MT responded in time (won the race to the busy flag)
2026-08-21 01:54:29.659 Df Flagstone[71040:77bf1] [com.apple.dt.xctest:Default] XCTPerformOnMainRunLoop[not MT]: waiting 60.00s for work to complete
2026-08-21 01:54:29.659 Df Flagstone[71040:777aa] [com.apple.dt.xctest:Default] Fetching AX attributes XC_kAXXCAttributeFrame, XC_kAXXCAttributeWindowDisplayId, XC_kAXXCAttributeWindowContextId for App element pid: 71040
2026-08-21 01:54:29.659 Df Flagstone[71040:777aa] [com.apple.dt.xctest:Default] Got attributes, transferring to dictionary for return.
2026-08-21 01:54:29.659 Df Flagstone[71040:77bf1] [com.apple.dt.xctest:Default] Replying with attribute values: {
    "XC_kAXXCAttributeFrame" =     {
        Height = 844;
        Width = 390;
        X = 0;
        Y = 0;
    };
    "XC_kAXXCAttributeWindowContextId" = 3754875688;
    "XC_kAXXCAttributeWindowDisplayId" = 0;
}
2026-08-21 01:54:29.661 Df Flagstone[71040:77bf1] [com.apple.dt.xctest:Default] Received attributes request for element: App element pid: 71040. Attributes: (
    "XC_kAXXCAttributeElementType",
    "XC_kAXXCAttributeElementBaseType",
    "XC_kAXXCAttributeTraits",
    "XC_kAXXCAttributeAutomationType"
)
2026-08-21 01:54:29.661 Df Flagstone[71040:77d8f] [com.apple.dt.xctest:Default] XCTPerformOnMainRunLoop[not MT]: about to CFRunLoopPerform
2026-08-21 01:54:29.661 Df Flagstone[71040:77d8f] [com.apple.dt.xctest:Default] XCTPerformOnMainRunLoop[not MT]: waiting with 30.00s responsiveness timeout
2026-08-21 01:54:29.661 Df Flagstone[71040:777aa] [com.apple.dt.xctest:Default] XCTPerformOnMainRunLoop[MT]: inside CFRunLoopPerform
2026-08-21 01:54:29.661 Df Flagstone[71040:777aa] [com.apple.dt.xctest:Default] XCTPerformOnMainRunLoop[MT]: MT responded in time (won the race to the busy flag)
2026-08-21 01:54:29.661 Df Flagstone[71040:77d8f] [com.apple.dt.xctest:Default] XCTPerformOnMainRunLoop[not MT]: waiting 60.00s for work to complete
2026-08-21 01:54:29.661 Df Flagstone[71040:777aa] [com.apple.dt.xctest:Default] Fetching AX attributes XC_kAXXCAttributeElementType, XC_kAXXCAttributeElementBaseType, XC_kAXXCAttributeTraits, XC_kAXXCAttributeAutomationType for App element pid: 71040
2026-08-21 01:54:29.661 Df Flagstone[71040:777aa] [com.apple.dt.xctest:Default] Got attributes, transferring to dictionary for return.
2026-08-21 01:54:29.661 Df Flagstone[71040:77d8f] [com.apple.dt.xctest:Default] Replying with attribute values: {
    "XC_kAXXCAttributeAutomationType" = 1;
    "XC_kAXXCAttributeElementBaseType" = UIApplication;
    "XC_kAXXCAttributeElementType" = UIApplication;
    "XC_kAXXCAttributeTraits" = 0;
}
2026-08-21 01:54:29.693 Df Flagstone[71040:77d8f] [com.apple.dt.xctest:Default] Received attributes request for element: App element pid: 71040. Attributes: (
    "XC_kAXXCAttributeFrame",
    "XC_kAXXCAttributeWindowDisplayId",
    "XC_kAXXCAttributeWindowContextId"
)
2026-08-21 01:54:29.693 Df Flagstone[71040:77bf1] [com.apple.dt.xctest:Default] XCTPerformOnMainRunLoop[not MT]: about to CFRunLoopPerform
2026-08-21 01:54:29.693 Df Flagstone[71040:77bf1] [com.apple.dt.xctest:Default] XCTPerformOnMainRunLoop[not MT]: waiting with 30.00s responsiveness timeout
2026-08-21 01:54:29.693 Df Flagstone[71040:777aa] [com.apple.dt.xctest:Default] XCTPerformOnMainRunLoop[MT]: inside CFRunLoopPerform
2026-08-21 01:54:29.693 Df Flagstone[71040:777aa] [com.apple.dt.xctest:Default] XCTPerformOnMainRunLoop[MT]: MT responded in time (won the race to the busy flag)
2026-08-21 01:54:29.693 Df Flagstone[71040:77bf1] [com.apple.dt.xctest:Default] XCTPerformOnMainRunLoop[not MT]: waiting 60.00s for work to complete
2026-08-21 01:54:29.693 Df Flagstone[71040:777aa] [com.apple.dt.xctest:Default] Fetching AX attributes XC_kAXXCAttributeFrame, XC_kAXXCAttributeWindowDisplayId, XC_kAXXCAttributeWindowContextId for App element pid: 71040
2026-08-21 01:54:29.693 Df Flagstone[71040:777aa] [com.apple.dt.xctest:Default] Got attributes, transferring to dictionary for return.
2026-08-21 01:54:29.693 Df Flagstone[71040:77bf1] [com.apple.dt.xctest:Default] Replying with attribute values: {
    "XC_kAXXCAttributeFrame" =     {
        Height = 844;
        Width = 390;
        X = 0;
        Y = 0;
    };
    "XC_kAXXCAttributeWindowContextId" = 3754875688;
    "XC_kAXXCAttributeWindowDisplayId" = 0;
}
2026-08-21 01:54:29.695 Df Flagstone[71040:77bf1] [com.apple.dt.xctest:Default] Received attributes request for element: App element pid: 71040. Attributes: (
    "XC_kAXXCAttributeElementType",
    "XC_kAXXCAttributeElementBaseType",
    "XC_kAXXCAttributeTraits",
    "XC_kAXXCAttributeAutomationType"
)
2026-08-21 01:54:29.695 Df Flagstone[71040:77d8f] [com.apple.dt.xctest:Default] XCTPerformOnMainRunLoop[not MT]: about to CFRunLoopPerform
2026-08-21 01:54:29.695 Df Flagstone[71040:77d8f] [com.apple.dt.xctest:Default] XCTPerformOnMainRunLoop[not MT]: waiting with 30.00s responsiveness timeout
2026-08-21 01:54:29.695 Df Flagstone[71040:777aa] [com.apple.dt.xctest:Default] XCTPerformOnMainRunLoop[MT]: inside CFRunLoopPerform
2026-08-21 01:54:29.695 Df Flagstone[71040:777aa] [com.apple.dt.xctest:Default] XCTPerformOnMainRunLoop[MT]: MT responded in time (won the race to the busy flag)
2026-08-21 01:54:29.695 Df Flagstone[71040:77d8f] [com.apple.dt.xctest:Default] XCTPerformOnMainRunLoop[not MT]: waiting 60.00s for work to complete
2026-08-21 01:54:29.695 Df Flagstone[71040:777aa] [com.apple.dt.xctest:Default] Fetching AX attributes XC_kAXXCAttributeElementType, XC_kAXXCAttributeElementBaseType, XC_kAXXCAttributeTraits, XC_kAXXCAttributeAutomationType for App element pid: 71040
2026-08-21 01:54:29.695 Df Flagstone[71040:777aa] [com.apple.dt.xctest:Default] Got attributes, transferring to dictionary for return.
2026-08-21 01:54:29.695 Df Flagstone[71040:77d8f] [com.apple.dt.xctest:Default] Replying with attribute values: {
    "XC_kAXXCAttributeAutomationType" = 1;
    "XC_kAXXCAttributeElementBaseType" = UIApplication;
    "XC_kAXXCAttributeElementType" = UIApplication;
    "XC_kAXXCAttributeTraits" = 0;
}
2026-08-21 01:54:29.698 Df Flagstone[71040:77d8f] [com.apple.dt.xctest:Default] Received attributes request for element: App element pid: 71040. Attributes: (
    "XC_kAXXCAttributeWindowDisplayId"
)
2026-08-21 01:54:29.698 Df Flagstone[71040:77bf1] [com.apple.dt.xctest:Default] XCTPerformOnMainRunLoop[not MT]: about to CFRunLoopPerform
2026-08-21 01:54:29.698 Df Flagstone[71040:77bf1] [com.apple.dt.xctest:Default] XCTPerformOnMainRunLoop[not MT]: waiting with 30.00s responsiveness timeout
2026-08-21 01:54:29.698 Df Flagstone[71040:777aa] [com.apple.dt.xctest:Default] XCTPerformOnMainRunLoop[MT]: inside CFRunLoopPerform
2026-08-21 01:54:29.698 Df Flagstone[71040:777aa] [com.apple.dt.xctest:Default] XCTPerformOnMainRunLoop[MT]: MT responded in time (won the race to the busy flag)
2026-08-21 01:54:29.698 Df Flagstone[71040:777aa] [com.apple.dt.xctest:Default] Fetching AX attributes XC_kAXXCAttributeWindowDisplayId for App element pid: 71040
2026-08-21 01:54:29.698 Df Flagstone[71040:77bf1] [com.apple.dt.xctest:Default] XCTPerformOnMainRunLoop[not MT]: waiting 60.00s for work to complete
2026-08-21 01:54:29.698 Df Flagstone[71040:777aa] [com.apple.dt.xctest:Default] Got attributes, transferring to dictionary for return.
2026-08-21 01:54:29.698 Df Flagstone[71040:77bf1] [com.apple.dt.xctest:Default] Replying with attribute values: {
    "XC_kAXXCAttributeWindowDisplayId" = 0;
}
2026-08-21 01:54:29.791 Df Flagstone[71040:777aa] [com.apple.KeyboardArbiter:Client] TX focusApplication (peekAppEvent) stealKB:Y scene:com.accessmap.app-default
2026-08-21 01:54:29.793 Df Flagstone[71040:777aa] [com.apple.UIKit:EventDispatch] Evaluating dispatch of UIEvent: 0x104d42d00; type: 0; subtype: 0; backing type: 11; shouldSend: 1; ignoreInteractionEvents: 0, systemGestureStateChange: 0
2026-08-21 01:54:29.793 Df Flagstone[71040:777aa] [com.apple.UIKit:EventDispatch] Sending UIEvent type: 0; subtype: 0; to windows: 1
2026-08-21 01:54:29.793 Df Flagstone[71040:777aa] [com.apple.UIKit:EventDispatch] Sending UIEvent type: 0; subtype: 0; to window: <UIWindow: 0x104dc8400>; contextId: 0xDFCEDB28
2026-08-21 01:54:29.814 Df Flagstone[71040:777aa] [com.apple.UIKit:EventDispatch] Evaluating dispatch of UIEvent: 0x104d42d00; type: 0; subtype: 0; backing type: 11; shouldSend: 1; ignoreInteractionEvents: 0, systemGestureStateChange: 0
2026-08-21 01:54:29.814 Df Flagstone[71040:777aa] [com.apple.UIKit:EventDispatch] Sending UIEvent type: 0; subtype: 0; to windows: 1
2026-08-21 01:54:29.814 Df Flagstone[71040:777aa] [com.apple.UIKit:EventDispatch] Sending UIEvent type: 0; subtype: 0; to window: <UIWindow: 0x104dc8400>; contextId: 0xDFCEDB28
2026-08-21 01:54:29.830 Df Flagstone[71040:777aa] [com.apple.UIKit:EventDispatch] Evaluating dispatch of UIEvent: 0x104d42d00; type: 0; subtype: 0; backing type: 11; shouldSend: 1; ignoreInteractionEvents: 0, systemGestureStateChange: 0
2026-08-21 01:54:29.830 Df Flagstone[71040:777aa] [com.apple.UIKit:EventDispatch] Sending UIEvent type: 0; subtype: 0; to windows: 1
2026-08-21 01:54:29.830 Df Flagstone[71040:777aa] [com.apple.UIKit:EventDispatch] Sending UIEvent type: 0; subtype: 0; to window: <UIWindow: 0x104dc8400>; contextId: 0xDFCEDB28
2026-08-21 01:54:29.846 Df Flagstone[71040:777aa] [com.apple.UIKit:EventDispatch] Evaluating dispatch of UIEvent: 0x104d42d00; type: 0; subtype: 0; backing type: 11; shouldSend: 1; ignoreInteractionEvents: 0, systemGestureStateChange: 0
2026-08-21 01:54:29.846 Df Flagstone[71040:777aa] [com.apple.UIKit:EventDispatch] Sending UIEvent type: 0; subtype: 0; to windows: 1
2026-08-21 01:54:29.846 Df Flagstone[71040:777aa] [com.apple.UIKit:EventDispatch] Sending UIEvent type: 0; subtype: 0; to window: <UIWindow: 0x104dc8400>; contextId: 0xDFCEDB28
2026-08-21 01:54:29.847 Df Flagstone[71040:777aa] [com.apple.UIKit:EventDispatch] Evaluating dispatch of UIEvent: 0x104d42d00; type: 0; subtype: 0; backing type: 11; shouldSend: 0; ignoreInteractionEvents: 0, systemGestureStateChange: 1
2026-08-21 01:54:29.847 A  Flagstone[71040:777aa] (UIKitCore) send gesture actions
2026-08-21 01:54:29.847 A  Flagstone[71040:777aa] (UIKitCore) send gesture actions
2026-08-21 01:54:29.847 A  Flagstone[71040:777aa] (UIKitCore) send gesture actions
2026-08-21 01:54:29.868 Df Flagstone[71040:777aa] [com.apple.UIKit:UIPointerArbiter] Ignoring beginScrollingWithRegion: <UIPointerRegion: 0x119832670; rect = (0 0; 390 763); identifier = UIScrollView.scrollingPointerRegion> because pointer state is disabled
2026-08-21 01:54:29.868 Df Flagstone[71040:77bf1] [com.apple.BoardServices:XPCErrors] [C:3] Alloc com.apple.PointerUI.pointeruid.service
2026-08-21 01:54:29.868 Df Flagstone[71040:77bf1] [com.apple.xpc:connection] [0x119948f00] activating connection: mach=false listener=false peer=false name=(anonymous)
2026-08-21 01:54:29.871 Df Flagstone[71040:777aa] [com.apple.UIKit:EventDispatch] Evaluating dispatch of UIEvent: 0x104d42d00; type: 0; subtype: 0; backing type: 11; shouldSend: 1; ignoreInteractionEvents: 0, systemGestureStateChange: 0
2026-08-21 01:54:29.871 Df Flagstone[71040:777aa] [com.apple.UIKit:EventDispatch] Sending UIEvent type: 0; subtype: 0; to windows: 1
2026-08-21 01:54:29.871 Df Flagstone[71040:777aa] [com.apple.UIKit:EventDispatch] Sending UIEvent type: 0; subtype: 0; to window: <UIWindow: 0x104dc8400>; contextId: 0xDFCEDB28
2026-08-21 01:54:29.871 A  Flagstone[71040:777aa] (UIKitCore) send gesture actions
2026-08-21 01:54:29.871 A  Flagstone[71040:777aa] (UIKitCore) send gesture actions
2026-08-21 01:54:29.925 Df Flagstone[71040:777aa] [com.apple.UIKit:EventDispatch] Evaluating dispatch of UIEvent: 0x104d42d00; type: 0; subtype: 0; backing type: 11; shouldSend: 1; ignoreInteractionEvents: 0, systemGestureStateChange: 0
2026-08-21 01:54:29.925 Df Flagstone[71040:777aa] [com.apple.UIKit:EventDispatch] Sending UIEvent type: 0; subtype: 0; to windows: 1
2026-08-21 01:54:29.925 Df Flagstone[71040:777aa] [com.apple.UIKit:EventDispatch] Sending UIEvent type: 0; subtype: 0; to window: <UIWindow: 0x104dc8400>; contextId: 0xDFCEDB28
2026-08-21 01:54:29.925 A  Flagstone[71040:777aa] (UIKitCore) send gesture actions
2026-08-21 01:54:29.925 A  Flagstone[71040:777aa] (UIKitCore) send gesture actions
2026-08-21 01:54:29.930 Df Flagstone[71040:777aa] [com.apple.UIKit:EventDispatch] Evaluating dispatch of UIEvent: 0x104d42d00; type: 0; subtype: 0; backing type: 11; shouldSend: 1; ignoreInteractionEvents: 0, systemGestureStateChange: 0
2026-08-21 01:54:29.931 Df Flagstone[71040:777aa] [com.apple.UIKit:EventDispatch] Sending UIEvent type: 0; subtype: 0; to windows: 1
2026-08-21 01:54:29.931 Df Flagstone[71040:777aa] [com.apple.UIKit:EventDispatch] Sending UIEvent type: 0; subtype: 0; to window: <UIWindow: 0x104dc8400>; contextId: 0xDFCEDB28
2026-08-21 01:54:29.931 A  Flagstone[71040:777aa] (UIKitCore) send gesture actions
2026-08-21 01:54:29.931 A  Flagstone[71040:777aa] (UIKitCore) send gesture actions
2026-08-21 01:54:29.946 Df Flagstone[71040:777aa] [com.apple.UIKit:EventDispatch] Evaluating dispatch of UIEvent: 0x104d42d00; type: 0; subtype: 0; backing type: 11; shouldSend: 1; ignoreInteractionEvents: 0, systemGestureStateChange: 0
2026-08-21 01:54:29.947 Df Flagstone[71040:777aa] [com.apple.UIKit:EventDispatch] Sending UIEvent type: 0; subtype: 0; to windows: 1
2026-08-21 01:54:29.947 Df Flagstone[71040:777aa] [com.apple.UIKit:EventDispatch] Sending UIEvent type: 0; subtype: 0; to window: <UIWindow: 0x104dc8400>; contextId: 0xDFCEDB28
2026-08-21 01:54:29.947 A  Flagstone[71040:777aa] (UIKitCore) send gesture actions
2026-08-21 01:54:29.947 A  Flagstone[71040:777aa] (UIKitCore) send gesture actions
2026-08-21 01:54:29.964 Df Flagstone[71040:777aa] [com.apple.UIKit:EventDispatch] Evaluating dispatch of UIEvent: 0x104d42d00; type: 0; subtype: 0; backing type: 11; shouldSend: 1; ignoreInteractionEvents: 0, systemGestureStateChange: 0
2026-08-21 01:54:29.964 Df Flagstone[71040:777aa] [com.apple.UIKit:EventDispatch] Sending UIEvent type: 0; subtype: 0; to windows: 1
2026-08-21 01:54:29.964 Df Flagstone[71040:777aa] [com.apple.UIKit:EventDispatch] Sending UIEvent type: 0; subtype: 0; to window: <UIWindow: 0x104dc8400>; contextId: 0xDFCEDB28
2026-08-21 01:54:29.964 A  Flagstone[71040:777aa] (UIKitCore) send gesture actions
2026-08-21 01:54:29.964 A  Flagstone[71040:777aa] (UIKitCore) send gesture actions
2026-08-21 01:54:29.980 Df Flagstone[71040:777aa] [com.apple.UIKit:EventDispatch] Evaluating dispatch of UIEvent: 0x104d42d00; type: 0; subtype: 0; backing type: 11; shouldSend: 1; ignoreInteractionEvents: 0, systemGestureStateChange: 0
2026-08-21 01:54:29.980 Df Flagstone[71040:777aa] [com.apple.UIKit:EventDispatch] Sending UIEvent type: 0; subtype: 0; to windows: 1
2026-08-21 01:54:29.980 Df Flagstone[71040:777aa] [com.apple.UIKit:EventDispatch] Sending UIEvent type: 0; subtype: 0; to window: <UIWindow: 0x104dc8400>; contextId: 0xDFCEDB28
2026-08-21 01:54:29.980 A  Flagstone[71040:777aa] (UIKitCore) send gesture actions
2026-08-21 01:54:29.980 A  Flagstone[71040:777aa] (UIKitCore) send gesture actions
2026-08-21 01:54:29.997 Df Flagstone[71040:777aa] [com.apple.UIKit:EventDispatch] Evaluating dispatch of UIEvent: 0x104d42d00; type: 0; subtype: 0; backing type: 11; shouldSend: 1; ignoreInteractionEvents: 0, systemGestureStateChange: 0
2026-08-21 01:54:29.997 Df Flagstone[71040:777aa] [com.apple.UIKit:EventDispatch] Sending UIEvent type: 0; subtype: 0; to windows: 1
2026-08-21 01:54:29.997 Df Flagstone[71040:777aa] [com.apple.UIKit:EventDispatch] Sending UIEvent type: 0; subtype: 0; to window: <UIWindow: 0x104dc8400>; contextId: 0xDFCEDB28
2026-08-21 01:54:29.997 A  Flagstone[71040:777aa] (UIKitCore) send gesture actions
2026-08-21 01:54:29.997 A  Flagstone[71040:777aa] (UIKitCore) send gesture actions
2026-08-21 01:54:30.013 Df Flagstone[71040:777aa] [com.apple.UIKit:EventDispatch] Evaluating dispatch of UIEvent: 0x104d42d00; type: 0; subtype: 0; backing type: 11; shouldSend: 1; ignoreInteractionEvents: 0, systemGestureStateChange: 0
2026-08-21 01:54:30.013 Df Flagstone[71040:777aa] [com.apple.UIKit:EventDispatch] Sending UIEvent type: 0; subtype: 0; to windows: 1
2026-08-21 01:54:30.013 Df Flagstone[71040:777aa] [com.apple.UIKit:EventDispatch] Sending UIEvent type: 0; subtype: 0; to window: <UIWindow: 0x104dc8400>; contextId: 0xDFCEDB28
2026-08-21 01:54:30.014 A  Flagstone[71040:777aa] (UIKitCore) send gesture actions
2026-08-21 01:54:30.014 A  Flagstone[71040:777aa] (UIKitCore) send gesture actions
2026-08-21 01:54:30.030 Df Flagstone[71040:777aa] [com.apple.UIKit:EventDispatch] Evaluating dispatch of UIEvent: 0x104d42d00; type: 0; subtype: 0; backing type: 11; shouldSend: 1; ignoreInteractionEvents: 0, systemGestureStateChange: 0
2026-08-21 01:54:30.030 Df Flagstone[71040:777aa] [com.apple.UIKit:EventDispatch] Sending UIEvent type: 0; subtype: 0; to windows: 1
2026-08-21 01:54:30.030 Df Flagstone[71040:777aa] [com.apple.UIKit:EventDispatch] Sending UIEvent type: 0; subtype: 0; to window: <UIWindow: 0x104dc8400>; contextId: 0xDFCEDB28
2026-08-21 01:54:30.030 A  Flagstone[71040:777aa] (UIKitCore) send gesture actions
2026-08-21 01:54:30.030 A  Flagstone[71040:777aa] (UIKitCore) send gesture actions
2026-08-21 01:54:30.048 Df Flagstone[71040:777aa] [com.apple.UIKit:EventDispatch] Evaluating dispatch of UIEvent: 0x104d42d00; type: 0; subtype: 0; backing type: 11; shouldSend: 1; ignoreInteractionEvents: 0, systemGestureStateChange: 0
2026-08-21 01:54:30.048 Df Flagstone[71040:777aa] [com.apple.UIKit:EventDispatch] Sending UIEvent type: 0; subtype: 0; to windows: 1
2026-08-21 01:54:30.048 Df Flagstone[71040:777aa] [com.apple.UIKit:EventDispatch] Sending UIEvent type: 0; subtype: 0; to window: <UIWindow: 0x104dc8400>; contextId: 0xDFCEDB28
2026-08-21 01:54:30.048 A  Flagstone[71040:777aa] (UIKitCore) send gesture actions
2026-08-21 01:54:30.048 A  Flagstone[71040:777aa] (UIKitCore) send gesture actions
2026-08-21 01:54:30.063 Df Flagstone[71040:777aa] [com.apple.UIKit:EventDispatch] Evaluating dispatch of UIEvent: 0x104d42d00; type: 0; subtype: 0; backing type: 11; shouldSend: 1; ignoreInteractionEvents: 0, systemGestureStateChange: 0
2026-08-21 01:54:30.063 Df Flagstone[71040:777aa] [com.apple.UIKit:EventDispatch] Sending UIEvent type: 0; subtype: 0; to windows: 1
2026-08-21 01:54:30.063 Df Flagstone[71040:777aa] [com.apple.UIKit:EventDispatch] Sending UIEvent type: 0; subtype: 0; to window: <UIWindow: 0x104dc8400>; contextId: 0xDFCEDB28
2026-08-21 01:54:30.063 A  Flagstone[71040:777aa] (UIKitCore) send gesture actions
2026-08-21 01:54:30.063 A  Flagstone[71040:777aa] (UIKitCore) send gesture actions
2026-08-21 01:54:30.080 Df Flagstone[71040:777aa] [com.apple.UIKit:EventDispatch] Evaluating dispatch of UIEvent: 0x104d42d00; type: 0; subtype: 0; backing type: 11; shouldSend: 1; ignoreInteractionEvents: 0, systemGestureStateChange: 0
2026-08-21 01:54:30.080 Df Flagstone[71040:777aa] [com.apple.UIKit:EventDispatch] Sending UIEvent type: 0; subtype: 0; to windows: 1
2026-08-21 01:54:30.080 Df Flagstone[71040:777aa] [com.apple.UIKit:EventDispatch] Sending UIEvent type: 0; subtype: 0; to window: <UIWindow: 0x104dc8400>; contextId: 0xDFCEDB28
2026-08-21 01:54:30.080 A  Flagstone[71040:777aa] (UIKitCore) send gesture actions
2026-08-21 01:54:30.080 A  Flagstone[71040:777aa] (UIKitCore) send gesture actions
2026-08-21 01:54:30.096 Df Flagstone[71040:777aa] [com.apple.UIKit:EventDispatch] Evaluating dispatch of UIEvent: 0x104d42d00; type: 0; subtype: 0; backing type: 11; shouldSend: 1; ignoreInteractionEvents: 0, systemGestureStateChange: 0
2026-08-21 01:54:30.097 Df Flagstone[71040:777aa] [com.apple.UIKit:EventDispatch] Sending UIEvent type: 0; subtype: 0; to windows: 1
2026-08-21 01:54:30.097 Df Flagstone[71040:777aa] [com.apple.UIKit:EventDispatch] Sending UIEvent type: 0; subtype: 0; to window: <UIWindow: 0x104dc8400>; contextId: 0xDFCEDB28
2026-08-21 01:54:30.097 A  Flagstone[71040:777aa] (UIKitCore) send gesture actions
2026-08-21 01:54:30.097 A  Flagstone[71040:777aa] (UIKitCore) send gesture actions
2026-08-21 01:54:30.113 Df Flagstone[71040:777aa] [com.apple.UIKit:EventDispatch] Evaluating dispatch of UIEvent: 0x104d42d00; type: 0; subtype: 0; backing type: 11; shouldSend: 1; ignoreInteractionEvents: 0, systemGestureStateChange: 0
2026-08-21 01:54:30.113 Df Flagstone[71040:777aa] [com.apple.UIKit:EventDispatch] Sending UIEvent type: 0; subtype: 0; to windows: 1
2026-08-21 01:54:30.114 Df Flagstone[71040:777aa] [com.apple.UIKit:EventDispatch] Sending UIEvent type: 0; subtype: 0; to window: <UIWindow: 0x104dc8400>; contextId: 0xDFCEDB28
2026-08-21 01:54:30.114 A  Flagstone[71040:777aa] (UIKitCore) send gesture actions
2026-08-21 01:54:30.114 A  Flagstone[71040:777aa] (UIKitCore) send gesture actions
2026-08-21 01:54:30.130 Df Flagstone[71040:777aa] [com.apple.UIKit:EventDispatch] Evaluating dispatch of UIEvent: 0x104d42d00; type: 0; subtype: 0; backing type: 11; shouldSend: 1; ignoreInteractionEvents: 0, systemGestureStateChange: 0
2026-08-21 01:54:30.130 Df Flagstone[71040:777aa] [com.apple.UIKit:EventDispatch] Sending UIEvent type: 0; subtype: 0; to windows: 1
2026-08-21 01:54:30.130 Df Flagstone[71040:777aa] [com.apple.UIKit:EventDispatch] Sending UIEvent type: 0; subtype: 0; to window: <UIWindow: 0x104dc8400>; contextId: 0xDFCEDB28
2026-08-21 01:54:30.130 A  Flagstone[71040:777aa] (UIKitCore) send gesture actions
2026-08-21 01:54:30.130 A  Flagstone[71040:777aa] (UIKitCore) send gesture actions
2026-08-21 01:54:30.147 Df Flagstone[71040:777aa] [com.apple.UIKit:EventDispatch] Evaluating dispatch of UIEvent: 0x104d42d00; type: 0; subtype: 0; backing type: 11; shouldSend: 1; ignoreInteractionEvents: 0, systemGestureStateChange: 0
2026-08-21 01:54:30.147 Df Flagstone[71040:777aa] [com.apple.UIKit:EventDispatch] Sending UIEvent type: 0; subtype: 0; to windows: 1
2026-08-21 01:54:30.147 Df Flagstone[71040:777aa] [com.apple.UIKit:EventDispatch] Sending UIEvent type: 0; subtype: 0; to window: <UIWindow: 0x104dc8400>; contextId: 0xDFCEDB28
2026-08-21 01:54:30.147 A  Flagstone[71040:777aa] (UIKitCore) send gesture actions
2026-08-21 01:54:30.147 A  Flagstone[71040:777aa] (UIKitCore) send gesture actions
2026-08-21 01:54:30.164 Df Flagstone[71040:777aa] [com.apple.UIKit:EventDispatch] Evaluating dispatch of UIEvent: 0x104d42d00; type: 0; subtype: 0; backing type: 11; shouldSend: 1; ignoreInteractionEvents: 0, systemGestureStateChange: 0
2026-08-21 01:54:30.165 Df Flagstone[71040:777aa] [com.apple.UIKit:EventDispatch] Sending UIEvent type: 0; subtype: 0; to windows: 1
2026-08-21 01:54:30.165 Df Flagstone[71040:777aa] [com.apple.UIKit:EventDispatch] Sending UIEvent type: 0; subtype: 0; to window: <UIWindow: 0x104dc8400>; contextId: 0xDFCEDB28
2026-08-21 01:54:30.165 A  Flagstone[71040:777aa] (UIKitCore) send gesture actions
2026-08-21 01:54:30.165 A  Flagstone[71040:777aa] (UIKitCore) send gesture actions
2026-08-21 01:54:30.180 Df Flagstone[71040:777aa] [com.apple.UIKit:EventDispatch] Evaluating dispatch of UIEvent: 0x104d42d00; type: 0; subtype: 0; backing type: 11; shouldSend: 1; ignoreInteractionEvents: 0, systemGestureStateChange: 0
2026-08-21 01:54:30.180 Df Flagstone[71040:777aa] [com.apple.UIKit:EventDispatch] Sending UIEvent type: 0; subtype: 0; to windows: 1
2026-08-21 01:54:30.180 Df Flagstone[71040:777aa] [com.apple.UIKit:EventDispatch] Sending UIEvent type: 0; subtype: 0; to window: <UIWindow: 0x104dc8400>; contextId: 0xDFCEDB28
2026-08-21 01:54:30.180 A  Flagstone[71040:777aa] (UIKitCore) send gesture actions
2026-08-21 01:54:30.180 A  Flagstone[71040:777aa] (UIKitCore) send gesture actions
2026-08-21 01:54:30.198 Df Flagstone[71040:777aa] [com.apple.UIKit:EventDispatch] Evaluating dispatch of UIEvent: 0x104d42d00; type: 0; subtype: 0; backing type: 11; shouldSend: 1; ignoreInteractionEvents: 0, systemGestureStateChange: 0
2026-08-21 01:54:30.198 Df Flagstone[71040:777aa] [com.apple.UIKit:EventDispatch] Sending UIEvent type: 0; subtype: 0; to windows: 1
2026-08-21 01:54:30.199 Df Flagstone[71040:777aa] [com.apple.UIKit:EventDispatch] Sending UIEvent type: 0; subtype: 0; to window: <UIWindow: 0x104dc8400>; contextId: 0xDFCEDB28
2026-08-21 01:54:30.199 A  Flagstone[71040:777aa] (UIKitCore) send gesture actions
2026-08-21 01:54:30.199 A  Flagstone[71040:777aa] (UIKitCore) send gesture actions
2026-08-21 01:54:30.213 Df Flagstone[71040:777aa] [com.apple.UIKit:EventDispatch] Evaluating dispatch of UIEvent: 0x104d42d00; type: 0; subtype: 0; backing type: 11; shouldSend: 1; ignoreInteractionEvents: 0, systemGestureStateChange: 0
2026-08-21 01:54:30.213 Df Flagstone[71040:777aa] [com.apple.UIKit:EventDispatch] Sending UIEvent type: 0; subtype: 0; to windows: 1
2026-08-21 01:54:30.213 Df Flagstone[71040:777aa] [com.apple.UIKit:EventDispatch] Sending UIEvent type: 0; subtype: 0; to window: <UIWindow: 0x104dc8400>; contextId: 0xDFCEDB28
2026-08-21 01:54:30.214 A  Flagstone[71040:777aa] (UIKitCore) send gesture actions
2026-08-21 01:54:30.214 A  Flagstone[71040:777aa] (UIKitCore) send gesture actions
2026-08-21 01:54:30.231 Df Flagstone[71040:777aa] [com.apple.UIKit:EventDispatch] Evaluating dispatch of UIEvent: 0x104d42d00; type: 0; subtype: 0; backing type: 11; shouldSend: 1; ignoreInteractionEvents: 0, systemGestureStateChange: 0
2026-08-21 01:54:30.231 Df Flagstone[71040:777aa] [com.apple.UIKit:EventDispatch] Sending UIEvent type: 0; subtype: 0; to windows: 1
2026-08-21 01:54:30.231 Df Flagstone[71040:777aa] [com.apple.UIKit:EventDispatch] Sending UIEvent type: 0; subtype: 0; to window: <UIWindow: 0x104dc8400>; contextId: 0xDFCEDB28
2026-08-21 01:54:30.231 A  Flagstone[71040:777aa] (UIKitCore) send gesture actions
2026-08-21 01:54:30.231 A  Flagstone[71040:777aa] (UIKitCore) send gesture actions
2026-08-21 01:54:30.247 Df Flagstone[71040:777aa] [com.apple.UIKit:EventDispatch] Evaluating dispatch of UIEvent: 0x104d42d00; type: 0; subtype: 0; backing type: 11; shouldSend: 1; ignoreInteractionEvents: 0, systemGestureStateChange: 0
2026-08-21 01:54:30.247 Df Flagstone[71040:777aa] [com.apple.UIKit:EventDispatch] Sending UIEvent type: 0; subtype: 0; to windows: 1
2026-08-21 01:54:30.247 Df Flagstone[71040:777aa] [com.apple.UIKit:EventDispatch] Sending UIEvent type: 0; subtype: 0; to window: <UIWindow: 0x104dc8400>; contextId: 0xDFCEDB28
2026-08-21 01:54:30.247 A  Flagstone[71040:777aa] (UIKitCore) send gesture actions
2026-08-21 01:54:30.247 A  Flagstone[71040:777aa] (UIKitCore) send gesture actions
2026-08-21 01:54:30.263 Df Flagstone[71040:777aa] [com.apple.UIKit:EventDispatch] Evaluating dispatch of UIEvent: 0x104d42d00; type: 0; subtype: 0; backing type: 11; shouldSend: 1; ignoreInteractionEvents: 0, systemGestureStateChange: 0
2026-08-21 01:54:30.263 Df Flagstone[71040:777aa] [com.apple.UIKit:EventDispatch] Sending UIEvent type: 0; subtype: 0; to windows: 1
2026-08-21 01:54:30.263 Df Flagstone[71040:777aa] [com.apple.UIKit:EventDispatch] Sending UIEvent type: 0; subtype: 0; to window: <UIWindow: 0x104dc8400>; contextId: 0xDFCEDB28
2026-08-21 01:54:30.263 A  Flagstone[71040:777aa] (UIKitCore) send gesture actions
2026-08-21 01:54:30.263 A  Flagstone[71040:777aa] (UIKitCore) send gesture actions
2026-08-21 01:54:30.280 Df Flagstone[71040:777aa] [com.apple.UIKit:EventDispatch] Evaluating dispatch of UIEvent: 0x104d42d00; type: 0; subtype: 0; backing type: 11; shouldSend: 1; ignoreInteractionEvents: 0, systemGestureStateChange: 0
2026-08-21 01:54:30.280 Df Flagstone[71040:777aa] [com.apple.UIKit:EventDispatch] Sending UIEvent type: 0; subtype: 0; to windows: 1
2026-08-21 01:54:30.280 Df Flagstone[71040:777aa] [com.apple.UIKit:EventDispatch] Sending UIEvent type: 0; subtype: 0; to window: <UIWindow: 0x104dc8400>; contextId: 0xDFCEDB28
2026-08-21 01:54:30.281 A  Flagstone[71040:777aa] (UIKitCore) send gesture actions
2026-08-21 01:54:30.281 A  Flagstone[71040:777aa] (UIKitCore) send gesture actions
2026-08-21 01:54:30.297 Df Flagstone[71040:777aa] [com.apple.UIKit:EventDispatch] Evaluating dispatch of UIEvent: 0x104d42d00; type: 0; subtype: 0; backing type: 11; shouldSend: 1; ignoreInteractionEvents: 0, systemGestureStateChange: 0
2026-08-21 01:54:30.297 Df Flagstone[71040:777aa] [com.apple.UIKit:EventDispatch] Sending UIEvent type: 0; subtype: 0; to windows: 1
2026-08-21 01:54:30.297 Df Flagstone[71040:777aa] [com.apple.UIKit:EventDispatch] Sending UIEvent type: 0; subtype: 0; to window: <UIWindow: 0x104dc8400>; contextId: 0xDFCEDB28
2026-08-21 01:54:30.298 A  Flagstone[71040:777aa] (UIKitCore) send gesture actions
2026-08-21 01:54:30.298 A  Flagstone[71040:777aa] (UIKitCore) send gesture actions
2026-08-21 01:54:30.313 Df Flagstone[71040:777aa] [com.apple.UIKit:EventDispatch] Evaluating dispatch of UIEvent: 0x104d42d00; type: 0; subtype: 0; backing type: 11; shouldSend: 1; ignoreInteractionEvents: 0, systemGestureStateChange: 0
2026-08-21 01:54:30.313 Df Flagstone[71040:777aa] [com.apple.UIKit:EventDispatch] Sending UIEvent type: 0; subtype: 0; to windows: 1
2026-08-21 01:54:30.313 Df Flagstone[71040:777aa] [com.apple.UIKit:EventDispatch] Sending UIEvent type: 0; subtype: 0; to window: <UIWindow: 0x104dc8400>; contextId: 0xDFCEDB28
2026-08-21 01:54:30.314 A  Flagstone[71040:777aa] (UIKitCore) send gesture actions
2026-08-21 01:54:30.314 A  Flagstone[71040:777aa] (UIKitCore) send gesture actions
2026-08-21 01:54:30.330 Df Flagstone[71040:777aa] [com.apple.UIKit:EventDispatch] Evaluating dispatch of UIEvent: 0x104d42d00; type: 0; subtype: 0; backing type: 11; shouldSend: 1; ignoreInteractionEvents: 0, systemGestureStateChange: 0
2026-08-21 01:54:30.330 Df Flagstone[71040:777aa] [com.apple.UIKit:EventDispatch] Sending UIEvent type: 0; subtype: 0; to windows: 1
2026-08-21 01:54:30.330 Df Flagstone[71040:777aa] [com.apple.UIKit:EventDispatch] Sending UIEvent type: 0; subtype: 0; to window: <UIWindow: 0x104dc8400>; contextId: 0xDFCEDB28
2026-08-21 01:54:30.331 A  Flagstone[71040:777aa] (UIKitCore) send gesture actions
2026-08-21 01:54:30.331 A  Flagstone[71040:777aa] (UIKitCore) send gesture actions
2026-08-21 01:54:30.347 Df Flagstone[71040:777aa] [com.apple.UIKit:EventDispatch] Evaluating dispatch of UIEvent: 0x104d42d00; type: 0; subtype: 0; backing type: 11; shouldSend: 1; ignoreInteractionEvents: 0, systemGestureStateChange: 0
2026-08-21 01:54:30.347 Df Flagstone[71040:777aa] [com.apple.UIKit:EventDispatch] Sending UIEvent type: 0; subtype: 0; to windows: 1
2026-08-21 01:54:30.347 Df Flagstone[71040:777aa] [com.apple.UIKit:EventDispatch] Sending UIEvent type: 0; subtype: 0; to window: <UIWindow: 0x104dc8400>; contextId: 0xDFCEDB28
2026-08-21 01:54:30.347 A  Flagstone[71040:777aa] (UIKitCore) send gesture actions
2026-08-21 01:54:30.347 A  Flagstone[71040:777aa] (UIKitCore) send gesture actions
2026-08-21 01:54:30.363 Df Flagstone[71040:777aa] [com.apple.UIKit:EventDispatch] Evaluating dispatch of UIEvent: 0x104d42d00; type: 0; subtype: 0; backing type: 11; shouldSend: 1; ignoreInteractionEvents: 0, systemGestureStateChange: 0
2026-08-21 01:54:30.363 Df Flagstone[71040:777aa] [com.apple.UIKit:EventDispatch] Sending UIEvent type: 0; subtype: 0; to windows: 1
2026-08-21 01:54:30.363 Df Flagstone[71040:777aa] [com.apple.UIKit:EventDispatch] Sending UIEvent type: 0; subtype: 0; to window: <UIWindow: 0x104dc8400>; contextId: 0xDFCEDB28
2026-08-21 01:54:30.364 A  Flagstone[71040:777aa] (UIKitCore) send gesture actions
2026-08-21 01:54:30.364 A  Flagstone[71040:777aa] (UIKitCore) send gesture actions
2026-08-21 01:54:30.635 Df Flagstone[71040:77bf1] [com.apple.dt.xctest:Default] Received request to notify when the main run loop is idle
2026-08-21 01:54:30.635 Df Flagstone[71040:77bf1] [com.apple.dt.xctest:Default] Idle notifier finished setting up run loop observer
2026-08-21 01:54:30.637 Df Flagstone[71040:77bf1] [com.apple.dt.xctest:Default] Received request to notify when animations are idle
2026-08-21 01:54:32.131 Df Flagstone[71040:777aa] [com.apple.UIKit:UIPointerArbiter] Ignoring endScrollingWithRegion: <UIPointerRegion: 0x119832670; rect = (0 0; 390 763); identifier = UIScrollView.scrollingPointerRegion> because scrollingRegion does not match: (null)
2026-08-21 01:54:32.135 Df Flagstone[71040:777aa] [com.apple.dt.xctest:Default] Idle notifier run loop observer fired
2026-08-21 01:54:32.135 Df Flagstone[71040:777aa] [com.apple.dt.xctest:Default] Sending main run loop idle reply
2026-08-21 01:55:03.427 Df Flagstone[71040:77f38] [com.apple.dt.xctest:Default] Received attributes request for element: App element pid: 71040. Attributes: (
    "XC_kAXXCAttributeFrame",
    "XC_kAXXCAttributeWindowDisplayId",
    "XC_kAXXCAttributeWindowContextId"
)
2026-08-21 01:55:03.427 Df Flagstone[71040:780bc] [com.apple.dt.xctest:Default] XCTPerformOnMainRunLoop[not MT]: about to CFRunLoopPerform
2026-08-21 01:55:03.427 Df Flagstone[71040:780bc] [com.apple.dt.xctest:Default] XCTPerformOnMainRunLoop[not MT]: waiting with 30.00s responsiveness timeout
2026-08-21 01:55:03.427 Df Flagstone[71040:777aa] [com.apple.dt.xctest:Default] XCTPerformOnMainRunLoop[MT]: inside CFRunLoopPerform
2026-08-21 01:55:03.427 Df Flagstone[71040:777aa] [com.apple.dt.xctest:Default] XCTPerformOnMainRunLoop[MT]: MT responded in time (won the race to the busy flag)
2026-08-21 01:55:03.427 Df Flagstone[71040:780bc] [com.apple.dt.xctest:Default] XCTPerformOnMainRunLoop[not MT]: waiting 60.00s for work to complete
2026-08-21 01:55:03.427 Df Flagstone[71040:777aa] [com.apple.dt.xctest:Default] Fetching AX attributes XC_kAXXCAttributeFrame, XC_kAXXCAttributeWindowDisplayId, XC_kAXXCAttributeWindowContextId for App element pid: 71040
2026-08-21 01:55:03.427 Df Flagstone[71040:777aa] [com.apple.dt.xctest:Default] Got attributes, transferring to dictionary for return.
2026-08-21 01:55:03.428 Df Flagstone[71040:780bc] [com.apple.dt.xctest:Default] Replying with attribute values: {
    "XC_kAXXCAttributeFrame" =     {
        Height = 844;
        Width = 390;
        X = 0;
        Y = 0;
    };
    "XC_kAXXCAttributeWindowContextId" = 3754875688;
    "XC_kAXXCAttributeWindowDisplayId" = 0;
}
2026-08-21 01:55:03.430 Df Flagstone[71040:780bc] [com.apple.dt.xctest:Default] Received attributes request for element: App element pid: 71040. Attributes: (
    "XC_kAXXCAttributeElementType",
    "XC_kAXXCAttributeElementBaseType",
    "XC_kAXXCAttributeTraits",
    "XC_kAXXCAttributeAutomationType"
)
2026-08-21 01:55:03.430 Df Flagstone[71040:77f38] [com.apple.dt.xctest:Default] XCTPerformOnMainRunLoop[not MT]: about to CFRunLoopPerform
2026-08-21 01:55:03.430 Df Flagstone[71040:77f38] [com.apple.dt.xctest:Default] XCTPerformOnMainRunLoop[not MT]: waiting with 30.00s responsiveness timeout
2026-08-21 01:55:03.430 Df Flagstone[71040:777aa] [com.apple.dt.xctest:Default] XCTPerformOnMainRunLoop[MT]: inside CFRunLoopPerform
2026-08-21 01:55:03.430 Df Flagstone[71040:777aa] [com.apple.dt.xctest:Default] XCTPerformOnMainRunLoop[MT]: MT responded in time (won the race to the busy flag)
2026-08-21 01:55:03.430 Df Flagstone[71040:77f38] [com.apple.dt.xctest:Default] XCTPerformOnMainRunLoop[not MT]: waiting 60.00s for work to complete
2026-08-21 01:55:03.430 Df Flagstone[71040:777aa] [com.apple.dt.xctest:Default] Fetching AX attributes XC_kAXXCAttributeElementType, XC_kAXXCAttributeElementBaseType, XC_kAXXCAttributeTraits, XC_kAXXCAttributeAutomationType for App element pid: 71040
2026-08-21 01:55:03.430 Df Flagstone[71040:777aa] [com.apple.dt.xctest:Default] Got attributes, transferring to dictionary for return.
2026-08-21 01:55:03.430 Df Flagstone[71040:77f38] [com.apple.dt.xctest:Default] Replying with attribute values: {
    "XC_kAXXCAttributeAutomationType" = 1;
    "XC_kAXXCAttributeElementBaseType" = UIApplication;
    "XC_kAXXCAttributeElementType" = UIApplication;
    "XC_kAXXCAttributeTraits" = 0;
}
2026-08-21 01:55:03.468 Df Flagstone[71040:77f38] [com.apple.dt.xctest:Default] Received attributes request for element: App element pid: 71040. Attributes: (
    "XC_kAXXCAttributeFrame",
    "XC_kAXXCAttributeWindowDisplayId",
    "XC_kAXXCAttributeWindowContextId"
)
2026-08-21 01:55:03.468 Df Flagstone[71040:780bc] [com.apple.dt.xctest:Default] XCTPerformOnMainRunLoop[not MT]: about to CFRunLoopPerform
2026-08-21 01:55:03.468 Df Flagstone[71040:780bc] [com.apple.dt.xctest:Default] XCTPerformOnMainRunLoop[not MT]: waiting with 30.00s responsiveness timeout
2026-08-21 01:55:03.468 Df Flagstone[71040:777aa] [com.apple.dt.xctest:Default] XCTPerformOnMainRunLoop[MT]: inside CFRunLoopPerform
2026-08-21 01:55:03.468 Df Flagstone[71040:777aa] [com.apple.dt.xctest:Default] XCTPerformOnMainRunLoop[MT]: MT responded in time (won the race to the busy flag)
2026-08-21 01:55:03.468 Df Flagstone[71040:780bc] [com.apple.dt.xctest:Default] XCTPerformOnMainRunLoop[not MT]: waiting 60.00s for work to complete
2026-08-21 01:55:03.468 Df Flagstone[71040:777aa] [com.apple.dt.xctest:Default] Fetching AX attributes XC_kAXXCAttributeFrame, XC_kAXXCAttributeWindowDisplayId, XC_kAXXCAttributeWindowContextId for App element pid: 71040
2026-08-21 01:55:03.468 Df Flagstone[71040:777aa] [com.apple.dt.xctest:Default] Got attributes, transferring to dictionary for return.
2026-08-21 01:55:03.468 Df Flagstone[71040:780bc] [com.apple.dt.xctest:Default] Replying with attribute values: {
    "XC_kAXXCAttributeFrame" =     {
        Height = 844;
        Width = 390;
        X = 0;
        Y = 0;
    };
    "XC_kAXXCAttributeWindowContextId" = 3754875688;
    "XC_kAXXCAttributeWindowDisplayId" = 0;
}
2026-08-21 01:55:03.470 Df Flagstone[71040:780bc] [com.apple.dt.xctest:Default] Received attributes request for element: App element pid: 71040. Attributes: (
    "XC_kAXXCAttributeElementType",
    "XC_kAXXCAttributeElementBaseType",
    "XC_kAXXCAttributeTraits",
    "XC_kAXXCAttributeAutomationType"
)
2026-08-21 01:55:03.471 Df Flagstone[71040:77f38] [com.apple.dt.xctest:Default] XCTPerformOnMainRunLoop[not MT]: about to CFRunLoopPerform
2026-08-21 01:55:03.471 Df Flagstone[71040:77f38] [com.apple.dt.xctest:Default] XCTPerformOnMainRunLoop[not MT]: waiting with 30.00s responsiveness timeout
2026-08-21 01:55:03.471 Df Flagstone[71040:777aa] [com.apple.dt.xctest:Default] XCTPerformOnMainRunLoop[MT]: inside CFRunLoopPerform
2026-08-21 01:55:03.471 Df Flagstone[71040:777aa] [com.apple.dt.xctest:Default] XCTPerformOnMainRunLoop[MT]: MT responded in time (won the race to the busy flag)
2026-08-21 01:55:03.471 Df Flagstone[71040:77f38] [com.apple.dt.xctest:Default] XCTPerformOnMainRunLoop[not MT]: waiting 60.00s for work to complete
2026-08-21 01:55:03.471 Df Flagstone[71040:777aa] [com.apple.dt.xctest:Default] Fetching AX attributes XC_kAXXCAttributeElementType, XC_kAXXCAttributeElementBaseType, XC_kAXXCAttributeTraits, XC_kAXXCAttributeAutomationType for App element pid: 71040
2026-08-21 01:55:03.471 Df Flagstone[71040:777aa] [com.apple.dt.xctest:Default] Got attributes, transferring to dictionary for return.
2026-08-21 01:55:03.471 Df Flagstone[71040:77f38] [com.apple.dt.xctest:Default] Replying with attribute values: {
    "XC_kAXXCAttributeAutomationType" = 1;
    "XC_kAXXCAttributeElementBaseType" = UIApplication;
    "XC_kAXXCAttributeElementType" = UIApplication;
    "XC_kAXXCAttributeTraits" = 0;
}
2026-08-21 01:55:03.474 Df Flagstone[71040:77f38] [com.apple.dt.xctest:Default] Received attributes request for element: App element pid: 71040. Attributes: (
    "XC_kAXXCAttributeWindowDisplayId"
)
2026-08-21 01:55:03.474 Df Flagstone[71040:780bc] [com.apple.dt.xctest:Default] XCTPerformOnMainRunLoop[not MT]: about to CFRunLoopPerform
2026-08-21 01:55:03.474 Df Flagstone[71040:780bc] [com.apple.dt.xctest:Default] XCTPerformOnMainRunLoop[not MT]: waiting with 30.00s responsiveness timeout
2026-08-21 01:55:03.474 Df Flagstone[71040:777aa] [com.apple.dt.xctest:Default] XCTPerformOnMainRunLoop[MT]: inside CFRunLoopPerform
2026-08-21 01:55:03.474 Df Flagstone[71040:777aa] [com.apple.dt.xctest:Default] XCTPerformOnMainRunLoop[MT]: MT responded in time (won the race to the busy flag)
2026-08-21 01:55:03.474 Df Flagstone[71040:780bc] [com.apple.dt.xctest:Default] XCTPerformOnMainRunLoop[not MT]: waiting 60.00s for work to complete
2026-08-21 01:55:03.474 Df Flagstone[71040:777aa] [com.apple.dt.xctest:Default] Fetching AX attributes XC_kAXXCAttributeWindowDisplayId for App element pid: 71040
2026-08-21 01:55:03.474 Df Flagstone[71040:777aa] [com.apple.dt.xctest:Default] Got attributes, transferring to dictionary for return.
2026-08-21 01:55:03.475 Df Flagstone[71040:780bc] [com.apple.dt.xctest:Default] Replying with attribute values: {
    "XC_kAXXCAttributeWindowDisplayId" = 0;
}
2026-08-21 01:55:03.558 Df Flagstone[71040:777aa] [com.apple.KeyboardArbiter:Client] TX focusApplication (peekAppEvent) stealKB:Y scene:com.accessmap.app-default
2026-08-21 01:55:03.562 Df Flagstone[71040:777aa] [com.apple.UIKit:EventDispatch] Evaluating dispatch of UIEvent: 0x104d42d00; type: 0; subtype: 0; backing type: 11; shouldSend: 1; ignoreInteractionEvents: 0, systemGestureStateChange: 0
2026-08-21 01:55:03.562 Df Flagstone[71040:777aa] [com.apple.UIKit:EventDispatch] Sending UIEvent type: 0; subtype: 0; to windows: 1
2026-08-21 01:55:03.562 Df Flagstone[71040:777aa] [com.apple.UIKit:EventDispatch] Sending UIEvent type: 0; subtype: 0; to window: <UIWindow: 0x104dc8400>; contextId: 0xDFCEDB28
2026-08-21 01:55:03.570 Df Flagstone[71040:777aa] [com.apple.UIKit:EventDispatch] Evaluating dispatch of UIEvent: 0x104d42d00; type: 0; subtype: 0; backing type: 11; shouldSend: 0; ignoreInteractionEvents: 0, systemGestureStateChange: 0
2026-08-21 01:55:03.580 Df Flagstone[71040:777aa] [com.apple.UIKit:EventDispatch] Evaluating dispatch of UIEvent: 0x104d42d00; type: 0; subtype: 0; backing type: 11; shouldSend: 0; ignoreInteractionEvents: 0, systemGestureStateChange: 0
2026-08-21 01:55:03.597 Df Flagstone[71040:777aa] [com.apple.UIKit:EventDispatch] Evaluating dispatch of UIEvent: 0x104d42d00; type: 0; subtype: 0; backing type: 11; shouldSend: 0; ignoreInteractionEvents: 0, systemGestureStateChange: 0
2026-08-21 01:55:03.614 Df Flagstone[71040:777aa] [com.apple.UIKit:EventDispatch] Evaluating dispatch of UIEvent: 0x104d42d00; type: 0; subtype: 0; backing type: 11; shouldSend: 0; ignoreInteractionEvents: 0, systemGestureStateChange: 0
2026-08-21 01:55:03.615 Df Flagstone[71040:777aa] [com.apple.UIKit:EventDispatch] Evaluating dispatch of UIEvent: 0x104d42d00; type: 0; subtype: 0; backing type: 11; shouldSend: 1; ignoreInteractionEvents: 0, systemGestureStateChange: 0
2026-08-21 01:55:03.615 Df Flagstone[71040:777aa] [com.apple.UIKit:EventDispatch] Sending UIEvent type: 0; subtype: 0; to windows: 1
2026-08-21 01:55:03.615 Df Flagstone[71040:777aa] [com.apple.UIKit:EventDispatch] Sending UIEvent type: 0; subtype: 0; to window: <UIWindow: 0x104dc8400>; contextId: 0xDFCEDB28
2026-08-21 01:55:03.635 Df Flagstone[71040:777aa] [com.apple.UIKit:EventDispatch] Evaluating dispatch of UIEvent: 0x104d42d00; type: 0; subtype: 0; backing type: 11; shouldSend: 0; ignoreInteractionEvents: 0, systemGestureStateChange: 1
2026-08-21 01:55:03.635 A  Flagstone[71040:777aa] (UIKitCore) send gesture actions
2026-08-21 01:55:03.635 A  Flagstone[71040:777aa] (UIKitCore) send gesture actions
2026-08-21 01:55:03.901 Df Flagstone[71040:780bc] [com.apple.dt.xctest:Default] Received request to notify when the main run loop is idle
2026-08-21 01:55:03.901 Df Flagstone[71040:780bc] [com.apple.dt.xctest:Default] Idle notifier finished setting up run loop observer
2026-08-21 01:55:03.901 Df Flagstone[71040:777aa] [com.apple.dt.xctest:Default] Idle notifier run loop observer fired
2026-08-21 01:55:03.901 Df Flagstone[71040:777aa] [com.apple.dt.xctest:Default] Sending main run loop idle reply
2026-08-21 01:55:03.904 Df Flagstone[71040:780bc] [com.apple.dt.xctest:Default] Received request to notify when animations are idle
2026-08-21 01:55:04.340 Df Flagstone[71040:777aa] [com.apple.dt.xctest:Default] Sending animations idle reply with error: (null)
2026-08-21 01:55:04.341 Df Flagstone[71040:777aa] [com.apple.dt.xctest:Default] Sending animations idle reply with error: (null)
2026-08-21 01:55:04.341 Df Flagstone[71040:777aa] [com.apple.dt.xctest:Default] Sending animations idle reply with error: (null)
2026-08-21 01:55:08.565 Df Flagstone[71040:777aa] [com.apple.Accessibility:AXSupportCommon] Read CategoryName: per-app = 1, category name = (null)
2026-08-21 01:55:08.578 Df Flagstone[71040:777aa] [com.apple.Accessibility:AXSupportCommon] Read CategoryName: per-app = 0, category name = UICTContentSizeCategoryM
2026-08-21 01:55:08.588 Df Flagstone[71040:777aa] [com.apple.UIKit:InterfaceStyle] Not push traits update to screen for new style 2, <UIWindowScene: 0x108094600> (AE1D67B8-6BBD-4698-9E3C-597A0C367329)
2026-08-21 01:55:13.085 E  Flagstone[71040:777aa] [com.apple.Accessibility:AXRuntimeCommon] Unknown client: Flagstone
2026-08-21 01:55:22.525 Df Flagstone[71040:78214] [com.apple.dt.xctest:Default] Received attributes request for element: App element pid: 71040. Attributes: (
    "XC_kAXXCAttributeFrame",
    "XC_kAXXCAttributeWindowDisplayId",
    "XC_kAXXCAttributeWindowContextId"
)
2026-08-21 01:55:22.525 Df Flagstone[71040:78214] [com.apple.dt.xctest:Default] XCTPerformOnMainRunLoop[not MT]: about to CFRunLoopPerform
2026-08-21 01:55:22.525 Df Flagstone[71040:78214] [com.apple.dt.xctest:Default] XCTPerformOnMainRunLoop[not MT]: waiting with 30.00s responsiveness timeout
2026-08-21 01:55:22.525 Df Flagstone[71040:777aa] [com.apple.dt.xctest:Default] XCTPerformOnMainRunLoop[MT]: inside CFRunLoopPerform
2026-08-21 01:55:22.525 Df Flagstone[71040:777aa] [com.apple.dt.xctest:Default] XCTPerformOnMainRunLoop[MT]: MT responded in time (won the race to the busy flag)
2026-08-21 01:55:22.525 Df Flagstone[71040:78214] [com.apple.dt.xctest:Default] XCTPerformOnMainRunLoop[not MT]: waiting 60.00s for work to complete
2026-08-21 01:55:22.525 Df Flagstone[71040:777aa] [com.apple.dt.xctest:Default] Fetching AX attributes XC_kAXXCAttributeFrame, XC_kAXXCAttributeWindowDisplayId, XC_kAXXCAttributeWindowContextId for App element pid: 71040
2026-08-21 01:55:22.525 Df Flagstone[71040:777aa] [com.apple.dt.xctest:Default] Got attributes, transferring to dictionary for return.
2026-08-21 01:55:22.525 Df Flagstone[71040:78214] [com.apple.dt.xctest:Default] Replying with attribute values: {
    "XC_kAXXCAttributeFrame" =     {
        Height = 844;
        Width = 390;
        X = 0;
        Y = 0;
    };
    "XC_kAXXCAttributeWindowContextId" = 3754875688;
    "XC_kAXXCAttributeWindowDisplayId" = 0;
}
2026-08-21 01:55:22.527 Df Flagstone[71040:78214] [com.apple.dt.xctest:Default] Received attributes request for element: App element pid: 71040. Attributes: (
    "XC_kAXXCAttributeElementType",
    "XC_kAXXCAttributeElementBaseType",
    "XC_kAXXCAttributeTraits",
    "XC_kAXXCAttributeAutomationType"
)
2026-08-21 01:55:22.527 Df Flagstone[71040:78214] [com.apple.dt.xctest:Default] XCTPerformOnMainRunLoop[not MT]: about to CFRunLoopPerform
2026-08-21 01:55:22.527 Df Flagstone[71040:78214] [com.apple.dt.xctest:Default] XCTPerformOnMainRunLoop[not MT]: waiting with 30.00s responsiveness timeout
2026-08-21 01:55:22.527 Df Flagstone[71040:777aa] [com.apple.dt.xctest:Default] XCTPerformOnMainRunLoop[MT]: inside CFRunLoopPerform
2026-08-21 01:55:22.527 Df Flagstone[71040:777aa] [com.apple.dt.xctest:Default] XCTPerformOnMainRunLoop[MT]: MT responded in time (won the race to the busy flag)
2026-08-21 01:55:22.527 Df Flagstone[71040:78214] [com.apple.dt.xctest:Default] XCTPerformOnMainRunLoop[not MT]: waiting 60.00s for work to complete
2026-08-21 01:55:22.527 Df Flagstone[71040:777aa] [com.apple.dt.xctest:Default] Fetching AX attributes XC_kAXXCAttributeElementType, XC_kAXXCAttributeElementBaseType, XC_kAXXCAttributeTraits, XC_kAXXCAttributeAutomationType for App element pid: 71040
2026-08-21 01:55:22.528 Df Flagstone[71040:777aa] [com.apple.dt.xctest:Default] Got attributes, transferring to dictionary for return.
2026-08-21 01:55:22.528 Df Flagstone[71040:78214] [com.apple.dt.xctest:Default] Replying with attribute values: {
    "XC_kAXXCAttributeAutomationType" = 1;
    "XC_kAXXCAttributeElementBaseType" = UIApplication;
    "XC_kAXXCAttributeElementType" = UIApplication;
    "XC_kAXXCAttributeTraits" = 0;
}
2026-08-21 01:55:22.546 Df Flagstone[71040:78214] [com.apple.dt.xctest:Default] Received attributes request for element: App element pid: 71040. Attributes: (
    "XC_kAXXCAttributeFrame",
    "XC_kAXXCAttributeWindowDisplayId",
    "XC_kAXXCAttributeWindowContextId"
)
2026-08-21 01:55:22.546 Df Flagstone[71040:78214] [com.apple.dt.xctest:Default] XCTPerformOnMainRunLoop[not MT]: about to CFRunLoopPerform
2026-08-21 01:55:22.546 Df Flagstone[71040:78214] [com.apple.dt.xctest:Default] XCTPerformOnMainRunLoop[not MT]: waiting with 30.00s responsiveness timeout
2026-08-21 01:55:22.546 Df Flagstone[71040:777aa] [com.apple.dt.xctest:Default] XCTPerformOnMainRunLoop[MT]: inside CFRunLoopPerform
2026-08-21 01:55:22.546 Df Flagstone[71040:777aa] [com.apple.dt.xctest:Default] XCTPerformOnMainRunLoop[MT]: MT responded in time (won the race to the busy flag)
2026-08-21 01:55:22.546 Df Flagstone[71040:78214] [com.apple.dt.xctest:Default] XCTPerformOnMainRunLoop[not MT]: waiting 60.00s for work to complete
2026-08-21 01:55:22.546 Df Flagstone[71040:777aa] [com.apple.dt.xctest:Default] Fetching AX attributes XC_kAXXCAttributeFrame, XC_kAXXCAttributeWindowDisplayId, XC_kAXXCAttributeWindowContextId for App element pid: 71040
2026-08-21 01:55:22.546 Df Flagstone[71040:777aa] [com.apple.dt.xctest:Default] Got attributes, transferring to dictionary for return.
2026-08-21 01:55:22.546 Df Flagstone[71040:78214] [com.apple.dt.xctest:Default] Replying with attribute values: {
    "XC_kAXXCAttributeFrame" =     {
        Height = 844;
        Width = 390;
        X = 0;
        Y = 0;
    };
    "XC_kAXXCAttributeWindowContextId" = 3754875688;
    "XC_kAXXCAttributeWindowDisplayId" = 0;
}
2026-08-21 01:55:22.548 Df Flagstone[71040:78214] [com.apple.dt.xctest:Default] Received attributes request for element: App element pid: 71040. Attributes: (
    "XC_kAXXCAttributeElementType",
    "XC_kAXXCAttributeElementBaseType",
    "XC_kAXXCAttributeTraits",
    "XC_kAXXCAttributeAutomationType"
)
2026-08-21 01:55:22.548 Df Flagstone[71040:78214] [com.apple.dt.xctest:Default] XCTPerformOnMainRunLoop[not MT]: about to CFRunLoopPerform
2026-08-21 01:55:22.548 Df Flagstone[71040:78214] [com.apple.dt.xctest:Default] XCTPerformOnMainRunLoop[not MT]: waiting with 30.00s responsiveness timeout
2026-08-21 01:55:22.548 Df Flagstone[71040:777aa] [com.apple.dt.xctest:Default] XCTPerformOnMainRunLoop[MT]: inside CFRunLoopPerform
2026-08-21 01:55:22.548 Df Flagstone[71040:777aa] [com.apple.dt.xctest:Default] XCTPerformOnMainRunLoop[MT]: MT responded in time (won the race to the busy flag)
2026-08-21 01:55:22.548 Df Flagstone[71040:78214] [com.apple.dt.xctest:Default] XCTPerformOnMainRunLoop[not MT]: waiting 60.00s for work to complete
2026-08-21 01:55:22.548 Df Flagstone[71040:777aa] [com.apple.dt.xctest:Default] Fetching AX attributes XC_kAXXCAttributeElementType, XC_kAXXCAttributeElementBaseType, XC_kAXXCAttributeTraits, XC_kAXXCAttributeAutomationType for App element pid: 71040
2026-08-21 01:55:22.548 Df Flagstone[71040:777aa] [com.apple.dt.xctest:Default] Got attributes, transferring to dictionary for return.
2026-08-21 01:55:22.548 Df Flagstone[71040:78214] [com.apple.dt.xctest:Default] Replying with attribute values: {
    "XC_kAXXCAttributeAutomationType" = 1;
    "XC_kAXXCAttributeElementBaseType" = UIApplication;
    "XC_kAXXCAttributeElementType" = UIApplication;
    "XC_kAXXCAttributeTraits" = 0;
}
2026-08-21 01:55:22.551 Df Flagstone[71040:78214] [com.apple.dt.xctest:Default] Received attributes request for element: App element pid: 71040. Attributes: (
    "XC_kAXXCAttributeWindowDisplayId"
)
2026-08-21 01:55:22.551 Df Flagstone[71040:78259] [com.apple.dt.xctest:Default] XCTPerformOnMainRunLoop[not MT]: about to CFRunLoopPerform
2026-08-21 01:55:22.551 Df Flagstone[71040:78259] [com.apple.dt.xctest:Default] XCTPerformOnMainRunLoop[not MT]: waiting with 30.00s responsiveness timeout
2026-08-21 01:55:22.551 Df Flagstone[71040:777aa] [com.apple.dt.xctest:Default] XCTPerformOnMainRunLoop[MT]: inside CFRunLoopPerform
2026-08-21 01:55:22.551 Df Flagstone[71040:777aa] [com.apple.dt.xctest:Default] XCTPerformOnMainRunLoop[MT]: MT responded in time (won the race to the busy flag)
2026-08-21 01:55:22.551 Df Flagstone[71040:78259] [com.apple.dt.xctest:Default] XCTPerformOnMainRunLoop[not MT]: waiting 60.00s for work to complete
2026-08-21 01:55:22.551 Df Flagstone[71040:777aa] [com.apple.dt.xctest:Default] Fetching AX attributes XC_kAXXCAttributeWindowDisplayId for App element pid: 71040
2026-08-21 01:55:22.551 Df Flagstone[71040:777aa] [com.apple.dt.xctest:Default] Got attributes, transferring to dictionary for return.
2026-08-21 01:55:22.551 Df Flagstone[71040:78259] [com.apple.dt.xctest:Default] Replying with attribute values: {
    "XC_kAXXCAttributeWindowDisplayId" = 0;
}
2026-08-21 01:55:22.628 Df Flagstone[71040:777aa] [com.apple.KeyboardArbiter:Client] TX focusApplication (peekAppEvent) stealKB:Y scene:com.accessmap.app-default
2026-08-21 01:55:22.630 Df Flagstone[71040:777aa] [com.apple.UIKit:EventDispatch] Evaluating dispatch of UIEvent: 0x104d42d00; type: 0; subtype: 0; backing type: 11; shouldSend: 1; ignoreInteractionEvents: 0, systemGestureStateChange: 0
2026-08-21 01:55:22.630 Df Flagstone[71040:777aa] [com.apple.UIKit:EventDispatch] Sending UIEvent type: 0; subtype: 0; to windows: 1
2026-08-21 01:55:22.630 Df Flagstone[71040:777aa] [com.apple.UIKit:EventDispatch] Sending UIEvent type: 0; subtype: 0; to window: <UIWindow: 0x104dc8400>; contextId: 0xDFCEDB28
2026-08-21 01:55:22.637 Df Flagstone[71040:777aa] [com.apple.UIKit:EventDispatch] Evaluating dispatch of UIEvent: 0x104d42d00; type: 0; subtype: 0; backing type: 11; shouldSend: 0; ignoreInteractionEvents: 0, systemGestureStateChange: 0
2026-08-21 01:55:22.663 Df Flagstone[71040:777aa] [com.apple.UIKit:EventDispatch] Evaluating dispatch of UIEvent: 0x104d42d00; type: 0; subtype: 0; backing type: 11; shouldSend: 0; ignoreInteractionEvents: 0, systemGestureStateChange: 0
2026-08-21 01:55:22.680 Df Flagstone[71040:777aa] [com.apple.UIKit:EventDispatch] Evaluating dispatch of UIEvent: 0x104d42d00; type: 0; subtype: 0; backing type: 11; shouldSend: 0; ignoreInteractionEvents: 0, systemGestureStateChange: 0
2026-08-21 01:55:22.697 Df Flagstone[71040:777aa] [com.apple.UIKit:EventDispatch] Evaluating dispatch of UIEvent: 0x104d42d00; type: 0; subtype: 0; backing type: 11; shouldSend: 0; ignoreInteractionEvents: 0, systemGestureStateChange: 0
2026-08-21 01:55:22.697 Df Flagstone[71040:777aa] [com.apple.UIKit:EventDispatch] Evaluating dispatch of UIEvent: 0x104d42d00; type: 0; subtype: 0; backing type: 11; shouldSend: 1; ignoreInteractionEvents: 0, systemGestureStateChange: 0
2026-08-21 01:55:22.697 Df Flagstone[71040:777aa] [com.apple.UIKit:EventDispatch] Sending UIEvent type: 0; subtype: 0; to windows: 1
2026-08-21 01:55:22.697 Df Flagstone[71040:777aa] [com.apple.UIKit:EventDispatch] Sending UIEvent type: 0; subtype: 0; to window: <UIWindow: 0x104dc8400>; contextId: 0xDFCEDB28
2026-08-21 01:55:22.698 Df Flagstone[71040:777aa] [com.apple.UIKit:EventDispatch] Evaluating dispatch of UIEvent: 0x104d42d00; type: 0; subtype: 0; backing type: 11; shouldSend: 0; ignoreInteractionEvents: 0, systemGestureStateChange: 1
2026-08-21 01:55:22.698 A  Flagstone[71040:777aa] (UIKitCore) send gesture actions
2026-08-21 01:55:22.698 A  Flagstone[71040:777aa] (UIKitCore) send gesture actions
2026-08-21 01:55:22.873 A  Flagstone[71040:777aa] (CoreFoundation) Loading Preferences From User Session CFPrefsD
2026-08-21 01:55:22.873 A  Flagstone[71040:78265] (CoreLocation) CL: CLInternalGetAuthorizationStatus
2026-08-21 01:55:22.873 A  Flagstone[71040:777aa] (CoreFoundation) Loading Preferences From User Session CFPrefsD
2026-08-21 01:55:22.873 Df Flagstone[71040:78265] [com.apple.locationd.Core:Client] {"msg":"CLInternalGetAuthorizationStatus", "event":activity}
2026-08-21 01:55:22.978 Df Flagstone[71040:78259] [com.apple.dt.xctest:Default] Received request to notify when the main run loop is idle
2026-08-21 01:55:22.978 Df Flagstone[71040:78259] [com.apple.dt.xctest:Default] Idle notifier finished setting up run loop observer
2026-08-21 01:55:22.979 Df Flagstone[71040:78259] [com.apple.dt.xctest:Default] Received request to notify when animations are idle
2026-08-21 01:55:22.979 Df Flagstone[71040:78259] [com.apple.dt.xctest:Default] Sending animations idle reply with error: (null)
2026-08-21 01:55:22.887 Df Flagstone[71040:78265] [com.apple.xpc:connection] [0x104dc1400] activating connection: mach=true listener=false peer=false name=com.apple.locationd.synchronous
2026-08-21 01:55:22.911 Df Flagstone[71040:7826b] [com.apple.CFNetwork:Default] Initializing NSHTTPCookieStorage singleton
2026-08-21 01:55:22.994 Df Flagstone[71040:7826b] [com.apple.CFNetwork:Default] Initializing CFHTTPCookieStorage singleton
2026-08-21 01:55:22.994 Df Flagstone[71040:7826b] [com.apple.CFNetwork:Default] Creating default cookie storage with process/bundle identifier
2026-08-21 01:55:22.997 A  Flagstone[71040:7826b] (libsystem_containermanager.dylib) container_system_group_path_for_identifier
2026-08-21 01:55:22.997 Df Flagstone[71040:7826b] [com.apple.containermanager:xpc] Requesting container lookup; class = 13, identifier = com.apple.nsurlsessiond, group_identifier = systemgroup.com.apple.nsurlstoragedresources, create = 1, temp = 0, euid = 501, uid = 501
2026-08-21 01:55:22.997 A  Flagstone[71040:7826b] (libsystem_containermanager.dylib) container_query_t
2026-08-21 01:55:22.998 Df Flagstone[71040:7826b] [com.apple.containermanager:xpc] Query; euid = 501, uid = 501, class = 13, identifier = [com.apple.nsurlsessiond](1), flags = 900000003
2026-08-21 01:55:22.998 Df Flagstone[71040:777aa] [com.apple.xpc:connection] [0x11993c8c0] activating connection: mach=true listener=false peer=false name=com.apple.geod
2026-08-21 01:55:23.010 Df Flagstone[71040:7826b] [com.apple.containermanager:unspecified] _container_query_get_result_at_index: success
2026-08-21 01:55:23.010 A  Flagstone[71040:7826b] (libsystem_containermanager.dylib) container_copy_object
2026-08-21 01:55:23.010 Df Flagstone[71040:7826b] [com.apple.containermanager:unspecified] container_system_group_path_for_identifier: success
2026-08-21 01:55:23.015 Df Flagstone[71040:78259] [com.apple.xpc:connection] [0x11993d2c0] activating connection: mach=true listener=false peer=false name=com.apple.geod
2026-08-21 01:55:23.021 Df Flagstone[71040:78259] [com.apple.xpc:connection] [0x11993d540] activating connection: mach=true listener=false peer=false name=com.apple.geod
2026-08-21 01:55:23.025 Df Flagstone[71040:777aa] [com.apple.xpc:connection] [0x11993d180] activating connection: mach=true listener=false peer=false name=com.apple.geod
2026-08-21 01:55:23.029 Df Flagstone[71040:7826b] [com.apple.CFNetwork:Default] Task <3A8A623C-09E0-4082-8EF9-0C32F0F5BC1B>.<1> resuming, timeouts(0.0, 604800.0) qos(0x19) voucher((null)) activity(00000000-0000-0000-0000-000000000000)
2026-08-21 01:55:23.031 A  Flagstone[71040:7826b] (CoreFoundation) Loading Preferences From User Session CFPrefsD
2026-08-21 01:55:23.033 A  Flagstone[71040:78265] (CoreLocation) CL: CLInternalGetAuthorizationStatus
2026-08-21 01:55:23.033 Df Flagstone[71040:78265] [com.apple.locationd.Core:Client] {"msg":"CLInternalGetAuthorizationStatus", "event":activity}
2026-08-21 01:55:23.036 A  Flagstone[71040:78265] (CoreLocation) CL: CLLocationManager
2026-08-21 01:55:23.036 Df Flagstone[71040:78265] [com.apple.locationd.Core:Client] {"msg":"CLLocationManager", "event":activity, "_cmd":initWithEffectiveBundleIdentifier:bundlePath:websiteIdentifier:delegate:silo:, "self":"0x104e39c10", "identifier":(null), "bundlePath":(null)}
2026-08-21 01:55:23.041 Df Flagstone[71040:78265] [com.apple.locationd.Core:Client] {"msg":"client allocated", "client":"0x108dd6d80"}
2026-08-21 01:55:23.042 A  Flagstone[71040:78265] (CoreLocation) CL: _CLClientCreateConnection
2026-08-21 01:55:23.042 Df Flagstone[71040:78265] [com.apple.locationd.Core:Client] {"msg":"_CLClientCreateConnection", "event":activity, "client":"0x108dd6d80"}
2026-08-21 01:55:23.042 A  Flagstone[71040:7826b] (LocationSupport) CL: Sending cached messages to daemon
2026-08-21 01:55:23.043 Df Flagstone[71040:7826b] [com.apple.LocationSupport:Connection] {"msg":"Sending cached messages to daemon", "event":activity}
2026-08-21 01:55:23.043 Df Flagstone[71040:7826b] [com.apple.xpc:connection] [0x11993da40] activating connection: mach=true listener=false peer=false name=com.apple.locationd.registration
2026-08-21 01:55:23.051 A  Flagstone[71040:78265] (LocationSupport) CL: CLConnectionClient::sendMessage(cache)
2026-08-21 01:55:23.053 A  Flagstone[71040:7826b] (LocationSupport) CL: CLConnection::sendMessage
2026-08-21 01:55:23.055 A  Flagstone[71040:78265] (LocationSupport) CL: CLConnectionClient::sendMessage(cache)
2026-08-21 01:55:23.055 A  Flagstone[71040:78259] (LocationSupport) CL: CLConnection::sendMessage
2026-08-21 01:55:23.056 A  Flagstone[71040:78265] (CoreLocation) CL: CLLocationManager
2026-08-21 01:55:23.056 Df Flagstone[71040:78265] [com.apple.locationd.Core:Client] {"msg":"CLLocationManager", "event":activity, "_cmd":location, "self":"0x104e39c10"}
2026-08-21 01:55:23.069 A  Flagstone[71040:78265] (CoreLocation) CL: CLLocationManager
2026-08-21 01:55:23.070 Df Flagstone[71040:78265] [com.apple.locationd.Core:Client] {"msg":"CLLocationManager", "event":activity, "_cmd":dealloc, "self":"0x104e39c10"}
2026-08-21 01:55:23.070 Df Flagstone[71040:78265] [com.apple.locationd.Core:Client] {"msg":"invalidating client", "client":"0x108dd6d80"}
2026-08-21 01:55:23.073 Df Flagstone[71040:7826b] [com.apple.xpc:connection] [0x11993da40] invalidated because the current process cancelled the connection by calling xpc_connection_cancel()
2026-08-21 01:55:23.073 Df Flagstone[71040:78265] [com.apple.locationd.Core:Client] {"msg":"invalidating client", "client":"0x108dd6d80"}
2026-08-21 01:55:23.107 Df Flagstone[71040:78214] [com.apple.CFNetwork:Default] Initializing AlternativeServices Storage singleton
2026-08-21 01:55:23.108 Df Flagstone[71040:78214] [com.apple.FileURL:default] kExcludedFromBackupXattrName set on path: /Users/skypie/Library/Developer/CoreSimulator/Devices/9C9D3ED6-E62F-4A5C-A0C2-D8294D6575AC/data/Containers/Data/Application/39342766-8419-4BE3-830C-54A1D59699FB/Library/HTTPStorages/com.accessmap.app
2026-08-21 01:55:23.169 Df Flagstone[71040:78259] [com.apple.CFNetwork:Default] Garbage collection for alternative services
2026-08-21 01:55:23.171 Df Flagstone[71040:777aa] [com.apple.xpc:connection] [0x104dc1540] activating connection: mach=true listener=false peer=false name=com.apple.metal.simulator
2026-08-21 01:55:23.172 Df Flagstone[71040:78214] [com.apple.CFNetwork:Default] Connection 0: creating secure tcp or quic connection
2026-08-21 01:55:23.178 Df Flagstone[71040:777aa] [com.apple.xpc:connection] [0x104dc12c0] activating connection: mach=true listener=false peer=false name=com.apple.metal.simulator
2026-08-21 01:55:23.178 Df Flagstone[71040:777aa] [com.apple.xpc:connection] [0x104dc0b40] activating connection: mach=true listener=false peer=false name=com.apple.metal.simulator
2026-08-21 01:55:23.204 Df Flagstone[71040:78214] [com.apple.CFNetwork:Default] Connection 1: enabling TLS
2026-08-21 01:55:23.204 Df Flagstone[71040:78214] [com.apple.CFNetwork:Default] Connection 1: starting, TC(0x0)
2026-08-21 01:55:23.206 Df Flagstone[71040:78214] [com.apple.network:connection] [C1 1EE808A7-21BE-4C2B-BDCB-D3F050D35A76 Hostname#e4de7a2b:443 quic-connection, url: https://kldlwszpfkdmsjrjhjym.supabase.co/rest/v1/flags, definite, attribution: developer, context: com.apple.CFNetwork.NSURLSession.{B6895CA6-92EA-46E5-998F-4BFD6C55A4DE}{(null)}{Y}{2}{0x0} (private), proc: FFA4308F-AF5D-34BD-80D6-D1A50FA8BE47, delegated upid: 0] start
2026-08-21 01:55:23.207 Df Flagstone[71040:78214] [com.apple.network:connection] [C1 Hostname#e4de7a2b:443 initial parent-flow ((null))] event: path:start @0.000s
2026-08-21 01:55:23.207 Df Flagstone[71040:777aa] [com.apple.GeoServices:ResourceManifest] Did not find downloaded resource "default.csv" at "(null)", trying fallback
2026-08-21 01:55:23.212 Df Flagstone[71040:78214] [com.apple.network:connection] [C1 Hostname#e4de7a2b:443 waiting parent-flow (satisfied (Path is satisfied), interface: en0[802.11], uses wifi, LQM: unknown)] event: path:satisfied @0.005s, uuid: 22A1D3AF-9C08-42C6-88D5-37A5435ABB6D
2026-08-21 01:55:23.215 Df Flagstone[71040:78214] [com.apple.network:connection] [C1 Hostname#e4de7a2b:443 in_progress parent-flow (satisfied (Path is satisfied), interface: en0[802.11], uses wifi, LQM: unknown)] event: flow:start_connect @0.009s
2026-08-21 01:55:23.215 Df Flagstone[71040:78214] [com.apple.network:connection] nw_connection_report_state_with_handler_on_nw_queue [C1] reporting state preparing
2026-08-21 01:55:23.221 E  Flagstone[71040:777aa] [com.apple.GeoServices:ResourceManifest] Failed to locate resource named "default.csv"
2026-08-21 01:55:23.223 Df Flagstone[71040:78214] [com.apple.network:connection] [C1 Hostname#e4de7a2b:443 in_progress parent-flow (satisfied (Path is satisfied), interface: en0[802.11], uses wifi, LQM: unknown)] event: flow:start_child @0.016s
2026-08-21 01:55:23.223 Df Flagstone[71040:78214] [com.apple.network:connection] [C1.1 Hostname#e4de7a2b:443 initial path ((null))] event: path:start @0.016s
2026-08-21 01:55:23.223 Df Flagstone[71040:78214] [com.apple.network:connection] [C1.1 Hostname#e4de7a2b:443 waiting path (satisfied (Path is satisfied), interface: en0[802.11], uses wifi, LQM: unknown)] event: path:satisfied @0.016s, uuid: 22A1D3AF-9C08-42C6-88D5-37A5435ABB6D
2026-08-21 01:55:23.223 Df Flagstone[71040:78214] [com.apple.network:connection] [C1.1 Hostname#e4de7a2b:443 in_progress transform (satisfied (Path is satisfied), interface: en0[802.11], uses wifi, LQM: unknown)] event: transform:start @0.017s
2026-08-21 01:55:23.225 Df Flagstone[71040:78214] [com.apple.network:connection] [C1.1.1 Hostname#e4de7a2b:443 initial path ((null))] event: path:start @0.018s
2026-08-21 01:55:23.225 Df Flagstone[71040:78214] [com.apple.network:connection] [C1.1.1 Hostname#e4de7a2b:443 waiting path (satisfied (Path is satisfied), interface: en0[802.11], uses wifi, LQM: unknown)] event: path:satisfied @0.018s, uuid: 94E016F5-DFC1-45FB-B597-86462169546D
2026-08-21 01:55:23.226 Df Flagstone[71040:78214] [com.apple.network:connection] [C1.1.1 Hostname#e4de7a2b:443 in_progress resolver (satisfied (Path is satisfied), interface: en0[802.11], uses wifi, LQM: unknown)] event: resolver:start_dns @0.020s
2026-08-21 01:55:23.233 Df Flagstone[71040:78214] [com.apple.CFNetwork:Default] Task <3A8A623C-09E0-4082-8EF9-0C32F0F5BC1B>.<1> setting up Connection 1
2026-08-21 01:55:23.236 Df Flagstone[71040:777aa] [com.apple.GeoServices:ResourceManifest] Did not find downloaded resource "groundSettings.json" at "(null)", trying fallback
2026-08-21 01:55:23.257 Df Flagstone[71040:777aa] [com.apple.xpc:connection] [0x1198f1680] activating connection: mach=true listener=false peer=false name=com.apple.geod
2026-08-21 01:55:23.259 Df Flagstone[71040:78259] [com.apple.network:connection] nw_endpoint_resolver_update [C1.1.1 Hostname#e4de7a2b:443 in_progress resolver (satisfied (Path is satisfied), interface: en0[802.11], uses wifi, LQM: unknown)] Adding endpoint handler for IPv4#0631cccd:443
2026-08-21 01:55:23.259 Df Flagstone[71040:777aa] [com.apple.xpc:connection] [0x1198f3d40] activating connection: mach=true listener=false peer=false name=com.apple.geod
2026-08-21 01:55:23.259 Df Flagstone[71040:78259] [com.apple.network:connection] nw_endpoint_resolver_update [C1.1.1 Hostname#e4de7a2b:443 in_progress resolver (satisfied (Path is satisfied), interface: en0[802.11], uses wifi, LQM: unknown)] Adding endpoint handler for IPv4#3a0a0b3d:443
2026-08-21 01:55:23.259 Df Flagstone[71040:78259] [com.apple.network:connection] [C1.1.1 Hostname#e4de7a2b:443 in_progress resolver (satisfied (Path is satisfied), interface: en0[802.11], uses wifi, LQM: unknown)] event: resolver:receive_dns @0.053s
2026-08-21 01:55:23.260 Df Flagstone[71040:78259] [com.apple.network:connection] [C1.1.1.1 IPv4#0631cccd:443 initial path ((null))] event: path:start @0.053s
2026-08-21 01:55:23.261 Df Flagstone[71040:78259] [com.apple.network:connection] [C1.1.1.1 IPv4#0631cccd:443 waiting path (satisfied (Path is satisfied), interface: en0[802.11], uses wifi, LQM: unknown)] event: path:satisfied @0.054s, uuid: 98E18212-28D2-42B6-BAD3-832B3AAACFCE
2026-08-21 01:55:23.269 Df Flagstone[71040:777aa] [com.apple.xpc:connection] [0x1198f2580] activating connection: mach=true listener=true peer=false name=com.apple.notifyd.matching
2026-08-21 01:55:23.281 Df Flagstone[71040:78259] [com.apple.network:quic] quic_conn_initialize_inner [C1.1.1.1:2] [-d0b7144c051dac01] created QUIC connection (spin bit enabled)
2026-08-21 01:55:23.284 Df Flagstone[71040:78259] [com.apple.network:connection] [C1.1.1.1 IPv4#0631cccd:443 in_progress socket-flow (satisfied (Path is satisfied), interface: en0[802.11], uses wifi, LQM: unknown)] event: flow:start_connect @0.077s
2026-08-21 01:55:23.289 Df Flagstone[71040:78259] [com.apple.network:quic] quic_crypto_new_flow [C1.1.1.1:2] [-d0b7144c051dac01] TLS stream is: [C2]
2026-08-21 01:55:23.289 Df Flagstone[71040:78259] [com.apple.network:connection] [C2 3DDEB26C-C5EA-475D-BDD4-35E3E791510F IPv4#0631cccd:443 quic-connection, url: https://kldlwszpfkdmsjrjhjym.supabase.co/rest/v1/flags, tls, definite, attribution: developer, context: com.apple.CFNetwork.NSURLSession.{B6895CA6-92EA-46E5-998F-4BFD6C55A4DE}{(null)}{Y}{2}{0x0} (private), proc: FFA4308F-AF5D-34BD-80D6-D1A50FA8BE47, delegated upid: 0] start
2026-08-21 01:55:23.289 Df Flagstone[71040:78259] [com.apple.network:connection] [C2 IPv4#0631cccd:443 initial socket-flow (satisfied (Path is satisfied), interface: en0[802.11], uses wifi, LQM: unknown)] event: path:start @0.000s
2026-08-21 01:55:23.289 Df Flagstone[71040:78259] [com.apple.network:connection] [C2 IPv4#0631cccd:443 waiting socket-flow (satisfied (Path is satisfied), interface: en0[802.11], uses wifi, LQM: unknown)] event: path:satisfied @0.000s, uuid: 98E18212-28D2-42B6-BAD3-832B3AAACFCE
2026-08-21 01:55:23.290 Df Flagstone[71040:78259] [com.apple.network:connection] [C2 IPv4#0631cccd:443 in_progress socket-flow (satisfied (Path is satisfied), interface: en0[802.11], uses wifi, LQM: unknown)] event: flow:start_connect @0.000s
2026-08-21 01:55:23.290 Df Flagstone[71040:78259] [com.apple.network:connection] nw_connection_report_state_with_handler_on_nw_queue [C2] reporting state preparing
2026-08-21 01:55:23.292 Df Flagstone[71040:78259] [com.apple.network:connection] nw_flow_connected [C2 IPv4#0631cccd:443 in_progress socket-flow (satisfied (Path is satisfied), interface: en0[802.11], uses wifi, LQM: unknown)] Transport protocol connected (quic-connection)
2026-08-21 01:55:23.292 Df Flagstone[71040:78259] [com.apple.network:connection] [C2 IPv4#0631cccd:443 in_progress socket-flow (satisfied (Path is satisfied), interface: en0[802.11], uses wifi, LQM: unknown)] event: flow:finish_transport @0.002s
2026-08-21 01:55:23.293 Df Flagstone[71040:777aa] [com.apple.GeoServices:ResourceManifest] Did not find downloaded resource "CurrencyStyleAttributes.plist" at "(null)", trying fallback
2026-08-21 01:55:23.294 Df Flagstone[71040:78259] [com.apple.network:boringssl] boringssl_session_apply_protocol_options_for_transport_block_invoke_2(2367) [C2:1][0x119aa2d60] TLS configured [server(0) min_version(0x0304) max_version(0x0304) name(redacted) tickets(false) false_start(false) enforce_ev(false) enforce_ats(false) ats_non_pfs_ciphersuite_allowed(false) cc_mode_enforced(false) ech(false) pqtls(true), pake(false) skip_ats_trust(false)]
2026-08-21 01:55:23.294 Df Flagstone[71040:78259] [com.apple.network:boringssl] boringssl_context_info_handler(2806) [C2:1][0x119aa2d60] Client handshake started
2026-08-21 01:55:23.295 Df Flagstone[71040:78259] [com.apple.network:boringssl] boringssl_context_info_handler(2823) [C2:1][0x119aa2d60] Client handshake state: TLS client enter_early_data
2026-08-21 01:55:23.298 Df Flagstone[71040:78259] [com.apple.network:boringssl] boringssl_context_info_handler(2823) [C2:1][0x119aa2d60] Client handshake state: TLS client read_server_hello
2026-08-21 01:55:23.299 Df Flagstone[71040:78259] [com.apple.network:connection] nw_socket_handle_socket_event [C1.1.1.1:2] Socket received CONNECTED event
2026-08-21 01:55:23.301 Df Flagstone[71040:777aa] [com.apple.GeoServices:ResourceManifest] Did not find downloaded resource "NonTiledAssets.pb" at "(null)", trying fallback
2026-08-21 01:55:23.321 Df Flagstone[71040:78259] [com.apple.network:boringssl] boringssl_context_info_handler(2823) [C2:1][0x119aa2d60] Client handshake state: TLS 1.3 client read_hello_retry_request
2026-08-21 01:55:23.321 Df Flagstone[71040:78259] [com.apple.network:boringssl] boringssl_context_info_handler(2823) [C2:1][0x119aa2d60] Client handshake state: TLS 1.3 client read_server_hello
2026-08-21 01:55:23.322 E  Flagstone[71040:777aa] [com.apple.coreanimation:API] CAMetalLayer ignoring invalid setDrawableSize width=0.000000 height=0.000000
2026-08-21 01:55:23.325 Df Flagstone[71040:78259] [com.apple.network:boringssl] boringssl_context_info_handler(2823) [C2:1][0x119aa2d60] Client handshake state: TLS 1.3 client read_encrypted_extensions
2026-08-21 01:55:23.325 Df Flagstone[71040:78259] [com.apple.network:boringssl] boringssl_context_info_handler(2823) [C2:1][0x119aa2d60] Client handshake state: TLS 1.3 client read_certificate_request
2026-08-21 01:55:23.325 Df Flagstone[71040:78259] [com.apple.network:boringssl] boringssl_context_info_handler(2823) [C2:1][0x119aa2d60] Client handshake state: TLS 1.3 client read_server_certificate
2026-08-21 01:55:23.325 Df Flagstone[71040:78259] [com.apple.network:boringssl] boringssl_context_info_handler(2823) [C2:1][0x119aa2d60] Client handshake state: TLS 1.3 client read_server_certificate_verify
2026-08-21 01:55:23.332 Df Flagstone[71040:78259] [com.apple.network:boringssl] boringssl_context_evaluate_trust_async(2249) [C2:1][0x119aa2d60] Performing external trust evaluation
2026-08-21 01:55:23.338 A  Flagstone[71040:78259] (Security) SecKeyCopyPublicBytes
2026-08-21 01:55:23.338 A  Flagstone[71040:78259] (Security) SecKeyCopyAttributes
2026-08-21 01:55:23.338 A  Flagstone[71040:78259] (Security) SecKeyCopyPublicBytes
2026-08-21 01:55:23.338 Df Flagstone[71040:78259] [com.apple.network:boringssl] boringssl_context_evaluate_trust_async_external(2234) [C2:1][0x119aa2d60] Asyncing for external verify block
2026-08-21 01:55:23.338 Df Flagstone[71040:78259] [com.apple.CFNetwork:Default] Connection 1: asked to evaluate TLS Trust
2026-08-21 01:55:23.345 Df Flagstone[71040:777aa] (AggregateDictionary) AggregateDictionary is not supported on this platform
2026-08-21 01:55:23.346 Df Flagstone[71040:78259] [com.apple.network:connection] [C1.1.2 Hostname#e4de7a2b:443 initial path ((null))] event: path:start @0.140s
2026-08-21 01:55:23.347 Df Flagstone[71040:78259] [com.apple.network:connection] [C1.1.2 Hostname#e4de7a2b:443 waiting path (satisfied (Path is satisfied), interface: en0[802.11], uses wifi, LQM: unknown)] event: path:satisfied @0.140s, uuid: 2C12745D-8876-4351-8822-16155F5C28DE
2026-08-21 01:55:23.347 Df Flagstone[71040:78259] [com.apple.network:connection] [C1.1.2 Hostname#e4de7a2b:443 in_progress resolver (satisfied (Path is satisfied), interface: en0[802.11], uses wifi, LQM: unknown)] event: resolver:start_dns @0.141s
2026-08-21 01:55:23.349 Df Flagstone[71040:78214] [com.apple.CFNetwork:Default] Task <3A8A623C-09E0-4082-8EF9-0C32F0F5BC1B>.<1> auth completion disp=1 cred=0x0
2026-08-21 01:55:23.349 Df Flagstone[71040:78259] [com.apple.network:connection] nw_endpoint_resolver_update [C1.1.2 Hostname#e4de7a2b:443 in_progress resolver (satisfied (Path is satisfied), interface: en0[802.11], uses wifi, LQM: unknown)] Adding endpoint handler for IPv4#0631cccd:443
2026-08-21 01:55:23.349 Df Flagstone[71040:78259] [com.apple.network:connection] nw_endpoint_resolver_update [C1.1.2 Hostname#e4de7a2b:443 in_progress resolver (satisfied (Path is satisfied), interface: en0[802.11], uses wifi, LQM: unknown)] Adding endpoint handler for IPv4#3a0a0b3d:443
2026-08-21 01:55:23.349 Df Flagstone[71040:78259] [com.apple.network:connection] [C1.1.2 Hostname#e4de7a2b:443 in_progress resolver (satisfied (Path is satisfied), interface: en0[802.11], uses wifi, LQM: unknown)] event: resolver:receive_dns @0.143s
2026-08-21 01:55:23.350 Df Flagstone[71040:78259] [com.apple.securityd:trust] (Trust 0x108240f00) No pending evals, starting
2026-08-21 01:55:23.350 A  Flagstone[71040:78259] (Security) SecTrustEvaluateIfNecessaryFastAsync
2026-08-21 01:55:23.354 Df Flagstone[71040:78259] [com.apple.securityd:keychain] System Keychain Always Supported set via feature flag to disabled
2026-08-21 01:55:23.355 Df Flagstone[71040:78259] [com.apple.xpc:connection] [0x108ed1400] activating connection: mach=true listener=false peer=false name=com.apple.trustd
2026-08-21 01:55:23.355 Df Flagstone[71040:78259] [com.apple.xpc:connection] [0x108ed1b80] activating connection: mach=true listener=false peer=false name=com.apple.trustd
2026-08-21 01:55:23.355 Df Flagstone[71040:78259] [com.apple.securityd:trust] (Trust 0x108240f00) Completed async eval kickoff
2026-08-21 01:55:23.355 Df Flagstone[71040:78259] [com.apple.network:connection] [C1.1.2.1 IPv4#0631cccd:443 initial path ((null))] event: path:start @0.148s
2026-08-21 01:55:23.356 Df Flagstone[71040:78259] [com.apple.network:connection] [C1.1.2.1 IPv4#0631cccd:443 waiting path (satisfied (Path is satisfied), interface: en0[802.11], uses wifi, LQM: unknown)] event: path:satisfied @0.149s, uuid: 3000097B-AD23-4925-89EE-FFDAA8B4E2B6
2026-08-21 01:55:23.357 Df Flagstone[71040:78259] [com.apple.network:connection] [C1.1.2.1 IPv4#0631cccd:443 in_progress socket-flow (satisfied (Path is satisfied), interface: en0[802.11], uses wifi, LQM: unknown)] event: flow:start_connect @0.150s
2026-08-21 01:55:23.375 Df Flagstone[71040:78259] [com.apple.network:connection] nw_socket_handle_socket_event [C1.1.2.1:3] Socket received CONNECTED event
2026-08-21 01:55:23.375 Df Flagstone[71040:78259] [com.apple.network:connection] nw_flow_connected [C1.1.2.1 IPv4#0631cccd:443 in_progress socket-flow (satisfied (Path is satisfied), interface: en0[802.11], uses wifi, LQM: unknown)] Transport protocol connected (socket)
2026-08-21 01:55:23.375 Df Flagstone[71040:78259] [com.apple.network:connection] [C1.1.2.1 IPv4#0631cccd:443 in_progress socket-flow (satisfied (Path is satisfied), interface: en0[802.11], uses wifi, LQM: unknown)] event: flow:finish_transport @0.168s
2026-08-21 01:55:23.375 Df Flagstone[71040:78259] [com.apple.network:boringssl] boringssl_session_apply_protocol_options_for_transport_block_invoke_2(2367) [C1.1.2.1:2][0x10de3cf60] TLS configured [server(0) min_version(0x0303) max_version(0x0304) name(redacted) tickets(false) false_start(false) enforce_ev(false) enforce_ats(false) ats_non_pfs_ciphersuite_allowed(false) cc_mode_enforced(false) ech(false) pqtls(true), pake(false) skip_ats_trust(false)]
2026-08-21 01:55:23.376 Df Flagstone[71040:78259] [com.apple.network:boringssl] boringssl_context_info_handler(2806) [C1.1.2.1:2][0x10de3cf60] Client handshake started
2026-08-21 01:55:23.376 Df Flagstone[71040:78259] [com.apple.network:boringssl] boringssl_context_info_handler(2823) [C1.1.2.1:2][0x10de3cf60] Client handshake state: TLS client enter_early_data
2026-08-21 01:55:23.376 Df Flagstone[71040:78259] [com.apple.network:boringssl] boringssl_context_info_handler(2823) [C1.1.2.1:2][0x10de3cf60] Client handshake state: TLS client read_server_hello
2026-08-21 01:55:23.380 Df Flagstone[71040:78259] [com.apple.securityd:trust] (Trust 0x108240f00) trustd returned 4
2026-08-21 01:55:23.380 Df Flagstone[71040:78259] [com.apple.CFNetwork:Default] System Trust Evaluation yielded status(0)
2026-08-21 01:55:23.380 Df Flagstone[71040:78259] [com.apple.securityd:trust] (Trust 0x104c82640) No pending evals, starting
2026-08-21 01:55:23.380 A  Flagstone[71040:78259] (Security) SecTrustEvaluateIfNecessaryFastAsync
2026-08-21 01:55:23.380 Df Flagstone[71040:78259] [com.apple.xpc:connection] [0x108ed3840] activating connection: mach=true listener=false peer=false name=com.apple.trustd
2026-08-21 01:55:23.381 Df Flagstone[71040:78259] [com.apple.securityd:trust] (Trust 0x104c82640) Completed async eval kickoff
2026-08-21 01:55:23.381 Df Flagstone[71040:78259] [com.apple.xpc:connection] [0x108ed1b80] invalidated because the current process cancelled the connection by calling xpc_connection_cancel()
2026-08-21 01:55:23.383 Df Flagstone[71040:78214] [com.apple.securityd:trust] (Trust 0x104c82640) trustd returned 4
2026-08-21 01:55:23.383 Df Flagstone[71040:78214] [com.apple.CFNetwork:Default] Connection 1: TLS Trust result 0
2026-08-21 01:55:23.383 Df Flagstone[71040:78214] [com.apple.network:boringssl] boringssl_context_evaluate_trust_async_external_block_invoke_3(2148) [C2:1][0x119aa2d60] Returning from external verify block with result: true
2026-08-21 01:55:23.384 Df Flagstone[71040:78214] [com.apple.network:boringssl] boringssl_context_certificate_verify_callback(2430) [C2:1][0x119aa2d60] Certificate verification result: OK
2026-08-21 01:55:23.384 Df Flagstone[71040:78214] [com.apple.network:boringssl] boringssl_context_info_handler(2823) [C2:1][0x119aa2d60] Client handshake state: TLS 1.3 client read_server_finished
2026-08-21 01:55:23.384 Df Flagstone[71040:78214] [com.apple.network:boringssl] boringssl_context_info_handler(2823) [C2:1][0x119aa2d60] Client handshake state: TLS 1.3 client send_end_of_early_data
2026-08-21 01:55:23.384 Df Flagstone[71040:78214] [com.apple.network:boringssl] boringssl_context_info_handler(2823) [C2:1][0x119aa2d60] Client handshake state: TLS 1.3 client send_client_encrypted_extensions
2026-08-21 01:55:23.384 Df Flagstone[71040:78214] [com.apple.network:boringssl] boringssl_context_info_handler(2823) [C2:1][0x119aa2d60] Client handshake state: TLS 1.3 client send_client_certificate
2026-08-21 01:55:23.384 Df Flagstone[71040:78214] [com.apple.network:boringssl] boringssl_context_info_handler(2823) [C2:1][0x119aa2d60] Client handshake state: TLS 1.3 client complete_second_flight
2026-08-21 01:55:23.384 A  Flagstone[71040:78214] (Security) SecKeyCopyPublicBytes
2026-08-21 01:55:23.384 A  Flagstone[71040:78214] (Security) SecKeyCopyAttributes
2026-08-21 01:55:23.384 A  Flagstone[71040:78214] (Security) SecKeyCopyPublicBytes
2026-08-21 01:55:23.384 A  Flagstone[71040:78214] (Security) SecKeyCopyPublicBytes
2026-08-21 01:55:23.384 A  Flagstone[71040:78214] (Security) SecKeyCopyAttributes
2026-08-21 01:55:23.384 A  Flagstone[71040:78214] (Security) SecKeyCopyPublicBytes
2026-08-21 01:55:23.384 Df Flagstone[71040:78214] [com.apple.network:boringssl] boringssl_context_info_handler(2823) [C2:1][0x119aa2d60] Client handshake state: TLS 1.3 client done
2026-08-21 01:55:23.384 Df Flagstone[71040:78214] [com.apple.network:boringssl] boringssl_context_info_handler(2823) [C2:1][0x119aa2d60] Client handshake state: TLS client finish_client_handshake
2026-08-21 01:55:23.384 Df Flagstone[71040:78214] [com.apple.network:boringssl] boringssl_context_info_handler(2823) [C2:1][0x119aa2d60] Client handshake state: TLS client done
2026-08-21 01:55:23.384 Df Flagstone[71040:78214] [com.apple.network:boringssl] boringssl_context_info_handler(2812) [C2:1][0x119aa2d60] Client handshake done
2026-08-21 01:55:23.385 A  Flagstone[71040:78214] (Security) SecKeyCopyPublicBytes
2026-08-21 01:55:23.385 A  Flagstone[71040:78214] (Security) SecKeyCopyAttributes
2026-08-21 01:55:23.385 A  Flagstone[71040:78214] (Security) SecKeyCopyPublicBytes
2026-08-21 01:55:23.385 Df Flagstone[71040:78214] [com.apple.network:boringssl] nw_protocol_boringssl_signal_connected(895) [C2:1][0x119aa2d60] TLS connected [server(0) version(0x0304) ciphersuite(TLS_AES_256_GCM_SHA384) group(0x11ec) signature_alg(0x0403) alpn(h3) resumed(0) offered_ticket(0) in_early_data(0) early_data_accepted(0) false_started(0) ocsp_received(0) sct_received(0) connect_time(91ms) flight_time(30ms) rtt(26ms) write_stalls(0) read_stalls(5) pake(0x0000)]
2026-08-21 01:55:23.385 Df Flagstone[71040:78214] [com.apple.network:connection] nw_flow_connected [C2 IPv4#0631cccd:443 in_progress socket-flow (satisfied (Path is satisfied), interface: en0[802.11], uses wifi, LQM: unknown)] Output protocol connected (tls)
2026-08-21 01:55:23.385 Df Flagstone[71040:78214] [com.apple.network:connection] [C2 IPv4#0631cccd:443 ready socket-flow (satisfied (Path is satisfied), interface: en0[802.11], uses wifi, LQM: unknown)] event: flow:finish_connect @0.095s
2026-08-21 01:55:23.386 Df Flagstone[71040:78214] [com.apple.network:connection] nw_connection_report_state_with_handler_on_nw_queue [C2] reporting state ready
2026-08-21 01:55:23.387 Df Flagstone[71040:78214] [com.apple.xpc:connection] [0x108ed3840] invalidated because the current process cancelled the connection by calling xpc_connection_cancel()
2026-08-21 01:55:23.387 Df Flagstone[71040:78214] [com.apple.network:quic] quic_pmtud_restart [C1.1.1.1:2] [-01fce1d5acbf31492dfca4d54ebf340d3e7f7b89] PMTUD enabled, max PMTU: 1500, header size: 28, current PMTU 1228
2026-08-21 01:55:23.387 Df Flagstone[71040:777aa] [com.apple.xpc:connection] [0x108ed3840] activating connection: mach=true listener=false peer=false name=com.apple.geoanalyticsd
2026-08-21 01:55:23.387 Df Flagstone[71040:78214] [com.apple.network:quic] quic_crypto_tls_ready_inner [C1.1.1.1:2] [-01fce1d5acbf31492dfca4d54ebf340d3e7f7b89] QUIC connection established in 102.357 ms, RTT 22.153 ms
2026-08-21 01:55:23.387 Df Flagstone[71040:78214] [com.apple.network:connection] nw_flow_connected [C1.1.1.1 IPv4#0631cccd:443 in_progress socket-flow (satisfied (Path is satisfied), interface: en0[802.11], uses wifi, LQM: unknown)] Transport protocol connected (quic-connection)
2026-08-21 01:55:23.388 Df Flagstone[71040:78214] [com.apple.network:connection] [C1.1.1.1 IPv4#0631cccd:443 in_progress socket-flow (satisfied (Path is satisfied), interface: en0[802.11], uses wifi, LQM: unknown)] event: flow:finish_transport @0.181s
2026-08-21 01:55:23.388 Df Flagstone[71040:78214] [com.apple.network:connection] nw_flow_connected [C1.1.1.1 IPv4#0631cccd:443 in_progress socket-flow (satisfied (Path is satisfied), interface: en0[802.11], uses wifi, LQM: unknown)] Output protocol connected (CFNetworkConnection-2517365162)
2026-08-21 01:55:23.388 Df Flagstone[71040:78214] [com.apple.network:connection] [C1.1.1.1 IPv4#0631cccd:443 ready socket-flow (satisfied (Path is satisfied), interface: en0[802.11], uses wifi, LQM: unknown)] event: flow:child_finish_connect @0.181s
2026-08-21 01:55:23.388 Df Flagstone[71040:78214] [com.apple.network:connection] [C1.1.1 Hostname#e4de7a2b:443 ready resolver (satisfied (Path is satisfied), interface: en0[802.11], uses wifi, LQM: unknown)] event: flow:child_finish_connect @0.181s
2026-08-21 01:55:23.388 Df Flagstone[71040:78214] [com.apple.network:connection] [C1.1 Hostname#e4de7a2b:443 ready transform (satisfied (Path is satisfied), interface: en0[802.11], uses wifi, LQM: unknown)] event: flow:child_finish_connect @0.181s
2026-08-21 01:55:23.389 Df Flagstone[71040:78214] [com.apple.network:connection] nw_flow_connected [C1 IPv4#0631cccd:443 in_progress parent-flow (satisfied (Path is satisfied), interface: en0[802.11], uses wifi, LQM: unknown)] Output protocol connected (endpoint_flow)
2026-08-21 01:55:23.389 Df Flagstone[71040:78214] [com.apple.network:connection] [C1 IPv4#0631cccd:443 ready parent-flow (satisfied (Path is satisfied), interface: en0[802.11], uses wifi, LQM: unknown)] event: flow:finish_connect @0.182s
2026-08-21 01:55:23.389 Df Flagstone[71040:78214] [com.apple.network:connection] nw_connection_report_state_with_handler_on_nw_queue [C1] reporting state ready
2026-08-21 01:55:23.391 E  Flagstone[71040:78214] [com.apple.network:] nw_protocol_instance_set_output_handler Not calling remove_input_handler on 0x10dcd6c00:socket
2026-08-21 01:55:23.391 Df Flagstone[71040:78214] [com.apple.network:quic] quic_migration_path_event_block_invoke [C1.1.1.1:2] [-01fce1d5acbf31492dfca4d54ebf340d3e7f7b89] path 9303486746a1ade4 over en0 received event established
2026-08-21 01:55:23.391 Df Flagstone[71040:78214] [com.apple.network:quic] quic_migration_evaluate_primary [C1.1.1.1:2] [-01fce1d5acbf31492dfca4d54ebf340d3e7f7b89] promoted path 0x1198cddc0 over en0 to primary
2026-08-21 01:55:23.391 Df Flagstone[71040:78214] [com.apple.network:] nw_protocol_instance_report_ready [C1.1.1.1:2] Calling notify with interface en0 for flow_registration 4BEFDF5C-A505-4CC0-8998-108B0CFB4169
2026-08-21 01:55:23.391 Df Flagstone[71040:78214] [com.apple.network:connection] [C1.1.1.1 IPv4#0631cccd:443 ready socket-flow (satisfied (Path is satisfied), interface: en0[802.11], uses wifi, LQM: unknown)] event: path:migrated @0.185s, uuid: 98E18212-28D2-42B6-BAD3-832B3AAACFCE
2026-08-21 01:55:23.392 Df Flagstone[71040:78214] [com.apple.network:connection] [C1.1.1 Hostname#e4de7a2b:443 ready resolver (satisfied (Path is satisfied), interface: en0[802.11], uses wifi, LQM: unknown)] event: path:migrated @0.185s, uuid: 94E016F5-DFC1-45FB-B597-86462169546D
2026-08-21 01:55:23.392 Df Flagstone[71040:78214] [com.apple.network:connection] [C1.1 Hostname#e4de7a2b:443 ready transform (satisfied (Path is satisfied), interface: en0[802.11], uses wifi, LQM: unknown)] event: path:migrated @0.185s, uuid: 22A1D3AF-9C08-42C6-88D5-37A5435ABB6D
2026-08-21 01:55:23.392 Df Flagstone[71040:78214] [com.apple.network:connection] [C1 IPv4#0631cccd:443 ready parent-flow (satisfied (Path is satisfied), interface: en0[802.11], uses wifi, LQM: unknown)] event: path:migrated @0.185s, uuid: 22A1D3AF-9C08-42C6-88D5-37A5435ABB6D
2026-08-21 01:55:23.392 Df Flagstone[71040:78214] [com.apple.network:quic] quic_migration_evaluate [C1.1.1.1:2] [-01fce1d5acbf31492dfca4d54ebf340d3e7f7b89] evaluating path migration
2026-08-21 01:55:23.392 Df Flagstone[71040:78214] [com.apple.network:quic] quic_migration_evaluate_block_invoke [C1.1.1.1:2] [-01fce1d5acbf31492dfca4d54ebf340d3e7f7b89] path 9303486746a1ade4 state validated (0), ifname en0, primary? 1, initial? 1, fallback? 0, preferred? 0 lossy? 0
2026-08-21 01:55:23.392 Df Flagstone[71040:78214] [com.apple.network:quic] quic_migration_evaluate [C1.1.1.1:2] [-01fce1d5acbf31492dfca4d54ebf340d3e7f7b89] current path is usable, no strong fallback or we are probing
2026-08-21 01:55:23.392 Df Flagstone[71040:78214] [com.apple.CFNetwork:Default] Connection 1: connected successfully
2026-08-21 01:55:23.393 E  Flagstone[71040:78214] [com.apple.network:connection] nw_connection_copy_connected_local_endpoint_block_invoke [C1] Connection has no local endpoint
2026-08-21 01:55:23.393 Df Flagstone[71040:78214] [com.apple.CFNetwork:Default] Connection 1: TLS handshake complete
2026-08-21 01:55:23.393 E  Flagstone[71040:78214] [com.apple.network:connection] nw_connection_copy_connected_local_endpoint_block_invoke [C1] Connection has no local endpoint
2026-08-21 01:55:23.395 Df Flagstone[71040:78214] [com.apple.CFNetwork:Default] Connection 1: ready C(N) E(N)
2026-08-21 01:55:23.403 Df Flagstone[71040:78214] [com.apple.network:connection] [C1] event: client:connection_reused @0.196s
2026-08-21 01:55:23.405 Df Flagstone[71040:78214] [com.apple.CFNetwork:Default] Task <3A8A623C-09E0-4082-8EF9-0C32F0F5BC1B>.<1> now using Connection 1
2026-08-21 01:55:23.413 A  Flagstone[71040:78214] (Security) SecKeyCopyPublicBytes
2026-08-21 01:55:23.413 A  Flagstone[71040:78214] (Security) SecKeyCopyAttributes
2026-08-21 01:55:23.413 A  Flagstone[71040:78214] (Security) SecKeyCopyPublicBytes
2026-08-21 01:55:23.414 Df Flagstone[71040:78214] [com.apple.network:boringssl] boringssl_context_new_session_handler(1771) [C2:1][0x119aa2d60] Asyncing for session update block
2026-08-21 01:55:23.414 A  Flagstone[71040:78214] (Security) SecKeyCopyPublicBytes
2026-08-21 01:55:23.414 A  Flagstone[71040:78214] (Security) SecKeyCopyAttributes
2026-08-21 01:55:23.414 A  Flagstone[71040:78214] (Security) SecKeyCopyPublicBytes
2026-08-21 01:55:23.415 Df Flagstone[71040:78214] [com.apple.network:boringssl] boringssl_context_new_session_handler(1771) [C2:1][0x119aa2d60] Asyncing for session update block
2026-08-21 01:55:23.415 Df Flagstone[71040:78214] [com.apple.network:boringssl] nw_protocol_boringssl_signal_connected(895) [C2:1][0x119aa2d60] TLS connected [server(0) version(0x0304) ciphersuite(TLS_AES_256_GCM_SHA384) group(0x11ec) signature_alg(0x0403) alpn(h3) resumed(0) offered_ticket(0) in_early_data(0) early_data_accepted(0) false_started(0) ocsp_received(0) sct_received(0) connect_time(91ms) flight_time(30ms) rtt(26ms) write_stalls(0) read_stalls(5) pake(0x0000)]
2026-08-21 01:55:23.415 Df Flagstone[71040:78214] [com.apple.network:connection] nw_flow_connected [C2 IPv4#0631cccd:443 ready socket-flow (satisfied (Path is satisfied), interface: en0[802.11], uses wifi, LQM: unknown)] Output protocol connected (tls)
2026-08-21 01:55:23.416 Df Flagstone[71040:78214] [com.apple.network:quic] quic_stream_create_inbound [C1.1.1.1:2] [-01fce1d5acbf31492dfca4d54ebf340d3e7f7b89] creating inbound stream 3
2026-08-21 01:55:23.416 Df Flagstone[71040:78214] [com.apple.network:quic] quic_stream_create_inbound [C1.1.1.1:2] [-01fce1d5acbf31492dfca4d54ebf340d3e7f7b89] creating inbound stream 7
2026-08-21 01:55:23.417 Df Flagstone[71040:78214] [com.apple.network:quic] quic_stream_create_inbound [C1.1.1.1:2] [-01fce1d5acbf31492dfca4d54ebf340d3e7f7b89] creating inbound stream 11
2026-08-21 01:55:23.417 Df Flagstone[71040:78214] [com.apple.network:quic] quic_stream_create_inbound [C1.1.1.1:2] [-01fce1d5acbf31492dfca4d54ebf340d3e7f7b89] creating inbound stream 15
2026-08-21 01:55:23.422 Df Flagstone[71040:78214] [com.apple.network:boringssl] boringssl_context_new_session_handler_block_invoke(1774) [C2:1][0x119aa2d60] Returning from session update block
2026-08-21 01:55:23.422 Df Flagstone[71040:78214] [com.apple.network:boringssl] boringssl_context_new_session_handler_block_invoke(1774) [C2:1][0x119aa2d60] Returning from session update block
2026-08-21 01:55:23.423 Df Flagstone[71040:78214] [com.apple.cfnetwork:h3stream] 0x11a071a58 ID=0 Task <3A8A623C-09E0-4082-8EF9-0C32F0F5BC1B>.<1> sent request, body N 0
2026-08-21 01:55:23.475 Df Flagstone[71040:777aa] [PrototypeTools:domain] Not observing PTDefaults on customer install.
2026-08-21 01:55:23.493 Df Flagstone[71040:777aa] [com.apple.GeoServices:ResourceManifest] Did not find downloaded resource "groundSettings.json" at "(null)", trying fallback
2026-08-21 01:55:23.508 Df Flagstone[71040:777aa] [com.apple.GeoServices:ResourceManifest] Did not find downloaded resource "NonTiledAssets.pb" at "(null)", trying fallback
2026-08-21 01:55:23.511 E  Flagstone[71040:777aa] [com.apple.coreanimation:API] CAMetalLayer ignoring invalid setDrawableSize width=0.000000 height=0.000000
2026-08-21 01:55:23.648 A  Flagstone[71040:777aa] (CoreLocation) CL: CLLocationManager
2026-08-21 01:55:23.648 Df Flagstone[71040:777aa] [com.apple.locationd.Core:Client] {"msg":"CLLocationManager", "event":activity, "_cmd":initWithEffectiveBundleIdentifier:bundlePath:websiteIdentifier:delegate:silo:, "self":"0x10de2d3e0", "identifier":(null), "bundlePath":(null)}
2026-08-21 01:55:23.648 Df Flagstone[71040:777aa] [com.apple.locationd.Core:Client] {"msg":"client allocated", "client":"0x11a9a4c40"}
2026-08-21 01:55:23.648 A  Flagstone[71040:777aa] (CoreLocation) CL: _CLClientCreateConnection
2026-08-21 01:55:23.648 Df Flagstone[71040:777aa] [com.apple.locationd.Core:Client] {"msg":"_CLClientCreateConnection", "event":activity, "client":"0x11a9a4c40"}
2026-08-21 01:55:23.648 A  Flagstone[71040:78259] (LocationSupport) CL: Sending cached messages to daemon
2026-08-21 01:55:23.648 A  Flagstone[71040:777aa] (LocationSupport) CL: CLConnectionClient::sendMessage(cache)
2026-08-21 01:55:23.648 Df Flagstone[71040:78259] [com.apple.LocationSupport:Connection] {"msg":"Sending cached messages to daemon", "event":activity}
2026-08-21 01:55:23.648 Df Flagstone[71040:78259] [com.apple.xpc:connection] [0x119948dc0] activating connection: mach=true listener=false peer=false name=com.apple.locationd.registration
2026-08-21 01:55:23.648 A  Flagstone[71040:777aa] (LocationSupport) CL: CLConnectionClient::sendMessage(cache)
2026-08-21 01:55:23.648 A  Flagstone[71040:777aa] (CoreLocation) CL: CLLocationManager
2026-08-21 01:55:23.648 Df Flagstone[71040:777aa] [com.apple.locationd.Core:Client] {"msg":"CLLocationManager", "event":activity, "_cmd":setDelegate:, "self":"0x10de2d3e0", "delegate":"0x1198c8fc0"}
2026-08-21 01:55:23.648 A  Flagstone[71040:78259] (LocationSupport) CL: CLConnection::sendMessage
2026-08-21 01:55:23.649 A  Flagstone[71040:777aa] (CoreLocation) CL: CLLocationManager
2026-08-21 01:55:23.649 Df Flagstone[71040:777aa] [com.apple.locationd.Core:Client] {"msg":"CLLocationManager", "event":activity, "_cmd":setDistanceFilter:, "self":"0x10de2d3e0", "distance":"-1.000000"}
2026-08-21 01:55:23.649 A  Flagstone[71040:777aa] (CoreLocation) CL: CLLocationManager
2026-08-21 01:55:23.649 Df Flagstone[71040:777aa] [com.apple.locationd.Core:Client] {"msg":"CLLocationManager", "event":activity, "_cmd":setDesiredAccuracy:, "self":"0x10de2d3e0", "accuracy":"-1.000000"}
2026-08-21 01:55:23.649 A  Flagstone[71040:777aa] (CoreLocation) CL: CLLocationManager
2026-08-21 01:55:23.649 Df Flagstone[71040:777aa] [com.apple.locationd.Core:Client] {"msg":"CLLocationManager", "event":activity, "_cmd":setActivityType:, "self":"0x10de2d3e0", "activityType":0}
2026-08-21 01:55:23.649 A  Flagstone[71040:78259] (LocationSupport) CL: CLConnection::sendMessage
2026-08-21 01:55:23.649 A  Flagstone[71040:777aa] (LocationSupport) CL: CLConnectionClient::sendMessage(cache)
2026-08-21 01:55:23.649 A  Flagstone[71040:777aa] (CoreLocation) CL: CLLocationManager
2026-08-21 01:55:23.649 A  Flagstone[71040:78259] (LocationSupport) CL: CLConnection::sendMessage
2026-08-21 01:55:23.650 Df Flagstone[71040:777aa] [com.apple.locationd.Core:Client] {"msg":"CLLocationManager", "event":activity, "_cmd":setAllowsAlteredAccessoryLocations:, "self":"0x10de2d3e0", "enabled":1}
2026-08-21 01:55:23.651 A  Flagstone[71040:78259] (CoreLocation) CL: CLLocationManager
2026-08-21 01:55:23.651 Df Flagstone[71040:78259] [com.apple.locationd.Core:Client] {"msg":"CLLocationManager", "event":activity, "_cmd":onClientEventRegistration:, "self":"0x10de2d3e0", "clientKey":icom.accessmap.app:}
2026-08-21 01:55:23.652 Df Flagstone[71040:78214] [com.apple.locationd.Core:Client] {"msg":"#CLLocationManager invoking #delegate", "self":"0x10de2d3e0", "delegate":"0x1198c8fc0", "selector":locationManagerDidChangeAuthorization:, "authorizationStatus":4, "limitsPrecision":0, "isAuthorizedForWidgetUpdates":0}
2026-08-21 01:55:23.652 A  Flagstone[71040:78214] (CoreLocation) CL: CLLocationManager
2026-08-21 01:55:23.652 Df Flagstone[71040:78214] [com.apple.locationd.Core:Client] {"msg":"CLLocationManager", "event":activity, "_cmd":desiredAccuracy, "self":"0x10de2d3e0"}
2026-08-21 01:55:23.652 A  Flagstone[71040:78214] (CoreLocation) CL: CLLocationManager
2026-08-21 01:55:23.652 Df Flagstone[71040:78214] [com.apple.locationd.Core:Client] {"msg":"CLLocationManager", "event":activity, "_cmd":desiredAccuracy, "self":"0x10de2d3e0"}
2026-08-21 01:55:23.659 Df Flagstone[71040:777aa] [com.apple.GeoServices:ResourceManifest] Did not find downloaded resource "groundSettings.json" at "(null)", trying fallback
2026-08-21 01:55:23.672 Df Flagstone[71040:777aa] [com.apple.GeoServices:ResourceManifest] Did not find downloaded resource "NonTiledAssets.pb" at "(null)", trying fallback
2026-08-21 01:55:23.674 E  Flagstone[71040:777aa] [com.apple.coreanimation:API] CAMetalLayer ignoring invalid setDrawableSize width=0.000000 height=0.000000
2026-08-21 01:55:23.683 A  Flagstone[71040:777aa] (CoreLocation) CL: CLLocationManager
2026-08-21 01:55:23.683 Df Flagstone[71040:777aa] [com.apple.locationd.Core:Client] {"msg":"CLLocationManager", "event":activity, "_cmd":desiredAccuracy, "self":"0x10de2d3e0"}
2026-08-21 01:55:23.683 A  Flagstone[71040:777aa] (CoreLocation) CL: CLLocationManager
2026-08-21 01:55:23.683 Df Flagstone[71040:777aa] [com.apple.locationd.Core:Client] {"msg":"CLLocationManager", "event":activity, "_cmd":desiredAccuracy, "self":"0x10de2d3e0"}
2026-08-21 01:55:23.758 Df Flagstone[71040:777aa] [com.apple.xpc:connection] [0x11994b980] activating connection: mach=true listener=false peer=false name=com.apple.geod
2026-08-21 01:55:23.820 Df Flagstone[71040:777aa] [com.apple.xpc:connection] [0x11994aa80] activating connection: mach=true listener=false peer=false name=com.apple.geod
2026-08-21 01:55:23.914 A  Flagstone[71040:777aa] (CoreLocation) CL: CLLocationManager
2026-08-21 01:55:23.914 Df Flagstone[71040:777aa] [com.apple.locationd.Core:Client] {"msg":"CLLocationManager", "event":activity, "_cmd":desiredAccuracy, "self":"0x10de2d3e0"}
2026-08-21 01:55:23.914 A  Flagstone[71040:777aa] (CoreLocation) CL: CLLocationManager
2026-08-21 01:55:23.914 Df Flagstone[71040:777aa] [com.apple.locationd.Core:Client] {"msg":"CLLocationManager", "event":activity, "_cmd":desiredAccuracy, "self":"0x10de2d3e0"}
2026-08-21 01:55:23.914 A  Flagstone[71040:777aa] (CoreLocation) CL: CLLocationManager
2026-08-21 01:55:23.914 Df Flagstone[71040:777aa] [com.apple.locationd.Core:Client] {"msg":"CLLocationManager", "event":activity, "_cmd":desiredAccuracy, "self":"0x10de2d3e0"}
2026-08-21 01:55:23.914 A  Flagstone[71040:777aa] (CoreLocation) CL: CLLocationManager
2026-08-21 01:55:23.914 Df Flagstone[71040:777aa] [com.apple.locationd.Core:Client] {"msg":"CLLocationManager", "event":activity, "_cmd":desiredAccuracy, "self":"0x10de2d3e0"}
2026-08-21 01:55:23.935 Df Flagstone[71040:777aa] [com.apple.dt.xctest:Default] Idle notifier run loop observer fired
2026-08-21 01:55:23.935 Df Flagstone[71040:777aa] [com.apple.dt.xctest:Default] Sending main run loop idle reply
2026-08-21 01:55:23.969 Df Flagstone[71040:7826d] [com.apple.network:path] nw_path_evaluator_start [88FD1D79-811D-42C0-ADAC-37DCD369ACAC Hostname#0c0f4ea7:443 generic, url: https://configuration.ls.apple.com/config/defaults, attribution: developer]
	path: satisfied (Path is satisfied), interface: en0[802.11], uses wifi, LQM: unknown
2026-08-21 01:55:23.987 Df Flagstone[71040:777aa] [com.apple.xpc:connection] [0x108ed2800] activating connection: mach=true listener=false peer=false name=com.apple.IOSurface.Remote
2026-08-21 01:55:24.266 Df Flagstone[71040:78265] [com.apple.cfnetwork:h3stream] 0x11a071a58 ID=0 Task <3A8A623C-09E0-4082-8EF9-0C32F0F5BC1B>.<1> received response, status 200 content U
2026-08-21 01:55:24.266 A  Flagstone[71040:78265] (Security) SecTrustEvaluateIfNecessary
2026-08-21 01:55:24.266 Df Flagstone[71040:78265] [com.apple.xpc:connection] [0x108ed17c0] activating connection: mach=true listener=false peer=false name=com.apple.trustd
2026-08-21 01:55:24.271 Df Flagstone[71040:78265] [com.apple.xpc:connection] [0x108ed17c0] invalidated because the current process cancelled the connection by calling xpc_connection_cancel()
2026-08-21 01:55:24.271 Df Flagstone[71040:78265] [com.apple.CFNetwork:Default] Task <3A8A623C-09E0-4082-8EF9-0C32F0F5BC1B>.<1> response ended
2026-08-21 01:55:24.271 Df Flagstone[71040:78265] [com.apple.network:connection] [C1] event: client:connection_idle @1.065s
2026-08-21 01:55:24.272 Df Flagstone[71040:78265] [com.apple.CFNetwork:Default] Task <3A8A623C-09E0-4082-8EF9-0C32F0F5BC1B>.<1> done using Connection 1
2026-08-21 01:55:24.272 Df Flagstone[71040:782a4] [com.apple.CFNetwork:Summary] Task <3A8A623C-09E0-4082-8EF9-0C32F0F5BC1B>.<1> summary for task success {transaction_duration_ms=1211, response_status=200, connection=1, protocol="h3", domain_lookup_duration_ms=33, connect_duration_ms=105, secure_connection_duration_ms=102, private_relay=false, request_start_ms=344, request_duration_ms=17, response_start_ms=1202, response_duration_ms=9, request_bytes=388, request_throughput_kbps=177, response_bytes=2265, response_throughput_kbps=1919, cache_hit=true}
2026-08-21 01:55:24.272 Df Flagstone[71040:782a4] [com.apple.CFNetwork:Default] Task <3A8A623C-09E0-4082-8EF9-0C32F0F5BC1B>.<1> finished successfully
2026-08-21 01:55:24.275 Df Flagstone[71040:78265] [com.apple.xpc:connection] [0x108ed1900] activating connection: mach=true listener=false peer=false name=com.apple.lsd.mapdb
2026-08-21 01:55:30.325 Df Flagstone[71040:78265] [com.apple.dt.xctest:Default] Received attributes request for element: App element pid: 71040. Attributes: (
    "XC_kAXXCAttributeFrame",
    "XC_kAXXCAttributeWindowDisplayId",
    "XC_kAXXCAttributeWindowContextId"
)
2026-08-21 01:55:30.325 Df Flagstone[71040:7826b] [com.apple.dt.xctest:Default] XCTPerformOnMainRunLoop[not MT]: about to CFRunLoopPerform
2026-08-21 01:55:30.325 Df Flagstone[71040:7826b] [com.apple.dt.xctest:Default] XCTPerformOnMainRunLoop[not MT]: waiting with 30.00s responsiveness timeout
2026-08-21 01:55:30.325 Df Flagstone[71040:777aa] [com.apple.dt.xctest:Default] XCTPerformOnMainRunLoop[MT]: inside CFRunLoopPerform
2026-08-21 01:55:30.325 Df Flagstone[71040:777aa] [com.apple.dt.xctest:Default] XCTPerformOnMainRunLoop[MT]: MT responded in time (won the race to the busy flag)
2026-08-21 01:55:30.325 Df Flagstone[71040:7826b] [com.apple.dt.xctest:Default] XCTPerformOnMainRunLoop[not MT]: waiting 60.00s for work to complete
2026-08-21 01:55:30.325 Df Flagstone[71040:777aa] [com.apple.dt.xctest:Default] Fetching AX attributes XC_kAXXCAttributeFrame, XC_kAXXCAttributeWindowDisplayId, XC_kAXXCAttributeWindowContextId for App element pid: 71040
2026-08-21 01:55:30.325 Df Flagstone[71040:777aa] [com.apple.dt.xctest:Default] Got attributes, transferring to dictionary for return.
2026-08-21 01:55:30.325 Df Flagstone[71040:7826b] [com.apple.dt.xctest:Default] Replying with attribute values: {
    "XC_kAXXCAttributeFrame" =     {
        Height = 844;
        Width = 390;
        X = 0;
        Y = 0;
    };
    "XC_kAXXCAttributeWindowContextId" = 3754875688;
    "XC_kAXXCAttributeWindowDisplayId" = 0;
}
2026-08-21 01:55:30.328 Df Flagstone[71040:7826b] [com.apple.dt.xctest:Default] Received attributes request for element: App element pid: 71040. Attributes: (
    "XC_kAXXCAttributeElementType",
    "XC_kAXXCAttributeElementBaseType",
    "XC_kAXXCAttributeTraits",
    "XC_kAXXCAttributeAutomationType"
)
2026-08-21 01:55:30.328 Df Flagstone[71040:7826b] [com.apple.dt.xctest:Default] XCTPerformOnMainRunLoop[not MT]: about to CFRunLoopPerform
2026-08-21 01:55:30.328 Df Flagstone[71040:7826b] [com.apple.dt.xctest:Default] XCTPerformOnMainRunLoop[not MT]: waiting with 30.00s responsiveness timeout
2026-08-21 01:55:30.328 Df Flagstone[71040:777aa] [com.apple.dt.xctest:Default] XCTPerformOnMainRunLoop[MT]: inside CFRunLoopPerform
2026-08-21 01:55:30.328 Df Flagstone[71040:777aa] [com.apple.dt.xctest:Default] XCTPerformOnMainRunLoop[MT]: MT responded in time (won the race to the busy flag)
2026-08-21 01:55:30.328 Df Flagstone[71040:7826b] [com.apple.dt.xctest:Default] XCTPerformOnMainRunLoop[not MT]: waiting 60.00s for work to complete
2026-08-21 01:55:30.328 Df Flagstone[71040:777aa] [com.apple.dt.xctest:Default] Fetching AX attributes XC_kAXXCAttributeElementType, XC_kAXXCAttributeElementBaseType, XC_kAXXCAttributeTraits, XC_kAXXCAttributeAutomationType for App element pid: 71040
2026-08-21 01:55:30.328 Df Flagstone[71040:777aa] [com.apple.dt.xctest:Default] Got attributes, transferring to dictionary for return.
2026-08-21 01:55:30.328 Df Flagstone[71040:7826b] [com.apple.dt.xctest:Default] Replying with attribute values: {
    "XC_kAXXCAttributeAutomationType" = 1;
    "XC_kAXXCAttributeElementBaseType" = UIApplication;
    "XC_kAXXCAttributeElementType" = UIApplication;
    "XC_kAXXCAttributeTraits" = 0;
}
2026-08-21 01:55:30.356 Df Flagstone[71040:7826b] [com.apple.dt.xctest:Default] Received attributes request for element: App element pid: 71040. Attributes: (
    "XC_kAXXCAttributeFrame",
    "XC_kAXXCAttributeWindowDisplayId",
    "XC_kAXXCAttributeWindowContextId"
)
2026-08-21 01:55:30.356 Df Flagstone[71040:7826b] [com.apple.dt.xctest:Default] XCTPerformOnMainRunLoop[not MT]: about to CFRunLoopPerform
2026-08-21 01:55:30.357 Df Flagstone[71040:7826b] [com.apple.dt.xctest:Default] XCTPerformOnMainRunLoop[not MT]: waiting with 30.00s responsiveness timeout
2026-08-21 01:55:30.357 Df Flagstone[71040:777aa] [com.apple.dt.xctest:Default] XCTPerformOnMainRunLoop[MT]: inside CFRunLoopPerform
2026-08-21 01:55:30.357 Df Flagstone[71040:777aa] [com.apple.dt.xctest:Default] XCTPerformOnMainRunLoop[MT]: MT responded in time (won the race to the busy flag)
2026-08-21 01:55:30.357 Df Flagstone[71040:7826b] [com.apple.dt.xctest:Default] XCTPerformOnMainRunLoop[not MT]: waiting 60.00s for work to complete
2026-08-21 01:55:30.357 Df Flagstone[71040:777aa] [com.apple.dt.xctest:Default] Fetching AX attributes XC_kAXXCAttributeFrame, XC_kAXXCAttributeWindowDisplayId, XC_kAXXCAttributeWindowContextId for App element pid: 71040
2026-08-21 01:55:30.357 Df Flagstone[71040:777aa] [com.apple.dt.xctest:Default] Got attributes, transferring to dictionary for return.
2026-08-21 01:55:30.357 Df Flagstone[71040:7826b] [com.apple.dt.xctest:Default] Replying with attribute values: {
    "XC_kAXXCAttributeFrame" =     {
        Height = 844;
        Width = 390;
        X = 0;
        Y = 0;
    };
    "XC_kAXXCAttributeWindowContextId" = 3754875688;
    "XC_kAXXCAttributeWindowDisplayId" = 0;
}
2026-08-21 01:55:30.358 Df Flagstone[71040:7826b] [com.apple.dt.xctest:Default] Received attributes request for element: App element pid: 71040. Attributes: (
    "XC_kAXXCAttributeElementType",
    "XC_kAXXCAttributeElementBaseType",
    "XC_kAXXCAttributeTraits",
    "XC_kAXXCAttributeAutomationType"
)
2026-08-21 01:55:30.358 Df Flagstone[71040:78265] [com.apple.dt.xctest:Default] XCTPerformOnMainRunLoop[not MT]: about to CFRunLoopPerform
2026-08-21 01:55:30.358 Df Flagstone[71040:78265] [com.apple.dt.xctest:Default] XCTPerformOnMainRunLoop[not MT]: waiting with 30.00s responsiveness timeout
2026-08-21 01:55:30.358 Df Flagstone[71040:777aa] [com.apple.dt.xctest:Default] XCTPerformOnMainRunLoop[MT]: inside CFRunLoopPerform
2026-08-21 01:55:30.358 Df Flagstone[71040:777aa] [com.apple.dt.xctest:Default] XCTPerformOnMainRunLoop[MT]: MT responded in time (won the race to the busy flag)
2026-08-21 01:55:30.358 Df Flagstone[71040:78265] [com.apple.dt.xctest:Default] XCTPerformOnMainRunLoop[not MT]: waiting 60.00s for work to complete
2026-08-21 01:55:30.358 Df Flagstone[71040:777aa] [com.apple.dt.xctest:Default] Fetching AX attributes XC_kAXXCAttributeElementType, XC_kAXXCAttributeElementBaseType, XC_kAXXCAttributeTraits, XC_kAXXCAttributeAutomationType for App element pid: 71040
2026-08-21 01:55:30.359 Df Flagstone[71040:777aa] [com.apple.dt.xctest:Default] Got attributes, transferring to dictionary for return.
2026-08-21 01:55:30.359 Df Flagstone[71040:78265] [com.apple.dt.xctest:Default] Replying with attribute values: {
    "XC_kAXXCAttributeAutomationType" = 1;
    "XC_kAXXCAttributeElementBaseType" = UIApplication;
    "XC_kAXXCAttributeElementType" = UIApplication;
    "XC_kAXXCAttributeTraits" = 0;
}
2026-08-21 01:55:30.361 Df Flagstone[71040:78265] [com.apple.dt.xctest:Default] Received attributes request for element: App element pid: 71040. Attributes: (
    "XC_kAXXCAttributeWindowDisplayId"
)
2026-08-21 01:55:30.362 Df Flagstone[71040:7826b] [com.apple.dt.xctest:Default] XCTPerformOnMainRunLoop[not MT]: about to CFRunLoopPerform
2026-08-21 01:55:30.362 Df Flagstone[71040:7826b] [com.apple.dt.xctest:Default] XCTPerformOnMainRunLoop[not MT]: waiting with 30.00s responsiveness timeout
2026-08-21 01:55:30.362 Df Flagstone[71040:777aa] [com.apple.dt.xctest:Default] XCTPerformOnMainRunLoop[MT]: inside CFRunLoopPerform
2026-08-21 01:55:30.362 Df Flagstone[71040:777aa] [com.apple.dt.xctest:Default] XCTPerformOnMainRunLoop[MT]: MT responded in time (won the race to the busy flag)
2026-08-21 01:55:30.362 Df Flagstone[71040:7826b] [com.apple.dt.xctest:Default] XCTPerformOnMainRunLoop[not MT]: waiting 60.00s for work to complete
2026-08-21 01:55:30.362 Df Flagstone[71040:777aa] [com.apple.dt.xctest:Default] Fetching AX attributes XC_kAXXCAttributeWindowDisplayId for App element pid: 71040
2026-08-21 01:55:30.362 Df Flagstone[71040:777aa] [com.apple.dt.xctest:Default] Got attributes, transferring to dictionary for return.
2026-08-21 01:55:30.362 Df Flagstone[71040:7826b] [com.apple.dt.xctest:Default] Replying with attribute values: {
    "XC_kAXXCAttributeWindowDisplayId" = 0;
}
2026-08-21 01:55:30.413 Df Flagstone[71040:777aa] [com.apple.KeyboardArbiter:Client] TX focusApplication (peekAppEvent) stealKB:Y scene:com.accessmap.app-default
2026-08-21 01:55:30.414 Df Flagstone[71040:777aa] [com.apple.UIKit:EventDispatch] Evaluating dispatch of UIEvent: 0x104d42d00; type: 0; subtype: 0; backing type: 11; shouldSend: 1; ignoreInteractionEvents: 0, systemGestureStateChange: 0
2026-08-21 01:55:30.414 Df Flagstone[71040:777aa] [com.apple.UIKit:EventDispatch] Sending UIEvent type: 0; subtype: 0; to windows: 1
2026-08-21 01:55:30.415 Df Flagstone[71040:777aa] [com.apple.UIKit:EventDispatch] Sending UIEvent type: 0; subtype: 0; to window: <UIWindow: 0x104dc8400>; contextId: 0xDFCEDB28
2026-08-21 01:55:30.423 Df Flagstone[71040:777aa] [com.apple.UIKit:EventDispatch] Evaluating dispatch of UIEvent: 0x104d42d00; type: 0; subtype: 0; backing type: 11; shouldSend: 0; ignoreInteractionEvents: 0, systemGestureStateChange: 0
2026-08-21 01:55:30.447 Df Flagstone[71040:777aa] [com.apple.UIKit:EventDispatch] Evaluating dispatch of UIEvent: 0x104d42d00; type: 0; subtype: 0; backing type: 11; shouldSend: 0; ignoreInteractionEvents: 0, systemGestureStateChange: 0
2026-08-21 01:55:30.464 Df Flagstone[71040:777aa] [com.apple.UIKit:EventDispatch] Evaluating dispatch of UIEvent: 0x104d42d00; type: 0; subtype: 0; backing type: 11; shouldSend: 0; ignoreInteractionEvents: 0, systemGestureStateChange: 0
2026-08-21 01:55:30.480 Df Flagstone[71040:777aa] [com.apple.UIKit:EventDispatch] Evaluating dispatch of UIEvent: 0x104d42d00; type: 0; subtype: 0; backing type: 11; shouldSend: 0; ignoreInteractionEvents: 0, systemGestureStateChange: 0
2026-08-21 01:55:30.497 Df Flagstone[71040:777aa] [com.apple.UIKit:EventDispatch] Evaluating dispatch of UIEvent: 0x104d42d00; type: 0; subtype: 0; backing type: 11; shouldSend: 0; ignoreInteractionEvents: 0, systemGestureStateChange: 0
2026-08-21 01:55:30.497 Df Flagstone[71040:777aa] [com.apple.UIKit:EventDispatch] Evaluating dispatch of UIEvent: 0x104d42d00; type: 0; subtype: 0; backing type: 11; shouldSend: 1; ignoreInteractionEvents: 0, systemGestureStateChange: 0
2026-08-21 01:55:30.497 Df Flagstone[71040:777aa] [com.apple.UIKit:EventDispatch] Sending UIEvent type: 0; subtype: 0; to windows: 1
2026-08-21 01:55:30.497 Df Flagstone[71040:777aa] [com.apple.UIKit:EventDispatch] Sending UIEvent type: 0; subtype: 0; to window: <UIWindow: 0x104dc8400>; contextId: 0xDFCEDB28
2026-08-21 01:55:30.501 Df Flagstone[71040:777aa] [com.apple.UIKit:Feedback] generator <UISelectionFeedbackGenerator: 0x11f4c67c0> cannot play feedback <nil: 0x0> (enabled=0)
2026-08-21 01:55:30.506 A  Flagstone[71040:777aa] (CoreFoundation) Updating Key-Value Observers Of Preferences
2026-08-21 01:55:30.525 Df Flagstone[71040:777aa] [com.apple.UIKit:EventDispatch] Evaluating dispatch of UIEvent: 0x104d42d00; type: 0; subtype: 0; backing type: 11; shouldSend: 0; ignoreInteractionEvents: 0, systemGestureStateChange: 1
2026-08-21 01:55:30.534 A  Flagstone[71040:777aa] (UIKitCore) send gesture actions
2026-08-21 01:55:30.534 A  Flagstone[71040:777aa] (UIKitCore) send gesture actions
2026-08-21 01:55:30.561 A  Flagstone[71040:7826b] (CoreLocation) CL: CLInternalGetAuthorizationStatus
2026-08-21 01:55:30.561 Df Flagstone[71040:7826b] [com.apple.locationd.Core:Client] {"msg":"CLInternalGetAuthorizationStatus", "event":activity}
2026-08-21 01:55:30.571 A  Flagstone[71040:782a5] (CoreLocation) CL: CLInternalGetAuthorizationStatus
2026-08-21 01:55:30.571 Df Flagstone[71040:782a5] [com.apple.locationd.Core:Client] {"msg":"CLInternalGetAuthorizationStatus", "event":activity}
2026-08-21 01:55:30.572 A  Flagstone[71040:782a5] (CoreLocation) CL: CLLocationManager
2026-08-21 01:55:30.572 Df Flagstone[71040:782a5] [com.apple.locationd.Core:Client] {"msg":"CLLocationManager", "event":activity, "_cmd":initWithEffectiveBundleIdentifier:bundlePath:websiteIdentifier:delegate:silo:, "self":"0x10de2d7b0", "identifier":(null), "bundlePath":(null)}
2026-08-21 01:55:30.572 Df Flagstone[71040:782a5] [com.apple.locationd.Core:Client] {"msg":"client allocated", "client":"0x11f6d0fc0"}
2026-08-21 01:55:30.572 A  Flagstone[71040:782a5] (CoreLocation) CL: _CLClientCreateConnection
2026-08-21 01:55:30.572 Df Flagstone[71040:782a5] [com.apple.locationd.Core:Client] {"msg":"_CLClientCreateConnection", "event":activity, "client":"0x11f6d0fc0"}
2026-08-21 01:55:30.573 A  Flagstone[71040:782a5] (LocationSupport) CL: CLConnectionClient::sendMessage(cache)
2026-08-21 01:55:30.573 A  Flagstone[71040:78265] (LocationSupport) CL: Sending cached messages to daemon
2026-08-21 01:55:30.573 A  Flagstone[71040:782a5] (LocationSupport) CL: CLConnectionClient::sendMessage(cache)
2026-08-21 01:55:30.573 Df Flagstone[71040:78265] [com.apple.LocationSupport:Connection] {"msg":"Sending cached messages to daemon", "event":activity}
2026-08-21 01:55:30.573 A  Flagstone[71040:782a5] (CoreLocation) CL: CLLocationManager
2026-08-21 01:55:30.573 Df Flagstone[71040:78265] [com.apple.xpc:connection] [0x11f6d6300] activating connection: mach=true listener=false peer=false name=com.apple.locationd.registration
2026-08-21 01:55:30.573 Df Flagstone[71040:782a5] [com.apple.locationd.Core:Client] {"msg":"CLLocationManager", "event":activity, "_cmd":location, "self":"0x10de2d7b0"}
2026-08-21 01:55:30.573 A  Flagstone[71040:78265] (LocationSupport) CL: CLConnection::sendMessage
2026-08-21 01:55:30.573 A  Flagstone[71040:78265] (LocationSupport) CL: CLConnection::sendMessage
2026-08-21 01:55:30.574 A  Flagstone[71040:782a5] (CoreLocation) CL: CLLocationManager
2026-08-21 01:55:30.574 Df Flagstone[71040:782a5] [com.apple.locationd.Core:Client] {"msg":"CLLocationManager", "event":activity, "_cmd":dealloc, "self":"0x10de2d7b0"}
2026-08-21 01:55:30.574 Df Flagstone[71040:782a5] [com.apple.locationd.Core:Client] {"msg":"invalidating client", "client":"0x11f6d0fc0"}
2026-08-21 01:55:30.574 Df Flagstone[71040:78265] [com.apple.xpc:connection] [0x11f6d6300] invalidated because the current process cancelled the connection by calling xpc_connection_cancel()
2026-08-21 01:55:30.574 Df Flagstone[71040:782a5] [com.apple.locationd.Core:Client] {"msg":"invalidating client", "client":"0x11f6d0fc0"}
2026-08-21 01:55:30.574 Df Flagstone[71040:782a5] [com.apple.locationd.Core:Client] {"msg":"client about to be destroyed", "client":"0x11f6d0fc0"}
2026-08-21 01:55:30.782 Df Flagstone[71040:782a7] [com.apple.dt.xctest:Default] Received request to notify when the main run loop is idle
2026-08-21 01:55:30.782 Df Flagstone[71040:782a7] [com.apple.dt.xctest:Default] Idle notifier finished setting up run loop observer
2026-08-21 01:55:30.782 Df Flagstone[71040:782a7] [com.apple.dt.xctest:Default] Received request to notify when animations are idle
2026-08-21 01:55:30.792 Df Flagstone[71040:777aa] [com.apple.dt.xctest:Default] Idle notifier run loop observer fired
2026-08-21 01:55:30.792 Df Flagstone[71040:777aa] [com.apple.dt.xctest:Default] Sending main run loop idle reply
2026-08-21 01:55:39.452 Df Flagstone[71040:777aa] [com.apple.Accessibility:AXSupportCommon] Read CategoryName: per-app = 1, category name = (null)
2026-08-21 01:55:39.456 Df Flagstone[71040:777aa] [com.apple.Accessibility:AXSupportCommon] Read CategoryName: per-app = 0, category name = UICTContentSizeCategoryAccessibilityXL
2026-08-21 01:55:39.461 Df Flagstone[71040:777aa] [com.apple.UIKit:InterfaceStyle] Not push traits update to screen for new style 2, <UIWindowScene: 0x108094600> (AE1D67B8-6BBD-4698-9E3C-597A0C367329)
2026-08-21 01:55:47.200 Df Flagstone[71040:782a5] [com.apple.dt.xctest:Default] Received attributes request for element: App element pid: 71040. Attributes: (
    "XC_kAXXCAttributeFrame",
    "XC_kAXXCAttributeWindowDisplayId",
    "XC_kAXXCAttributeWindowContextId"
)
2026-08-21 01:55:47.200 Df Flagstone[71040:783be] [com.apple.dt.xctest:Default] XCTPerformOnMainRunLoop[not MT]: about to CFRunLoopPerform
2026-08-21 01:55:47.200 Df Flagstone[71040:783be] [com.apple.dt.xctest:Default] XCTPerformOnMainRunLoop[not MT]: waiting with 30.00s responsiveness timeout
2026-08-21 01:55:47.200 Df Flagstone[71040:777aa] [com.apple.dt.xctest:Default] XCTPerformOnMainRunLoop[MT]: inside CFRunLoopPerform
2026-08-21 01:55:47.200 Df Flagstone[71040:777aa] [com.apple.dt.xctest:Default] XCTPerformOnMainRunLoop[MT]: MT responded in time (won the race to the busy flag)
2026-08-21 01:55:47.200 Df Flagstone[71040:783be] [com.apple.dt.xctest:Default] XCTPerformOnMainRunLoop[not MT]: waiting 60.00s for work to complete
2026-08-21 01:55:47.200 Df Flagstone[71040:777aa] [com.apple.dt.xctest:Default] Fetching AX attributes XC_kAXXCAttributeFrame, XC_kAXXCAttributeWindowDisplayId, XC_kAXXCAttributeWindowContextId for App element pid: 71040
2026-08-21 01:55:47.200 Df Flagstone[71040:777aa] [com.apple.dt.xctest:Default] Got attributes, transferring to dictionary for return.
2026-08-21 01:55:47.201 Df Flagstone[71040:783be] [com.apple.dt.xctest:Default] Replying with attribute values: {
    "XC_kAXXCAttributeFrame" =     {
        Height = 844;
        Width = 390;
        X = 0;
        Y = 0;
    };
    "XC_kAXXCAttributeWindowContextId" = 3754875688;
    "XC_kAXXCAttributeWindowDisplayId" = 0;
}
2026-08-21 01:55:47.203 Df Flagstone[71040:783be] [com.apple.dt.xctest:Default] Received attributes request for element: App element pid: 71040. Attributes: (
    "XC_kAXXCAttributeElementType",
    "XC_kAXXCAttributeElementBaseType",
    "XC_kAXXCAttributeTraits",
    "XC_kAXXCAttributeAutomationType"
)
2026-08-21 01:55:47.203 Df Flagstone[71040:782a5] [com.apple.dt.xctest:Default] XCTPerformOnMainRunLoop[not MT]: about to CFRunLoopPerform
2026-08-21 01:55:47.203 Df Flagstone[71040:782a5] [com.apple.dt.xctest:Default] XCTPerformOnMainRunLoop[not MT]: waiting with 30.00s responsiveness timeout
2026-08-21 01:55:47.203 Df Flagstone[71040:777aa] [com.apple.dt.xctest:Default] XCTPerformOnMainRunLoop[MT]: inside CFRunLoopPerform
2026-08-21 01:55:47.203 Df Flagstone[71040:777aa] [com.apple.dt.xctest:Default] XCTPerformOnMainRunLoop[MT]: MT responded in time (won the race to the busy flag)
2026-08-21 01:55:47.203 Df Flagstone[71040:782a5] [com.apple.dt.xctest:Default] XCTPerformOnMainRunLoop[not MT]: waiting 60.00s for work to complete
2026-08-21 01:55:47.203 Df Flagstone[71040:777aa] [com.apple.dt.xctest:Default] Fetching AX attributes XC_kAXXCAttributeElementType, XC_kAXXCAttributeElementBaseType, XC_kAXXCAttributeTraits, XC_kAXXCAttributeAutomationType for App element pid: 71040
2026-08-21 01:55:47.203 Df Flagstone[71040:777aa] [com.apple.dt.xctest:Default] Got attributes, transferring to dictionary for return.
2026-08-21 01:55:47.203 Df Flagstone[71040:782a5] [com.apple.dt.xctest:Default] Replying with attribute values: {
    "XC_kAXXCAttributeAutomationType" = 1;
    "XC_kAXXCAttributeElementBaseType" = UIApplication;
    "XC_kAXXCAttributeElementType" = UIApplication;
    "XC_kAXXCAttributeTraits" = 0;
}
2026-08-21 01:55:47.285 Df Flagstone[71040:782a5] [com.apple.dt.xctest:Default] Received attributes request for element: App element pid: 71040. Attributes: (
    "XC_kAXXCAttributeFrame",
    "XC_kAXXCAttributeWindowDisplayId",
    "XC_kAXXCAttributeWindowContextId"
)
2026-08-21 01:55:47.285 Df Flagstone[71040:782a5] [com.apple.dt.xctest:Default] XCTPerformOnMainRunLoop[not MT]: about to CFRunLoopPerform
2026-08-21 01:55:47.285 Df Flagstone[71040:782a5] [com.apple.dt.xctest:Default] XCTPerformOnMainRunLoop[not MT]: waiting with 30.00s responsiveness timeout
2026-08-21 01:55:47.285 Df Flagstone[71040:777aa] [com.apple.dt.xctest:Default] XCTPerformOnMainRunLoop[MT]: inside CFRunLoopPerform
2026-08-21 01:55:47.285 Df Flagstone[71040:777aa] [com.apple.dt.xctest:Default] XCTPerformOnMainRunLoop[MT]: MT responded in time (won the race to the busy flag)
2026-08-21 01:55:47.285 Df Flagstone[71040:782a5] [com.apple.dt.xctest:Default] XCTPerformOnMainRunLoop[not MT]: waiting 60.00s for work to complete
2026-08-21 01:55:47.285 Df Flagstone[71040:777aa] [com.apple.dt.xctest:Default] Fetching AX attributes XC_kAXXCAttributeFrame, XC_kAXXCAttributeWindowDisplayId, XC_kAXXCAttributeWindowContextId for App element pid: 71040
2026-08-21 01:55:47.285 Df Flagstone[71040:777aa] [com.apple.dt.xctest:Default] Got attributes, transferring to dictionary for return.
2026-08-21 01:55:47.285 Df Flagstone[71040:782a5] [com.apple.dt.xctest:Default] Replying with attribute values: {
    "XC_kAXXCAttributeFrame" =     {
        Height = 844;
        Width = 390;
        X = 0;
        Y = 0;
    };
    "XC_kAXXCAttributeWindowContextId" = 3754875688;
    "XC_kAXXCAttributeWindowDisplayId" = 0;
}
2026-08-21 01:55:47.287 Df Flagstone[71040:782a5] [com.apple.dt.xctest:Default] Received attributes request for element: App element pid: 71040. Attributes: (
    "XC_kAXXCAttributeElementType",
    "XC_kAXXCAttributeElementBaseType",
    "XC_kAXXCAttributeTraits",
    "XC_kAXXCAttributeAutomationType"
)
2026-08-21 01:55:47.287 Df Flagstone[71040:782a5] [com.apple.dt.xctest:Default] XCTPerformOnMainRunLoop[not MT]: about to CFRunLoopPerform
2026-08-21 01:55:47.287 Df Flagstone[71040:782a5] [com.apple.dt.xctest:Default] XCTPerformOnMainRunLoop[not MT]: waiting with 30.00s responsiveness timeout
2026-08-21 01:55:47.287 Df Flagstone[71040:777aa] [com.apple.dt.xctest:Default] XCTPerformOnMainRunLoop[MT]: inside CFRunLoopPerform
2026-08-21 01:55:47.287 Df Flagstone[71040:777aa] [com.apple.dt.xctest:Default] XCTPerformOnMainRunLoop[MT]: MT responded in time (won the race to the busy flag)
2026-08-21 01:55:47.287 Df Flagstone[71040:782a5] [com.apple.dt.xctest:Default] XCTPerformOnMainRunLoop[not MT]: waiting 60.00s for work to complete
2026-08-21 01:55:47.287 Df Flagstone[71040:777aa] [com.apple.dt.xctest:Default] Fetching AX attributes XC_kAXXCAttributeElementType, XC_kAXXCAttributeElementBaseType, XC_kAXXCAttributeTraits, XC_kAXXCAttributeAutomationType for App element pid: 71040
2026-08-21 01:55:47.287 Df Flagstone[71040:777aa] [com.apple.dt.xctest:Default] Got attributes, transferring to dictionary for return.
2026-08-21 01:55:47.287 Df Flagstone[71040:782a5] [com.apple.dt.xctest:Default] Replying with attribute values: {
    "XC_kAXXCAttributeAutomationType" = 1;
    "XC_kAXXCAttributeElementBaseType" = UIApplication;
    "XC_kAXXCAttributeElementType" = UIApplication;
    "XC_kAXXCAttributeTraits" = 0;
}
2026-08-21 01:55:47.290 Df Flagstone[71040:782a5] [com.apple.dt.xctest:Default] Received attributes request for element: App element pid: 71040. Attributes: (
    "XC_kAXXCAttributeWindowDisplayId"
)
2026-08-21 01:55:47.290 Df Flagstone[71040:782a5] [com.apple.dt.xctest:Default] XCTPerformOnMainRunLoop[not MT]: about to CFRunLoopPerform
2026-08-21 01:55:47.290 Df Flagstone[71040:782a5] [com.apple.dt.xctest:Default] XCTPerformOnMainRunLoop[not MT]: waiting with 30.00s responsiveness timeout
2026-08-21 01:55:47.290 Df Flagstone[71040:777aa] [com.apple.dt.xctest:Default] XCTPerformOnMainRunLoop[MT]: inside CFRunLoopPerform
2026-08-21 01:55:47.290 Df Flagstone[71040:777aa] [com.apple.dt.xctest:Default] XCTPerformOnMainRunLoop[MT]: MT responded in time (won the race to the busy flag)
2026-08-21 01:55:47.290 Df Flagstone[71040:782a5] [com.apple.dt.xctest:Default] XCTPerformOnMainRunLoop[not MT]: waiting 60.00s for work to complete
2026-08-21 01:55:47.290 Df Flagstone[71040:777aa] [com.apple.dt.xctest:Default] Fetching AX attributes XC_kAXXCAttributeWindowDisplayId for App element pid: 71040
2026-08-21 01:55:47.290 Df Flagstone[71040:777aa] [com.apple.dt.xctest:Default] Got attributes, transferring to dictionary for return.
2026-08-21 01:55:47.290 Df Flagstone[71040:782a5] [com.apple.dt.xctest:Default] Replying with attribute values: {
    "XC_kAXXCAttributeWindowDisplayId" = 0;
}
2026-08-21 01:55:47.377 Df Flagstone[71040:782a5] [com.apple.dt.xctest:Default] Received attributes request for element: App element pid: 71040. Attributes: (
    "XC_kAXXCAttributeFrame",
    "XC_kAXXCAttributeWindowDisplayId",
    "XC_kAXXCAttributeWindowContextId"
)
2026-08-21 01:55:47.377 Df Flagstone[71040:782a5] [com.apple.dt.xctest:Default] XCTPerformOnMainRunLoop[not MT]: about to CFRunLoopPerform
2026-08-21 01:55:47.377 Df Flagstone[71040:782a5] [com.apple.dt.xctest:Default] XCTPerformOnMainRunLoop[not MT]: waiting with 30.00s responsiveness timeout
2026-08-21 01:55:47.377 Df Flagstone[71040:777aa] [com.apple.dt.xctest:Default] XCTPerformOnMainRunLoop[MT]: inside CFRunLoopPerform
2026-08-21 01:55:47.377 Df Flagstone[71040:777aa] [com.apple.dt.xctest:Default] XCTPerformOnMainRunLoop[MT]: MT responded in time (won the race to the busy flag)
2026-08-21 01:55:47.377 Df Flagstone[71040:782a5] [com.apple.dt.xctest:Default] XCTPerformOnMainRunLoop[not MT]: waiting 60.00s for work to complete
2026-08-21 01:55:47.377 Df Flagstone[71040:777aa] [com.apple.dt.xctest:Default] Fetching AX attributes XC_kAXXCAttributeFrame, XC_kAXXCAttributeWindowDisplayId, XC_kAXXCAttributeWindowContextId for App element pid: 71040
2026-08-21 01:55:47.377 Df Flagstone[71040:777aa] [com.apple.dt.xctest:Default] Got attributes, transferring to dictionary for return.
2026-08-21 01:55:47.377 Df Flagstone[71040:782a5] [com.apple.dt.xctest:Default] Replying with attribute values: {
    "XC_kAXXCAttributeFrame" =     {
        Height = 844;
        Width = 390;
        X = 0;
        Y = 0;
    };
    "XC_kAXXCAttributeWindowContextId" = 3754875688;
    "XC_kAXXCAttributeWindowDisplayId" = 0;
}
2026-08-21 01:55:47.379 Df Flagstone[71040:782a5] [com.apple.dt.xctest:Default] Received attributes request for element: App element pid: 71040. Attributes: (
    "XC_kAXXCAttributeElementType",
    "XC_kAXXCAttributeElementBaseType",
    "XC_kAXXCAttributeTraits",
    "XC_kAXXCAttributeAutomationType"
)
2026-08-21 01:55:47.379 Df Flagstone[71040:782a5] [com.apple.dt.xctest:Default] XCTPerformOnMainRunLoop[not MT]: about to CFRunLoopPerform
2026-08-21 01:55:47.379 Df Flagstone[71040:782a5] [com.apple.dt.xctest:Default] XCTPerformOnMainRunLoop[not MT]: waiting with 30.00s responsiveness timeout
2026-08-21 01:55:47.379 Df Flagstone[71040:777aa] [com.apple.dt.xctest:Default] XCTPerformOnMainRunLoop[MT]: inside CFRunLoopPerform
2026-08-21 01:55:47.379 Df Flagstone[71040:777aa] [com.apple.dt.xctest:Default] XCTPerformOnMainRunLoop[MT]: MT responded in time (won the race to the busy flag)
2026-08-21 01:55:47.379 Df Flagstone[71040:782a5] [com.apple.dt.xctest:Default] XCTPerformOnMainRunLoop[not MT]: waiting 60.00s for work to complete
2026-08-21 01:55:47.379 Df Flagstone[71040:777aa] [com.apple.dt.xctest:Default] Fetching AX attributes XC_kAXXCAttributeElementType, XC_kAXXCAttributeElementBaseType, XC_kAXXCAttributeTraits, XC_kAXXCAttributeAutomationType for App element pid: 71040
2026-08-21 01:55:47.379 Df Flagstone[71040:777aa] [com.apple.dt.xctest:Default] Got attributes, transferring to dictionary for return.
2026-08-21 01:55:47.379 Df Flagstone[71040:782a5] [com.apple.dt.xctest:Default] Replying with attribute values: {
    "XC_kAXXCAttributeAutomationType" = 1;
    "XC_kAXXCAttributeElementBaseType" = UIApplication;
    "XC_kAXXCAttributeElementType" = UIApplication;
    "XC_kAXXCAttributeTraits" = 0;
}
2026-08-21 01:55:47.469 Df Flagstone[71040:782a5] [com.apple.dt.xctest:Default] Received attributes request for element: App element pid: 71040. Attributes: (
    "XC_kAXXCAttributeFrame",
    "XC_kAXXCAttributeWindowDisplayId",
    "XC_kAXXCAttributeWindowContextId"
)
2026-08-21 01:55:47.469 Df Flagstone[71040:782a5] [com.apple.dt.xctest:Default] XCTPerformOnMainRunLoop[not MT]: about to CFRunLoopPerform
2026-08-21 01:55:47.469 Df Flagstone[71040:782a5] [com.apple.dt.xctest:Default] XCTPerformOnMainRunLoop[not MT]: waiting with 30.00s responsiveness timeout
2026-08-21 01:55:47.469 Df Flagstone[71040:777aa] [com.apple.dt.xctest:Default] XCTPerformOnMainRunLoop[MT]: inside CFRunLoopPerform
2026-08-21 01:55:47.469 Df Flagstone[71040:777aa] [com.apple.dt.xctest:Default] XCTPerformOnMainRunLoop[MT]: MT responded in time (won the race to the busy flag)
2026-08-21 01:55:47.469 Df Flagstone[71040:782a5] [com.apple.dt.xctest:Default] XCTPerformOnMainRunLoop[not MT]: waiting 60.00s for work to complete
2026-08-21 01:55:47.469 Df Flagstone[71040:777aa] [com.apple.dt.xctest:Default] Fetching AX attributes XC_kAXXCAttributeFrame, XC_kAXXCAttributeWindowDisplayId, XC_kAXXCAttributeWindowContextId for App element pid: 71040
2026-08-21 01:55:47.469 Df Flagstone[71040:777aa] [com.apple.dt.xctest:Default] Got attributes, transferring to dictionary for return.
2026-08-21 01:55:47.469 Df Flagstone[71040:782a5] [com.apple.dt.xctest:Default] Replying with attribute values: {
    "XC_kAXXCAttributeFrame" =     {
        Height = 844;
        Width = 390;
        X = 0;
        Y = 0;
    };
    "XC_kAXXCAttributeWindowContextId" = 3754875688;
    "XC_kAXXCAttributeWindowDisplayId" = 0;
}
2026-08-21 01:55:47.473 Df Flagstone[71040:782a5] [com.apple.dt.xctest:Default] Received attributes request for element: App element pid: 71040. Attributes: (
    "XC_kAXXCAttributeElementType",
    "XC_kAXXCAttributeElementBaseType",
    "XC_kAXXCAttributeTraits",
    "XC_kAXXCAttributeAutomationType"
)
2026-08-21 01:55:47.473 Df Flagstone[71040:782a5] [com.apple.dt.xctest:Default] XCTPerformOnMainRunLoop[not MT]: about to CFRunLoopPerform
2026-08-21 01:55:47.473 Df Flagstone[71040:782a5] [com.apple.dt.xctest:Default] XCTPerformOnMainRunLoop[not MT]: waiting with 30.00s responsiveness timeout
2026-08-21 01:55:47.473 Df Flagstone[71040:777aa] [com.apple.dt.xctest:Default] XCTPerformOnMainRunLoop[MT]: inside CFRunLoopPerform
2026-08-21 01:55:47.473 Df Flagstone[71040:777aa] [com.apple.dt.xctest:Default] XCTPerformOnMainRunLoop[MT]: MT responded in time (won the race to the busy flag)
2026-08-21 01:55:47.473 Df Flagstone[71040:782a5] [com.apple.dt.xctest:Default] XCTPerformOnMainRunLoop[not MT]: waiting 60.00s for work to complete
2026-08-21 01:55:47.473 Df Flagstone[71040:777aa] [com.apple.dt.xctest:Default] Fetching AX attributes XC_kAXXCAttributeElementType, XC_kAXXCAttributeElementBaseType, XC_kAXXCAttributeTraits, XC_kAXXCAttributeAutomationType for App element pid: 71040
2026-08-21 01:55:47.473 Df Flagstone[71040:777aa] [com.apple.dt.xctest:Default] Got attributes, transferring to dictionary for return.
2026-08-21 01:55:47.473 Df Flagstone[71040:782a5] [com.apple.dt.xctest:Default] Replying with attribute values: {
    "XC_kAXXCAttributeAutomationType" = 1;
    "XC_kAXXCAttributeElementBaseType" = UIApplication;
    "XC_kAXXCAttributeElementType" = UIApplication;
    "XC_kAXXCAttributeTraits" = 0;
}
2026-08-21 01:55:47.477 Df Flagstone[71040:782a5] [com.apple.dt.xctest:Default] Received attributes request for element: App element pid: 71040. Attributes: (
    "XC_kAXXCAttributeWindowDisplayId"
)
2026-08-21 01:55:47.477 Df Flagstone[71040:782a5] [com.apple.dt.xctest:Default] XCTPerformOnMainRunLoop[not MT]: about to CFRunLoopPerform
2026-08-21 01:55:47.477 Df Flagstone[71040:782a5] [com.apple.dt.xctest:Default] XCTPerformOnMainRunLoop[not MT]: waiting with 30.00s responsiveness timeout
2026-08-21 01:55:47.477 Df Flagstone[71040:777aa] [com.apple.dt.xctest:Default] XCTPerformOnMainRunLoop[MT]: inside CFRunLoopPerform
2026-08-21 01:55:47.477 Df Flagstone[71040:777aa] [com.apple.dt.xctest:Default] XCTPerformOnMainRunLoop[MT]: MT responded in time (won the race to the busy flag)
2026-08-21 01:55:47.477 Df Flagstone[71040:782a5] [com.apple.dt.xctest:Default] XCTPerformOnMainRunLoop[not MT]: waiting 60.00s for work to complete
2026-08-21 01:55:47.477 Df Flagstone[71040:777aa] [com.apple.dt.xctest:Default] Fetching AX attributes XC_kAXXCAttributeWindowDisplayId for App element pid: 71040
2026-08-21 01:55:47.477 Df Flagstone[71040:777aa] [com.apple.dt.xctest:Default] Got attributes, transferring to dictionary for return.
2026-08-21 01:55:47.477 Df Flagstone[71040:782a5] [com.apple.dt.xctest:Default] Replying with attribute values: {
    "XC_kAXXCAttributeWindowDisplayId" = 0;
}
2026-08-21 01:55:47.544 Df Flagstone[71040:777aa] [com.apple.KeyboardArbiter:Client] TX focusApplication (peekAppEvent) stealKB:Y scene:com.accessmap.app-default
2026-08-21 01:55:47.544 Df Flagstone[71040:777aa] [com.apple.UIKit:EventDispatch] Evaluating dispatch of UIEvent: 0x104d42d00; type: 0; subtype: 0; backing type: 11; shouldSend: 1; ignoreInteractionEvents: 0, systemGestureStateChange: 0
2026-08-21 01:55:47.544 Df Flagstone[71040:777aa] [com.apple.UIKit:EventDispatch] Sending UIEvent type: 0; subtype: 0; to windows: 1
2026-08-21 01:55:47.545 Df Flagstone[71040:777aa] [com.apple.UIKit:EventDispatch] Sending UIEvent type: 0; subtype: 0; to window: <UIWindow: 0x104dc8400>; contextId: 0xDFCEDB28
2026-08-21 01:55:47.550 Df Flagstone[71040:777aa] [com.apple.UIKit:EventDispatch] Evaluating dispatch of UIEvent: 0x104d42d00; type: 0; subtype: 0; backing type: 11; shouldSend: 1; ignoreInteractionEvents: 0, systemGestureStateChange: 0
2026-08-21 01:55:47.550 Df Flagstone[71040:777aa] [com.apple.UIKit:EventDispatch] Sending UIEvent type: 0; subtype: 0; to windows: 1
2026-08-21 01:55:47.550 Df Flagstone[71040:777aa] [com.apple.UIKit:EventDispatch] Sending UIEvent type: 0; subtype: 0; to window: <UIWindow: 0x104dc8400>; contextId: 0xDFCEDB28
2026-08-21 01:55:47.564 Df Flagstone[71040:777aa] [com.apple.UIKit:EventDispatch] Evaluating dispatch of UIEvent: 0x104d42d00; type: 0; subtype: 0; backing type: 11; shouldSend: 1; ignoreInteractionEvents: 0, systemGestureStateChange: 0
2026-08-21 01:55:47.564 Df Flagstone[71040:777aa] [com.apple.UIKit:EventDispatch] Sending UIEvent type: 0; subtype: 0; to windows: 1
2026-08-21 01:55:47.564 Df Flagstone[71040:777aa] [com.apple.UIKit:EventDispatch] Sending UIEvent type: 0; subtype: 0; to window: <UIWindow: 0x104dc8400>; contextId: 0xDFCEDB28
2026-08-21 01:55:47.580 Df Flagstone[71040:777aa] [com.apple.UIKit:EventDispatch] Evaluating dispatch of UIEvent: 0x104d42d00; type: 0; subtype: 0; backing type: 11; shouldSend: 1; ignoreInteractionEvents: 0, systemGestureStateChange: 0
2026-08-21 01:55:47.580 Df Flagstone[71040:777aa] [com.apple.UIKit:EventDispatch] Sending UIEvent type: 0; subtype: 0; to windows: 1
2026-08-21 01:55:47.580 Df Flagstone[71040:777aa] [com.apple.UIKit:EventDispatch] Sending UIEvent type: 0; subtype: 0; to window: <UIWindow: 0x104dc8400>; contextId: 0xDFCEDB28
2026-08-21 01:55:47.597 Df Flagstone[71040:777aa] [com.apple.UIKit:EventDispatch] Evaluating dispatch of UIEvent: 0x104d42d00; type: 0; subtype: 0; backing type: 11; shouldSend: 0; ignoreInteractionEvents: 0, systemGestureStateChange: 1
2026-08-21 01:55:47.597 Df Flagstone[71040:777aa] [com.apple.UIKit:EventDispatch] Evaluating dispatch of UIEvent: 0x104d42d00; type: 0; subtype: 0; backing type: 11; shouldSend: 1; ignoreInteractionEvents: 0, systemGestureStateChange: 0
2026-08-21 01:55:47.597 Df Flagstone[71040:777aa] [com.apple.UIKit:EventDispatch] Sending UIEvent type: 0; subtype: 0; to windows: 1
2026-08-21 01:55:47.597 Df Flagstone[71040:777aa] [com.apple.UIKit:EventDispatch] Sending UIEvent type: 0; subtype: 0; to window: <UIWindow: 0x104dc8400>; contextId: 0xDFCEDB28
2026-08-21 01:55:47.598 A  Flagstone[71040:777aa] (UIKitCore) send gesture actions
2026-08-21 01:55:47.598 A  Flagstone[71040:777aa] (UIKitCore) send gesture actions
2026-08-21 01:55:47.598 A  Flagstone[71040:777aa] (UIKitCore) send gesture actions
2026-08-21 01:55:47.600 Df Flagstone[71040:777aa] [com.apple.UIKit:UIPointerArbiter] Ignoring beginScrollingWithRegion: <UIPointerRegion: 0x12053c730; rect = (0 0; 390 844); identifier = UIScrollView.scrollingPointerRegion> because pointer state is disabled
2026-08-21 01:55:47.614 Df Flagstone[71040:777aa] [com.apple.UIKit:EventDispatch] Evaluating dispatch of UIEvent: 0x104d42d00; type: 0; subtype: 0; backing type: 11; shouldSend: 1; ignoreInteractionEvents: 0, systemGestureStateChange: 0
2026-08-21 01:55:47.614 Df Flagstone[71040:777aa] [com.apple.UIKit:EventDispatch] Sending UIEvent type: 0; subtype: 0; to windows: 1
2026-08-21 01:55:47.614 Df Flagstone[71040:777aa] [com.apple.UIKit:EventDispatch] Sending UIEvent type: 0; subtype: 0; to window: <UIWindow: 0x104dc8400>; contextId: 0xDFCEDB28
2026-08-21 01:55:47.614 A  Flagstone[71040:777aa] (UIKitCore) send gesture actions
2026-08-21 01:55:47.614 A  Flagstone[71040:777aa] (UIKitCore) send gesture actions
2026-08-21 01:55:47.630 Df Flagstone[71040:777aa] [com.apple.UIKit:EventDispatch] Evaluating dispatch of UIEvent: 0x104d42d00; type: 0; subtype: 0; backing type: 11; shouldSend: 1; ignoreInteractionEvents: 0, systemGestureStateChange: 0
2026-08-21 01:55:47.631 Df Flagstone[71040:777aa] [com.apple.UIKit:EventDispatch] Sending UIEvent type: 0; subtype: 0; to windows: 1
2026-08-21 01:55:47.631 Df Flagstone[71040:777aa] [com.apple.UIKit:EventDispatch] Sending UIEvent type: 0; subtype: 0; to window: <UIWindow: 0x104dc8400>; contextId: 0xDFCEDB28
2026-08-21 01:55:47.631 A  Flagstone[71040:777aa] (UIKitCore) send gesture actions
2026-08-21 01:55:47.631 A  Flagstone[71040:777aa] (UIKitCore) send gesture actions
2026-08-21 01:55:47.647 Df Flagstone[71040:777aa] [com.apple.UIKit:EventDispatch] Evaluating dispatch of UIEvent: 0x104d42d00; type: 0; subtype: 0; backing type: 11; shouldSend: 1; ignoreInteractionEvents: 0, systemGestureStateChange: 0
2026-08-21 01:55:47.647 Df Flagstone[71040:777aa] [com.apple.UIKit:EventDispatch] Sending UIEvent type: 0; subtype: 0; to windows: 1
2026-08-21 01:55:47.647 Df Flagstone[71040:777aa] [com.apple.UIKit:EventDispatch] Sending UIEvent type: 0; subtype: 0; to window: <UIWindow: 0x104dc8400>; contextId: 0xDFCEDB28
2026-08-21 01:55:47.647 A  Flagstone[71040:777aa] (UIKitCore) send gesture actions
2026-08-21 01:55:47.647 A  Flagstone[71040:777aa] (UIKitCore) send gesture actions
2026-08-21 01:55:47.664 Df Flagstone[71040:777aa] [com.apple.UIKit:EventDispatch] Evaluating dispatch of UIEvent: 0x104d42d00; type: 0; subtype: 0; backing type: 11; shouldSend: 1; ignoreInteractionEvents: 0, systemGestureStateChange: 0
2026-08-21 01:55:47.664 Df Flagstone[71040:777aa] [com.apple.UIKit:EventDispatch] Sending UIEvent type: 0; subtype: 0; to windows: 1
2026-08-21 01:55:47.664 Df Flagstone[71040:777aa] [com.apple.UIKit:EventDispatch] Sending UIEvent type: 0; subtype: 0; to window: <UIWindow: 0x104dc8400>; contextId: 0xDFCEDB28
2026-08-21 01:55:47.664 A  Flagstone[71040:777aa] (UIKitCore) send gesture actions
2026-08-21 01:55:47.664 A  Flagstone[71040:777aa] (UIKitCore) send gesture actions
2026-08-21 01:55:47.681 Df Flagstone[71040:777aa] [com.apple.UIKit:EventDispatch] Evaluating dispatch of UIEvent: 0x104d42d00; type: 0; subtype: 0; backing type: 11; shouldSend: 1; ignoreInteractionEvents: 0, systemGestureStateChange: 0
2026-08-21 01:55:47.681 Df Flagstone[71040:777aa] [com.apple.UIKit:EventDispatch] Sending UIEvent type: 0; subtype: 0; to windows: 1
2026-08-21 01:55:47.682 Df Flagstone[71040:777aa] [com.apple.UIKit:EventDispatch] Sending UIEvent type: 0; subtype: 0; to window: <UIWindow: 0x104dc8400>; contextId: 0xDFCEDB28
2026-08-21 01:55:47.682 A  Flagstone[71040:777aa] (UIKitCore) send gesture actions
2026-08-21 01:55:47.682 A  Flagstone[71040:777aa] (UIKitCore) send gesture actions
2026-08-21 01:55:47.697 Df Flagstone[71040:777aa] [com.apple.UIKit:EventDispatch] Evaluating dispatch of UIEvent: 0x104d42d00; type: 0; subtype: 0; backing type: 11; shouldSend: 1; ignoreInteractionEvents: 0, systemGestureStateChange: 0
2026-08-21 01:55:47.697 Df Flagstone[71040:777aa] [com.apple.UIKit:EventDispatch] Sending UIEvent type: 0; subtype: 0; to windows: 1
2026-08-21 01:55:47.697 Df Flagstone[71040:777aa] [com.apple.UIKit:EventDispatch] Sending UIEvent type: 0; subtype: 0; to window: <UIWindow: 0x104dc8400>; contextId: 0xDFCEDB28
2026-08-21 01:55:47.697 A  Flagstone[71040:777aa] (UIKitCore) send gesture actions
2026-08-21 01:55:47.697 A  Flagstone[71040:777aa] (UIKitCore) send gesture actions
2026-08-21 01:55:47.714 Df Flagstone[71040:777aa] [com.apple.UIKit:EventDispatch] Evaluating dispatch of UIEvent: 0x104d42d00; type: 0; subtype: 0; backing type: 11; shouldSend: 1; ignoreInteractionEvents: 0, systemGestureStateChange: 0
2026-08-21 01:55:47.714 Df Flagstone[71040:777aa] [com.apple.UIKit:EventDispatch] Sending UIEvent type: 0; subtype: 0; to windows: 1
2026-08-21 01:55:47.714 Df Flagstone[71040:777aa] [com.apple.UIKit:EventDispatch] Sending UIEvent type: 0; subtype: 0; to window: <UIWindow: 0x104dc8400>; contextId: 0xDFCEDB28
2026-08-21 01:55:47.714 A  Flagstone[71040:777aa] (UIKitCore) send gesture actions
2026-08-21 01:55:47.714 A  Flagstone[71040:777aa] (UIKitCore) send gesture actions
2026-08-21 01:55:47.730 Df Flagstone[71040:777aa] [com.apple.UIKit:EventDispatch] Evaluating dispatch of UIEvent: 0x104d42d00; type: 0; subtype: 0; backing type: 11; shouldSend: 1; ignoreInteractionEvents: 0, systemGestureStateChange: 0
2026-08-21 01:55:47.730 Df Flagstone[71040:777aa] [com.apple.UIKit:EventDispatch] Sending UIEvent type: 0; subtype: 0; to windows: 1
2026-08-21 01:55:47.730 Df Flagstone[71040:777aa] [com.apple.UIKit:EventDispatch] Sending UIEvent type: 0; subtype: 0; to window: <UIWindow: 0x104dc8400>; contextId: 0xDFCEDB28
2026-08-21 01:55:47.731 A  Flagstone[71040:777aa] (UIKitCore) send gesture actions
2026-08-21 01:55:47.731 A  Flagstone[71040:777aa] (UIKitCore) send gesture actions
2026-08-21 01:55:47.747 Df Flagstone[71040:777aa] [com.apple.UIKit:EventDispatch] Evaluating dispatch of UIEvent: 0x104d42d00; type: 0; subtype: 0; backing type: 11; shouldSend: 1; ignoreInteractionEvents: 0, systemGestureStateChange: 0
2026-08-21 01:55:47.747 Df Flagstone[71040:777aa] [com.apple.UIKit:EventDispatch] Sending UIEvent type: 0; subtype: 0; to windows: 1
2026-08-21 01:55:47.747 Df Flagstone[71040:777aa] [com.apple.UIKit:EventDispatch] Sending UIEvent type: 0; subtype: 0; to window: <UIWindow: 0x104dc8400>; contextId: 0xDFCEDB28
2026-08-21 01:55:47.747 A  Flagstone[71040:777aa] (UIKitCore) send gesture actions
2026-08-21 01:55:47.747 A  Flagstone[71040:777aa] (UIKitCore) send gesture actions
2026-08-21 01:55:47.764 Df Flagstone[71040:777aa] [com.apple.UIKit:EventDispatch] Evaluating dispatch of UIEvent: 0x104d42d00; type: 0; subtype: 0; backing type: 11; shouldSend: 1; ignoreInteractionEvents: 0, systemGestureStateChange: 0
2026-08-21 01:55:47.764 Df Flagstone[71040:777aa] [com.apple.UIKit:EventDispatch] Sending UIEvent type: 0; subtype: 0; to windows: 1
2026-08-21 01:55:47.764 Df Flagstone[71040:777aa] [com.apple.UIKit:EventDispatch] Sending UIEvent type: 0; subtype: 0; to window: <UIWindow: 0x104dc8400>; contextId: 0xDFCEDB28
2026-08-21 01:55:47.764 A  Flagstone[71040:777aa] (UIKitCore) send gesture actions
2026-08-21 01:55:47.764 A  Flagstone[71040:777aa] (UIKitCore) send gesture actions
2026-08-21 01:55:47.780 Df Flagstone[71040:777aa] [com.apple.UIKit:EventDispatch] Evaluating dispatch of UIEvent: 0x104d42d00; type: 0; subtype: 0; backing type: 11; shouldSend: 1; ignoreInteractionEvents: 0, systemGestureStateChange: 0
2026-08-21 01:55:47.781 Df Flagstone[71040:777aa] [com.apple.UIKit:EventDispatch] Sending UIEvent type: 0; subtype: 0; to windows: 1
2026-08-21 01:55:47.781 Df Flagstone[71040:777aa] [com.apple.UIKit:EventDispatch] Sending UIEvent type: 0; subtype: 0; to window: <UIWindow: 0x104dc8400>; contextId: 0xDFCEDB28
2026-08-21 01:55:47.781 A  Flagstone[71040:777aa] (UIKitCore) send gesture actions
2026-08-21 01:55:47.781 A  Flagstone[71040:777aa] (UIKitCore) send gesture actions
2026-08-21 01:55:47.797 Df Flagstone[71040:777aa] [com.apple.UIKit:EventDispatch] Evaluating dispatch of UIEvent: 0x104d42d00; type: 0; subtype: 0; backing type: 11; shouldSend: 1; ignoreInteractionEvents: 0, systemGestureStateChange: 0
2026-08-21 01:55:47.797 Df Flagstone[71040:777aa] [com.apple.UIKit:EventDispatch] Sending UIEvent type: 0; subtype: 0; to windows: 1
2026-08-21 01:55:47.797 Df Flagstone[71040:777aa] [com.apple.UIKit:EventDispatch] Sending UIEvent type: 0; subtype: 0; to window: <UIWindow: 0x104dc8400>; contextId: 0xDFCEDB28
2026-08-21 01:55:47.797 A  Flagstone[71040:777aa] (UIKitCore) send gesture actions
2026-08-21 01:55:47.797 A  Flagstone[71040:777aa] (UIKitCore) send gesture actions
2026-08-21 01:55:47.814 Df Flagstone[71040:777aa] [com.apple.UIKit:EventDispatch] Evaluating dispatch of UIEvent: 0x104d42d00; type: 0; subtype: 0; backing type: 11; shouldSend: 1; ignoreInteractionEvents: 0, systemGestureStateChange: 0
2026-08-21 01:55:47.814 Df Flagstone[71040:777aa] [com.apple.UIKit:EventDispatch] Sending UIEvent type: 0; subtype: 0; to windows: 1
2026-08-21 01:55:47.814 Df Flagstone[71040:777aa] [com.apple.UIKit:EventDispatch] Sending UIEvent type: 0; subtype: 0; to window: <UIWindow: 0x104dc8400>; contextId: 0xDFCEDB28
2026-08-21 01:55:47.814 A  Flagstone[71040:777aa] (UIKitCore) send gesture actions
2026-08-21 01:55:47.814 A  Flagstone[71040:777aa] (UIKitCore) send gesture actions
2026-08-21 01:55:47.830 Df Flagstone[71040:777aa] [com.apple.UIKit:EventDispatch] Evaluating dispatch of UIEvent: 0x104d42d00; type: 0; subtype: 0; backing type: 11; shouldSend: 1; ignoreInteractionEvents: 0, systemGestureStateChange: 0
2026-08-21 01:55:47.830 Df Flagstone[71040:777aa] [com.apple.UIKit:EventDispatch] Sending UIEvent type: 0; subtype: 0; to windows: 1
2026-08-21 01:55:47.831 Df Flagstone[71040:777aa] [com.apple.UIKit:EventDispatch] Sending UIEvent type: 0; subtype: 0; to window: <UIWindow: 0x104dc8400>; contextId: 0xDFCEDB28
2026-08-21 01:55:47.831 A  Flagstone[71040:777aa] (UIKitCore) send gesture actions
2026-08-21 01:55:47.831 A  Flagstone[71040:777aa] (UIKitCore) send gesture actions
2026-08-21 01:55:47.847 Df Flagstone[71040:777aa] [com.apple.UIKit:EventDispatch] Evaluating dispatch of UIEvent: 0x104d42d00; type: 0; subtype: 0; backing type: 11; shouldSend: 1; ignoreInteractionEvents: 0, systemGestureStateChange: 0
2026-08-21 01:55:47.847 Df Flagstone[71040:777aa] [com.apple.UIKit:EventDispatch] Sending UIEvent type: 0; subtype: 0; to windows: 1
2026-08-21 01:55:47.847 Df Flagstone[71040:777aa] [com.apple.UIKit:EventDispatch] Sending UIEvent type: 0; subtype: 0; to window: <UIWindow: 0x104dc8400>; contextId: 0xDFCEDB28
2026-08-21 01:55:47.847 A  Flagstone[71040:777aa] (UIKitCore) send gesture actions
2026-08-21 01:55:47.847 A  Flagstone[71040:777aa] (UIKitCore) send gesture actions
2026-08-21 01:55:47.864 Df Flagstone[71040:777aa] [com.apple.UIKit:EventDispatch] Evaluating dispatch of UIEvent: 0x104d42d00; type: 0; subtype: 0; backing type: 11; shouldSend: 1; ignoreInteractionEvents: 0, systemGestureStateChange: 0
2026-08-21 01:55:47.864 Df Flagstone[71040:777aa] [com.apple.UIKit:EventDispatch] Sending UIEvent type: 0; subtype: 0; to windows: 1
2026-08-21 01:55:47.864 Df Flagstone[71040:777aa] [com.apple.UIKit:EventDispatch] Sending UIEvent type: 0; subtype: 0; to window: <UIWindow: 0x104dc8400>; contextId: 0xDFCEDB28
2026-08-21 01:55:47.864 A  Flagstone[71040:777aa] (UIKitCore) send gesture actions
2026-08-21 01:55:47.864 A  Flagstone[71040:777aa] (UIKitCore) send gesture actions
2026-08-21 01:55:47.881 Df Flagstone[71040:777aa] [com.apple.UIKit:EventDispatch] Evaluating dispatch of UIEvent: 0x104d42d00; type: 0; subtype: 0; backing type: 11; shouldSend: 1; ignoreInteractionEvents: 0, systemGestureStateChange: 0
2026-08-21 01:55:47.881 Df Flagstone[71040:777aa] [com.apple.UIKit:EventDispatch] Sending UIEvent type: 0; subtype: 0; to windows: 1
2026-08-21 01:55:47.881 Df Flagstone[71040:777aa] [com.apple.UIKit:EventDispatch] Sending UIEvent type: 0; subtype: 0; to window: <UIWindow: 0x104dc8400>; contextId: 0xDFCEDB28
2026-08-21 01:55:47.881 A  Flagstone[71040:777aa] (UIKitCore) send gesture actions
2026-08-21 01:55:47.881 A  Flagstone[71040:777aa] (UIKitCore) send gesture actions
2026-08-21 01:55:47.897 Df Flagstone[71040:777aa] [com.apple.UIKit:EventDispatch] Evaluating dispatch of UIEvent: 0x104d42d00; type: 0; subtype: 0; backing type: 11; shouldSend: 1; ignoreInteractionEvents: 0, systemGestureStateChange: 0
2026-08-21 01:55:47.897 Df Flagstone[71040:777aa] [com.apple.UIKit:EventDispatch] Sending UIEvent type: 0; subtype: 0; to windows: 1
2026-08-21 01:55:47.897 Df Flagstone[71040:777aa] [com.apple.UIKit:EventDispatch] Sending UIEvent type: 0; subtype: 0; to window: <UIWindow: 0x104dc8400>; contextId: 0xDFCEDB28
2026-08-21 01:55:47.898 A  Flagstone[71040:777aa] (UIKitCore) send gesture actions
2026-08-21 01:55:47.898 A  Flagstone[71040:777aa] (UIKitCore) send gesture actions
2026-08-21 01:55:47.914 Df Flagstone[71040:777aa] [com.apple.UIKit:EventDispatch] Evaluating dispatch of UIEvent: 0x104d42d00; type: 0; subtype: 0; backing type: 11; shouldSend: 1; ignoreInteractionEvents: 0, systemGestureStateChange: 0
2026-08-21 01:55:47.914 Df Flagstone[71040:777aa] [com.apple.UIKit:EventDispatch] Sending UIEvent type: 0; subtype: 0; to windows: 1
2026-08-21 01:55:47.914 Df Flagstone[71040:777aa] [com.apple.UIKit:EventDispatch] Sending UIEvent type: 0; subtype: 0; to window: <UIWindow: 0x104dc8400>; contextId: 0xDFCEDB28
2026-08-21 01:55:47.914 A  Flagstone[71040:777aa] (UIKitCore) send gesture actions
2026-08-21 01:55:47.915 A  Flagstone[71040:777aa] (UIKitCore) send gesture actions
2026-08-21 01:55:47.930 Df Flagstone[71040:777aa] [com.apple.UIKit:EventDispatch] Evaluating dispatch of UIEvent: 0x104d42d00; type: 0; subtype: 0; backing type: 11; shouldSend: 1; ignoreInteractionEvents: 0, systemGestureStateChange: 0
2026-08-21 01:55:47.931 Df Flagstone[71040:777aa] [com.apple.UIKit:EventDispatch] Sending UIEvent type: 0; subtype: 0; to windows: 1
2026-08-21 01:55:47.931 Df Flagstone[71040:777aa] [com.apple.UIKit:EventDispatch] Sending UIEvent type: 0; subtype: 0; to window: <UIWindow: 0x104dc8400>; contextId: 0xDFCEDB28
2026-08-21 01:55:47.931 A  Flagstone[71040:777aa] (UIKitCore) send gesture actions
2026-08-21 01:55:47.931 A  Flagstone[71040:777aa] (UIKitCore) send gesture actions
2026-08-21 01:55:47.947 Df Flagstone[71040:777aa] [com.apple.UIKit:EventDispatch] Evaluating dispatch of UIEvent: 0x104d42d00; type: 0; subtype: 0; backing type: 11; shouldSend: 1; ignoreInteractionEvents: 0, systemGestureStateChange: 0
2026-08-21 01:55:47.947 Df Flagstone[71040:777aa] [com.apple.UIKit:EventDispatch] Sending UIEvent type: 0; subtype: 0; to windows: 1
2026-08-21 01:55:47.947 Df Flagstone[71040:777aa] [com.apple.UIKit:EventDispatch] Sending UIEvent type: 0; subtype: 0; to window: <UIWindow: 0x104dc8400>; contextId: 0xDFCEDB28
2026-08-21 01:55:47.948 A  Flagstone[71040:777aa] (UIKitCore) send gesture actions
2026-08-21 01:55:47.948 A  Flagstone[71040:777aa] (UIKitCore) send gesture actions
2026-08-21 01:55:47.964 Df Flagstone[71040:777aa] [com.apple.UIKit:EventDispatch] Evaluating dispatch of UIEvent: 0x104d42d00; type: 0; subtype: 0; backing type: 11; shouldSend: 1; ignoreInteractionEvents: 0, systemGestureStateChange: 0
2026-08-21 01:55:47.964 Df Flagstone[71040:777aa] [com.apple.UIKit:EventDispatch] Sending UIEvent type: 0; subtype: 0; to windows: 1
2026-08-21 01:55:47.964 Df Flagstone[71040:777aa] [com.apple.UIKit:EventDispatch] Sending UIEvent type: 0; subtype: 0; to window: <UIWindow: 0x104dc8400>; contextId: 0xDFCEDB28
2026-08-21 01:55:47.964 A  Flagstone[71040:777aa] (UIKitCore) send gesture actions
2026-08-21 01:55:47.964 A  Flagstone[71040:777aa] (UIKitCore) send gesture actions
2026-08-21 01:55:47.981 Df Flagstone[71040:777aa] [com.apple.UIKit:EventDispatch] Evaluating dispatch of UIEvent: 0x104d42d00; type: 0; subtype: 0; backing type: 11; shouldSend: 1; ignoreInteractionEvents: 0, systemGestureStateChange: 0
2026-08-21 01:55:47.981 Df Flagstone[71040:777aa] [com.apple.UIKit:EventDispatch] Sending UIEvent type: 0; subtype: 0; to windows: 1
2026-08-21 01:55:47.981 Df Flagstone[71040:777aa] [com.apple.UIKit:EventDispatch] Sending UIEvent type: 0; subtype: 0; to window: <UIWindow: 0x104dc8400>; contextId: 0xDFCEDB28
2026-08-21 01:55:47.981 A  Flagstone[71040:777aa] (UIKitCore) send gesture actions
2026-08-21 01:55:47.981 A  Flagstone[71040:777aa] (UIKitCore) send gesture actions
2026-08-21 01:55:47.997 Df Flagstone[71040:777aa] [com.apple.UIKit:EventDispatch] Evaluating dispatch of UIEvent: 0x104d42d00; type: 0; subtype: 0; backing type: 11; shouldSend: 1; ignoreInteractionEvents: 0, systemGestureStateChange: 0
2026-08-21 01:55:47.997 Df Flagstone[71040:777aa] [com.apple.UIKit:EventDispatch] Sending UIEvent type: 0; subtype: 0; to windows: 1
2026-08-21 01:55:47.997 Df Flagstone[71040:777aa] [com.apple.UIKit:EventDispatch] Sending UIEvent type: 0; subtype: 0; to window: <UIWindow: 0x104dc8400>; contextId: 0xDFCEDB28
2026-08-21 01:55:47.998 A  Flagstone[71040:777aa] (UIKitCore) send gesture actions
2026-08-21 01:55:47.998 A  Flagstone[71040:777aa] (UIKitCore) send gesture actions
2026-08-21 01:55:48.014 Df Flagstone[71040:777aa] [com.apple.UIKit:EventDispatch] Evaluating dispatch of UIEvent: 0x104d42d00; type: 0; subtype: 0; backing type: 11; shouldSend: 1; ignoreInteractionEvents: 0, systemGestureStateChange: 0
2026-08-21 01:55:48.014 Df Flagstone[71040:777aa] [com.apple.UIKit:EventDispatch] Sending UIEvent type: 0; subtype: 0; to windows: 1
2026-08-21 01:55:48.014 Df Flagstone[71040:777aa] [com.apple.UIKit:EventDispatch] Sending UIEvent type: 0; subtype: 0; to window: <UIWindow: 0x104dc8400>; contextId: 0xDFCEDB28
2026-08-21 01:55:48.015 A  Flagstone[71040:777aa] (UIKitCore) send gesture actions
2026-08-21 01:55:48.015 A  Flagstone[71040:777aa] (UIKitCore) send gesture actions
2026-08-21 01:55:48.030 Df Flagstone[71040:777aa] [com.apple.UIKit:EventDispatch] Evaluating dispatch of UIEvent: 0x104d42d00; type: 0; subtype: 0; backing type: 11; shouldSend: 1; ignoreInteractionEvents: 0, systemGestureStateChange: 0
2026-08-21 01:55:48.031 Df Flagstone[71040:777aa] [com.apple.UIKit:EventDispatch] Sending UIEvent type: 0; subtype: 0; to windows: 1
2026-08-21 01:55:48.031 Df Flagstone[71040:777aa] [com.apple.UIKit:EventDispatch] Sending UIEvent type: 0; subtype: 0; to window: <UIWindow: 0x104dc8400>; contextId: 0xDFCEDB28
2026-08-21 01:55:48.031 A  Flagstone[71040:777aa] (UIKitCore) send gesture actions
2026-08-21 01:55:48.031 A  Flagstone[71040:777aa] (UIKitCore) send gesture actions
2026-08-21 01:55:48.047 Df Flagstone[71040:777aa] [com.apple.UIKit:EventDispatch] Evaluating dispatch of UIEvent: 0x104d42d00; type: 0; subtype: 0; backing type: 11; shouldSend: 1; ignoreInteractionEvents: 0, systemGestureStateChange: 0
2026-08-21 01:55:48.047 Df Flagstone[71040:777aa] [com.apple.UIKit:EventDispatch] Sending UIEvent type: 0; subtype: 0; to windows: 1
2026-08-21 01:55:48.048 Df Flagstone[71040:777aa] [com.apple.UIKit:EventDispatch] Sending UIEvent type: 0; subtype: 0; to window: <UIWindow: 0x104dc8400>; contextId: 0xDFCEDB28
2026-08-21 01:55:48.048 A  Flagstone[71040:777aa] (UIKitCore) send gesture actions
2026-08-21 01:55:48.048 A  Flagstone[71040:777aa] (UIKitCore) send gesture actions
2026-08-21 01:55:48.064 Df Flagstone[71040:777aa] [com.apple.UIKit:EventDispatch] Evaluating dispatch of UIEvent: 0x104d42d00; type: 0; subtype: 0; backing type: 11; shouldSend: 1; ignoreInteractionEvents: 0, systemGestureStateChange: 0
2026-08-21 01:55:48.064 Df Flagstone[71040:777aa] [com.apple.UIKit:EventDispatch] Sending UIEvent type: 0; subtype: 0; to windows: 1
2026-08-21 01:55:48.064 Df Flagstone[71040:777aa] [com.apple.UIKit:EventDispatch] Sending UIEvent type: 0; subtype: 0; to window: <UIWindow: 0x104dc8400>; contextId: 0xDFCEDB28
2026-08-21 01:55:48.064 A  Flagstone[71040:777aa] (UIKitCore) send gesture actions
2026-08-21 01:55:48.064 A  Flagstone[71040:777aa] (UIKitCore) send gesture actions
2026-08-21 01:55:48.081 Df Flagstone[71040:777aa] [com.apple.UIKit:EventDispatch] Evaluating dispatch of UIEvent: 0x104d42d00; type: 0; subtype: 0; backing type: 11; shouldSend: 1; ignoreInteractionEvents: 0, systemGestureStateChange: 0
2026-08-21 01:55:48.081 Df Flagstone[71040:777aa] [com.apple.UIKit:EventDispatch] Sending UIEvent type: 0; subtype: 0; to windows: 1
2026-08-21 01:55:48.081 Df Flagstone[71040:777aa] [com.apple.UIKit:EventDispatch] Sending UIEvent type: 0; subtype: 0; to window: <UIWindow: 0x104dc8400>; contextId: 0xDFCEDB28
2026-08-21 01:55:48.081 A  Flagstone[71040:777aa] (UIKitCore) send gesture actions
2026-08-21 01:55:48.081 A  Flagstone[71040:777aa] (UIKitCore) send gesture actions
2026-08-21 01:55:48.097 Df Flagstone[71040:777aa] [com.apple.UIKit:EventDispatch] Evaluating dispatch of UIEvent: 0x104d42d00; type: 0; subtype: 0; backing type: 11; shouldSend: 1; ignoreInteractionEvents: 0, systemGestureStateChange: 0
2026-08-21 01:55:48.097 Df Flagstone[71040:777aa] [com.apple.UIKit:EventDispatch] Sending UIEvent type: 0; subtype: 0; to windows: 1
2026-08-21 01:55:48.097 Df Flagstone[71040:777aa] [com.apple.UIKit:EventDispatch] Sending UIEvent type: 0; subtype: 0; to window: <UIWindow: 0x104dc8400>; contextId: 0xDFCEDB28
2026-08-21 01:55:48.097 A  Flagstone[71040:777aa] (UIKitCore) send gesture actions
2026-08-21 01:55:48.098 A  Flagstone[71040:777aa] (UIKitCore) send gesture actions
2026-08-21 01:55:48.114 Df Flagstone[71040:777aa] [com.apple.UIKit:EventDispatch] Evaluating dispatch of UIEvent: 0x104d42d00; type: 0; subtype: 0; backing type: 11; shouldSend: 1; ignoreInteractionEvents: 0, systemGestureStateChange: 0
2026-08-21 01:55:48.114 Df Flagstone[71040:777aa] [com.apple.UIKit:EventDispatch] Sending UIEvent type: 0; subtype: 0; to windows: 1
2026-08-21 01:55:48.114 Df Flagstone[71040:777aa] [com.apple.UIKit:EventDispatch] Sending UIEvent type: 0; subtype: 0; to window: <UIWindow: 0x104dc8400>; contextId: 0xDFCEDB28
2026-08-21 01:55:48.114 A  Flagstone[71040:777aa] (UIKitCore) send gesture actions
2026-08-21 01:55:48.114 A  Flagstone[71040:777aa] (UIKitCore) send gesture actions
2026-08-21 01:55:48.130 Df Flagstone[71040:777aa] [com.apple.UIKit:EventDispatch] Evaluating dispatch of UIEvent: 0x104d42d00; type: 0; subtype: 0; backing type: 11; shouldSend: 1; ignoreInteractionEvents: 0, systemGestureStateChange: 0
2026-08-21 01:55:48.130 Df Flagstone[71040:777aa] [com.apple.UIKit:EventDispatch] Sending UIEvent type: 0; subtype: 0; to windows: 1
2026-08-21 01:55:48.130 Df Flagstone[71040:777aa] [com.apple.UIKit:EventDispatch] Sending UIEvent type: 0; subtype: 0; to window: <UIWindow: 0x104dc8400>; contextId: 0xDFCEDB28
2026-08-21 01:55:48.131 A  Flagstone[71040:777aa] (UIKitCore) send gesture actions
2026-08-21 01:55:48.131 A  Flagstone[71040:777aa] (UIKitCore) send gesture actions
2026-08-21 01:55:48.148 Df Flagstone[71040:777aa] [com.apple.UIKit:EventDispatch] Evaluating dispatch of UIEvent: 0x104d42d00; type: 0; subtype: 0; backing type: 11; shouldSend: 1; ignoreInteractionEvents: 0, systemGestureStateChange: 0
2026-08-21 01:55:48.148 Df Flagstone[71040:777aa] [com.apple.UIKit:EventDispatch] Sending UIEvent type: 0; subtype: 0; to windows: 1
2026-08-21 01:55:48.148 Df Flagstone[71040:777aa] [com.apple.UIKit:EventDispatch] Sending UIEvent type: 0; subtype: 0; to window: <UIWindow: 0x104dc8400>; contextId: 0xDFCEDB28
2026-08-21 01:55:48.148 A  Flagstone[71040:777aa] (UIKitCore) send gesture actions
2026-08-21 01:55:48.148 A  Flagstone[71040:777aa] (UIKitCore) send gesture actions
2026-08-21 01:55:48.408 Df Flagstone[71040:783be] [com.apple.dt.xctest:Default] Received request to notify when the main run loop is idle
2026-08-21 01:55:48.408 Df Flagstone[71040:783be] [com.apple.dt.xctest:Default] Idle notifier finished setting up run loop observer
2026-08-21 01:55:48.409 Df Flagstone[71040:783be] [com.apple.dt.xctest:Default] Received request to notify when animations are idle
2026-08-21 01:55:49.915 Df Flagstone[71040:777aa] [com.apple.UIKit:UIPointerArbiter] Ignoring endScrollingWithRegion: <UIPointerRegion: 0x12053c730; rect = (0 0; 390 844); identifier = UIScrollView.scrollingPointerRegion> because scrollingRegion does not match: (null)
2026-08-21 01:55:49.918 Df Flagstone[71040:777aa] [com.apple.dt.xctest:Default] Idle notifier run loop observer fired
2026-08-21 01:55:49.918 Df Flagstone[71040:777aa] [com.apple.dt.xctest:Default] Sending main run loop idle reply
2026-08-21 01:58:24.267 Df Flagstone[71040:78fd1] [com.apple.network:quic] quic_frame_process_CONNECTION_CLOSE [C1.1.1.1:2] [-01fce1d5acbf31492dfca4d54ebf340d3e7f7b89] received APPLICATION_CLOSE code 100 reason ""
2026-08-21 01:58:24.286 Df Flagstone[71040:78fd1] [com.apple.network:connection] [C2 3DDEB26C-C5EA-475D-BDD4-35E3E791510F IPv4#0631cccd:443 quic-connection, url: https://kldlwszpfkdmsjrjhjym.supabase.co/rest/v1/flags, tls, definite, attribution: developer] cancel
2026-08-21 01:58:24.287 Df Flagstone[71040:78fd1] [com.apple.network:connection] [C2 3DDEB26C-C5EA-475D-BDD4-35E3E791510F IPv4#0631cccd:443 quic-connection, url: https://kldlwszpfkdmsjrjhjym.supabase.co/rest/v1/flags, tls, definite, attribution: developer] cancelled
	[C2 98E18212-28D2-42B6-BAD3-832B3AAACFCE 192.168.1.78:57189<->IPv4#0631cccd:443]
	Connected Path: satisfied (Path is satisfied), interface: en0[802.11], uses wifi, LQM: unknown
	Duration: 180.995s, QUIC @0.000s took 0.002s, TLS 1.3 took 0.091s
	bytes in/out: 10719/5586, packets in/out: 17/10, rtt: 0.020s, retransmitted bytes: 0, out-of-order bytes: 1680
	ecn packets sent/acked/marked/lost: 0/0/0/0
2026-08-21 01:58:24.289 Df Flagstone[71040:78fd1] [com.apple.network:connection] nw_connection_report_state_with_handler_on_nw_queue [C2] reporting state cancelled
2026-08-21 01:58:24.290 Df Flagstone[71040:78fd1] [com.apple.network:boringssl] nw_protocol_boringssl_error(2287) [C2:1][0x119aa2d60] Lower protocol stack error post TLS handshake. [57: Socket is not connected]
2026-08-21 01:58:24.290 Df Flagstone[71040:78fd1] [com.apple.network:boringssl] nw_protocol_boringssl_error(2305) [C2:1][0x119aa2d60] Propagating error up the stack
2026-08-21 01:58:24.290 E  Flagstone[71040:78fd1] [com.apple.network:connection] nw_read_request_report [C1] Receive failed with error "Socket is not connected"
2026-08-21 01:58:24.290 E  Flagstone[71040:78fd1] [com.apple.network:connection] nw_read_request_report [C1] Receive failed with error "Socket is not connected"
2026-08-21 01:58:24.290 E  Flagstone[71040:78fd1] [com.apple.network:connection] nw_read_request_report [C1] Receive failed with error "Socket is not connected"
2026-08-21 01:58:24.290 Df Flagstone[71040:78fd1] [com.apple.network:quic] quic_conn_log_summary [C1.1.1.1:2] [-01fce1d5acbf31492dfca4d54ebf340d3e7f7b89] 
	Connection attempts: 1, RETRY received: no, PTOs: 0
	Early data: no, Keep-alives sent/acknowledged: 0/0, ECN state: unsupported, L4S: enabled
	RTT: base 13 ms, network 13 ms, latest 13 ms, minimum 13 ms, smoothed 20 ms (variance 6 ms)
	Path MTU: 1280, minimum MSS: 1252
	Migration events: 0, paths validated: 0
	Inbound unidirectional/bidirectional streams: 4/0
	Outbound unidirectional/bidirectional streams: 1/1
	DATA_BLOCKED frames sent/received: 0/0
	STREAM_DATA_BLOCKED frames sent/received: 0/0
2026-08-21 01:58:24.293 Df Flagstone[71040:78fd1] [com.apple.network:quic] quic_path_destroy [C1.1.1.1:2] [-01fce1d5acbf31492dfca4d54ebf340d3e7f7b89] destroying path 0x1198cddc0
2026-08-21 01:58:24.293 Df Flagstone[71040:78fd1] [com.apple.network:connection] [C1.1.1.1 IPv4#0631cccd:443 failed socket-flow (satisfied (Path is satisfied), interface: en0[802.11], uses wifi, LQM: unknown)] event: flow:disconnect @181.085s, error Socket is not connected
2026-08-21 01:58:24.293 Df Flagstone[71040:78fd1] [com.apple.network:connection] [C1.1.1 Hostname#e4de7a2b:443 failed resolver (satisfied (Path is satisfied), interface: en0[802.11], uses wifi, LQM: unknown)] event: flow:disconnect @181.085s
2026-08-21 01:58:24.293 Df Flagstone[71040:78fd1] [com.apple.network:connection] [C1.1 Hostname#e4de7a2b:443 failed transform (satisfied (Path is satisfied), interface: en0[802.11], uses wifi, LQM: unknown)] event: flow:disconnect @181.085s
2026-08-21 01:58:24.293 Df Flagstone[71040:78fd1] [com.apple.network:connection] [C1 IPv4#0631cccd:443 failed parent-flow (satisfied (Path is satisfied), interface: en0[802.11], uses wifi, LQM: unknown)] event: flow:disconnect @181.085s
2026-08-21 01:58:24.293 Df Flagstone[71040:78fd1] [com.apple.network:connection] nw_connection_report_state_with_handler_on_nw_queue [C1] reporting state failed error Socket is not connected
2026-08-21 01:58:24.293 Df Flagstone[71040:78fd1] [com.apple.CFNetwork:Default] Connection 1: final read 1:57, complete[Y], final[Y]
2026-08-21 01:58:24.294 Df Flagstone[71040:78fd1] [com.apple.CFNetwork:Default] Connection 1: cleaning up
2026-08-21 01:58:24.294 Df Flagstone[71040:78fd1] [com.apple.network:connection] [C1 1EE808A7-21BE-4C2B-BDCB-D3F050D35A76 Hostname#e4de7a2b:443 quic-connection, url: https://kldlwszpfkdmsjrjhjym.supabase.co/rest/v1/flags, definite, attribution: developer] cancel
2026-08-21 01:58:24.294 E  Flagstone[71040:78fd1] [com.apple.network:connection] nw_connection_copy_connected_local_endpoint_block_invoke [C1] Connection has no local endpoint
2026-08-21 01:58:24.294 Df Flagstone[71040:78fd1] [com.apple.network:connection] [C1 1EE808A7-21BE-4C2B-BDCB-D3F050D35A76 Hostname#e4de7a2b:443 quic-connection, url: https://kldlwszpfkdmsjrjhjym.supabase.co/rest/v1/flags, definite, attribution: developer] cancelled
	[C1.1.1.1 98E18212-28D2-42B6-BAD3-832B3AAACFCE <NULL><->IPv4#0631cccd:443]
	Connected Path: satisfied (Path is satisfied), interface: en0[802.11], uses wifi, LQM: unknown
	Privacy Stance: Not Eligible
	Duration: 181.086s, DNS @0.020s took 0.033s, QUIC @0.077s took 0.104s
	bytes in/out: 0/0, packets in/out: 0/0, rtt: 0.000s, retransmitted bytes: 0, out-of-order bytes: 0
	ecn packets sent/acked/marked/lost: 0/0/0/0
2026-08-21 01:58:24.295 Df Flagstone[71040:78fd1] [com.apple.network:connection] nw_connection_report_state_with_handler_on_nw_queue [C1] reporting state cancelled error Socket is not connected
2026-08-21 01:58:24.295 Df Flagstone[71040:78fd1] [com.apple.CFNetwork:Default] Connection 1: done
2026-08-21 01:58:43.256 Df Flagstone[71040:777aa] [com.apple.runningboard:connection] Creating side-channel connection to com.apple.runningboard
2026-08-21 01:58:43.256 Df Flagstone[71040:777aa] [com.apple.xpc:connection] [0x12068a6c0] activating connection: mach=true listener=false peer=false name=com.apple.runningboard
2026-08-21 01:58:43.262 Df Flagstone[71040:777aa] [com.apple.runningboard:process] Hit the server for a process handle ac342a700011580 that resolved to: [app<com.accessmap.app((null))>:71040]
2026-08-21 01:58:43.305 Df Flagstone[71040:777aa] [com.apple.UIKit:AppLifecycle] sceneOfRecord: sceneID: sceneID:com.accessmap.app-default  persistentID: AE1D67B8-6BBD-4698-9E3C-597A0C367329
2026-08-21 01:58:43.307 Df Flagstone[71040:777aa] [com.apple.UIKit:InterfaceStyle] Scene did update interface style to 1, <UIWindowScene: 0x108094600> (AE1D67B8-6BBD-4698-9E3C-597A0C367329)
2026-08-21 01:58:43.600 Df Flagstone[71040:777aa] [com.apple.UIKit:InterfaceStyle] Not push traits update to screen for new style 1, <UIWindowScene: 0x108094600> (AE1D67B8-6BBD-4698-9E3C-597A0C367329)
2026-08-21 01:58:43.697 Df Flagstone[71040:777aa] [com.apple.UIKit:InterfaceStyle] Push traits update to screen for new style 1, <UIWindowScene: 0x108094600> (AE1D67B8-6BBD-4698-9E3C-597A0C367329)
2026-08-21 01:58:43.705 Df Flagstone[71040:777aa] [com.apple.UIKit:AppLifecycle] sceneOfRecord: sceneID: sceneID:com.accessmap.app-default  persistentID: AE1D67B8-6BBD-4698-9E3C-597A0C367329
2026-08-21 01:58:44.350 A  Flagstone[71040:777aa] (CoreLocation) CL: CLLocationManager
2026-08-21 01:58:44.352 Df Flagstone[71040:777aa] [com.apple.locationd.Core:Client] {"msg":"CLLocationManager", "event":activity, "_cmd":desiredAccuracy, "self":"0x10de2d3e0"}
2026-08-21 01:58:44.353 A  Flagstone[71040:777aa] (CoreLocation) CL: CLLocationManager
2026-08-21 01:58:44.355 Df Flagstone[71040:777aa] [com.apple.locationd.Core:Client] {"msg":"CLLocationManager", "event":activity, "_cmd":desiredAccuracy, "self":"0x10de2d3e0"}
2026-08-21 01:58:44.463 Df Flagstone[71040:777aa] [com.apple.dt.xctest:Default] Sending animations idle reply with error: (null)
2026-08-21 01:58:44.463 Df Flagstone[71040:777aa] [com.apple.dt.xctest:Default] Sending animations idle reply with error: (null)
2026-08-21 01:58:44.463 E  Flagstone[71040:777aa] [com.apple.dt.xctest:Default] Unexpectedly received animationDidStop without a matching animationDidStart. Monitoring for idle animations may no longer function correctly.
2026-08-21 01:58:44.464 E  Flagstone[71040:777aa] [com.apple.dt.xctest:Default] Unexpectedly received animationDidStop without a matching animationDidStart. Monitoring for idle animations may no longer function correctly.
2026-08-21 01:58:44.464 E  Flagstone[71040:777aa] [com.apple.dt.xctest:Default] Unexpectedly received animationDidStop without a matching animationDidStart. Monitoring for idle animations may no longer function correctly.
2026-08-21 01:58:44.464 E  Flagstone[71040:777aa] [com.apple.dt.xctest:Default] Unexpectedly received animationDidStop without a matching animationDidStart. Monitoring for idle animations may no longer function correctly.
2026-08-21 01:58:44.464 E  Flagstone[71040:777aa] [com.apple.dt.xctest:Default] Unexpectedly received animationDidStop without a matching animationDidStart. Monitoring for idle animations may no longer function correctly.
2026-08-21 01:58:44.464 E  Flagstone[71040:777aa] [com.apple.dt.xctest:Default] Unexpectedly received animationDidStop without a matching animationDidStart. Monitoring for idle animations may no longer function correctly.
2026-08-21 01:58:44.467 E  Flagstone[71040:777aa] [com.apple.dt.xctest:Default] Unexpectedly received animationDidStop without a matching animationDidStart. Monitoring for idle animations may no longer function correctly.
2026-08-21 01:58:44.467 E  Flagstone[71040:777aa] [com.apple.dt.xctest:Default] Unexpectedly received animationDidStop without a matching animationDidStart. Monitoring for idle animations may no longer function correctly.
2026-08-21 01:58:44.467 E  Flagstone[71040:777aa] [com.apple.dt.xctest:Default] Unexpectedly received animationDidStop without a matching animationDidStart. Monitoring for idle animations may no longer function correctly.
2026-08-21 01:58:44.467 E  Flagstone[71040:777aa] [com.apple.dt.xctest:Default] Unexpectedly received animationDidStop without a matching animationDidStart. Monitoring for idle animations may no longer function correctly.
2026-08-21 01:58:44.467 E  Flagstone[71040:777aa] [com.apple.dt.xctest:Default] Unexpectedly received animationDidStop without a matching animationDidStart. Monitoring for idle animations may no longer function correctly.
2026-08-21 01:58:44.467 E  Flagstone[71040:777aa] [com.apple.dt.xctest:Default] Unexpectedly received animationDidStop without a matching animationDidStart. Monitoring for idle animations may no longer function correctly.
2026-08-21 01:58:44.467 E  Flagstone[71040:777aa] [com.apple.dt.xctest:Default] Unexpectedly received animationDidStop without a matching animationDidStart. Monitoring for idle animations may no longer function correctly.
2026-08-21 01:58:44.468 E  Flagstone[71040:777aa] [com.apple.dt.xctest:Default] Unexpectedly received animationDidStop without a matching animationDidStart. Monitoring for idle animations may no longer function correctly.
2026-08-21 01:58:44.468 E  Flagstone[71040:777aa] [com.apple.dt.xctest:Default] Unexpectedly received animationDidStop without a matching animationDidStart. Monitoring for idle animations may no longer function correctly.
2026-08-21 01:58:44.468 E  Flagstone[71040:777aa] [com.apple.dt.xctest:Default] Unexpectedly received animationDidStop without a matching animationDidStart. Monitoring for idle animations may no longer function correctly.
2026-08-21 01:58:44.503 E  Flagstone[71040:777aa] [com.apple.dt.xctest:Default] Unexpectedly received animationDidStop without a matching animationDidStart. Monitoring for idle animations may no longer function correctly.
2026-08-21 01:58:44.511 E  Flagstone[71040:777aa] [com.apple.dt.xctest:Default] Unexpectedly received animationDidStop without a matching animationDidStart. Monitoring for idle animations may no longer function correctly.
2026-08-21 01:58:44.519 E  Flagstone[71040:777aa] [com.apple.dt.xctest:Default] Unexpectedly received animationDidStop without a matching animationDidStart. Monitoring for idle animations may no longer function correctly.
2026-08-21 01:58:44.524 E  Flagstone[71040:777aa] [com.apple.dt.xctest:Default] Unexpectedly received animationDidStop without a matching animationDidStart. Monitoring for idle animations may no longer function correctly.
2026-08-21 01:58:44.529 E  Flagstone[71040:777aa] [com.apple.dt.xctest:Default] Unexpectedly received animationDidStop without a matching animationDidStart. Monitoring for idle animations may no longer function correctly.
2026-08-21 01:58:44.538 E  Flagstone[71040:777aa] [com.apple.dt.xctest:Default] Unexpectedly received animationDidStop without a matching animationDidStart. Monitoring for idle animations may no longer function correctly.
2026-08-21 01:58:44.542 E  Flagstone[71040:777aa] [com.apple.dt.xctest:Default] Unexpectedly received animationDidStop without a matching animationDidStart. Monitoring for idle animations may no longer function correctly.
2026-08-21 01:58:44.547 E  Flagstone[71040:777aa] [com.apple.dt.xctest:Default] Unexpectedly received animationDidStop without a matching animationDidStart. Monitoring for idle animations may no longer function correctly.
2026-08-21 01:58:44.553 E  Flagstone[71040:777aa] [com.apple.dt.xctest:Default] Unexpectedly received animationDidStop without a matching animationDidStart. Monitoring for idle animations may no longer function correctly.
2026-08-21 01:58:44.573 E  Flagstone[71040:777aa] [com.apple.dt.xctest:Default] Unexpectedly received animationDidStop without a matching animationDidStart. Monitoring for idle animations may no longer function correctly.
2026-08-21 01:58:44.589 E  Flagstone[71040:777aa] [com.apple.dt.xctest:Default] Unexpectedly received animationDidStop without a matching animationDidStart. Monitoring for idle animations may no longer function correctly.
2026-08-21 01:58:44.594 E  Flagstone[71040:777aa] [com.apple.dt.xctest:Default] Unexpectedly received animationDidStop without a matching animationDidStart. Monitoring for idle animations may no longer function correctly.
2026-08-21 01:58:44.598 E  Flagstone[71040:777aa] [com.apple.dt.xctest:Default] Unexpectedly received animationDidStop without a matching animationDidStart. Monitoring for idle animations may no longer function correctly.
2026-08-21 01:58:44.611 E  Flagstone[71040:777aa] [com.apple.dt.xctest:Default] Unexpectedly received animationDidStop without a matching animationDidStart. Monitoring for idle animations may no longer function correctly.
2026-08-21 01:58:44.618 E  Flagstone[71040:777aa] [com.apple.dt.xctest:Default] Unexpectedly received animationDidStop without a matching animationDidStart. Monitoring for idle animations may no longer function correctly.
2026-08-21 01:58:44.644 E  Flagstone[71040:777aa] [com.apple.dt.xctest:Default] Unexpectedly received animationDidStop without a matching animationDidStart. Monitoring for idle animations may no longer function correctly.
2026-08-21 01:58:45.125 Df Flagstone[71040:777aa] [com.apple.UIKit:EventEnvironment] Enqueuing clear events of window: <_UIWindowSceneUserInterfaceStyleAnimationSnapshotWindow: 0x120512400>; contextId: 0xF7286CEC
2026-08-21 01:58:45.130 Df Flagstone[71040:777aa] [com.apple.UIKit:EventEnvironment] Performing clear events of window: <_UIWindowSceneUserInterfaceStyleAnimationSnapshotWindow: 0x120512400>; contextId: 0x0
2026-08-21 01:58:48.538 Df Flagstone[71040:78fd1] [com.apple.dt.xctest:Default] Received attributes request for element: App element pid: 71040. Attributes: (
    "XC_kAXXCAttributeFrame",
    "XC_kAXXCAttributeWindowDisplayId",
    "XC_kAXXCAttributeWindowContextId"
)
2026-08-21 01:58:48.538 Df Flagstone[71040:7944d] [com.apple.dt.xctest:Default] XCTPerformOnMainRunLoop[not MT]: about to CFRunLoopPerform
2026-08-21 01:58:48.538 Df Flagstone[71040:7944d] [com.apple.dt.xctest:Default] XCTPerformOnMainRunLoop[not MT]: waiting with 30.00s responsiveness timeout
2026-08-21 01:58:48.538 Df Flagstone[71040:777aa] [com.apple.dt.xctest:Default] XCTPerformOnMainRunLoop[MT]: inside CFRunLoopPerform
2026-08-21 01:58:48.539 Df Flagstone[71040:777aa] [com.apple.dt.xctest:Default] XCTPerformOnMainRunLoop[MT]: MT responded in time (won the race to the busy flag)
2026-08-21 01:58:48.539 Df Flagstone[71040:7944d] [com.apple.dt.xctest:Default] XCTPerformOnMainRunLoop[not MT]: waiting 60.00s for work to complete
2026-08-21 01:58:48.539 Df Flagstone[71040:777aa] [com.apple.dt.xctest:Default] Fetching AX attributes XC_kAXXCAttributeFrame, XC_kAXXCAttributeWindowDisplayId, XC_kAXXCAttributeWindowContextId for App element pid: 71040
2026-08-21 01:58:48.539 Df Flagstone[71040:777aa] [com.apple.dt.xctest:Default] Got attributes, transferring to dictionary for return.
2026-08-21 01:58:48.539 Df Flagstone[71040:7944d] [com.apple.dt.xctest:Default] Replying with attribute values: {
    "XC_kAXXCAttributeFrame" =     {
        Height = 844;
        Width = 390;
        X = 0;
        Y = 0;
    };
    "XC_kAXXCAttributeWindowContextId" = 3754875688;
    "XC_kAXXCAttributeWindowDisplayId" = 0;
}
2026-08-21 01:58:48.542 Df Flagstone[71040:7944d] [com.apple.dt.xctest:Default] Received attributes request for element: App element pid: 71040. Attributes: (
    "XC_kAXXCAttributeElementType",
    "XC_kAXXCAttributeElementBaseType",
    "XC_kAXXCAttributeTraits",
    "XC_kAXXCAttributeAutomationType"
)
2026-08-21 01:58:48.542 Df Flagstone[71040:7944d] [com.apple.dt.xctest:Default] XCTPerformOnMainRunLoop[not MT]: about to CFRunLoopPerform
2026-08-21 01:58:48.542 Df Flagstone[71040:7944d] [com.apple.dt.xctest:Default] XCTPerformOnMainRunLoop[not MT]: waiting with 30.00s responsiveness timeout
2026-08-21 01:58:48.542 Df Flagstone[71040:777aa] [com.apple.dt.xctest:Default] XCTPerformOnMainRunLoop[MT]: inside CFRunLoopPerform
2026-08-21 01:58:48.542 Df Flagstone[71040:777aa] [com.apple.dt.xctest:Default] XCTPerformOnMainRunLoop[MT]: MT responded in time (won the race to the busy flag)
2026-08-21 01:58:48.542 Df Flagstone[71040:7944d] [com.apple.dt.xctest:Default] XCTPerformOnMainRunLoop[not MT]: waiting 60.00s for work to complete
2026-08-21 01:58:48.542 Df Flagstone[71040:777aa] [com.apple.dt.xctest:Default] Fetching AX attributes XC_kAXXCAttributeElementType, XC_kAXXCAttributeElementBaseType, XC_kAXXCAttributeTraits, XC_kAXXCAttributeAutomationType for App element pid: 71040
2026-08-21 01:58:48.542 Df Flagstone[71040:777aa] [com.apple.dt.xctest:Default] Got attributes, transferring to dictionary for return.
2026-08-21 01:58:48.542 Df Flagstone[71040:7944d] [com.apple.dt.xctest:Default] Replying with attribute values: {
    "XC_kAXXCAttributeAutomationType" = 1;
    "XC_kAXXCAttributeElementBaseType" = UIApplication;
    "XC_kAXXCAttributeElementType" = UIApplication;
    "XC_kAXXCAttributeTraits" = 0;
}
2026-08-21 01:58:48.703 Df Flagstone[71040:7944d] [com.apple.dt.xctest:Default] Received attributes request for element: App element pid: 71040. Attributes: (
    "XC_kAXXCAttributeFrame",
    "XC_kAXXCAttributeWindowDisplayId",
    "XC_kAXXCAttributeWindowContextId"
)
2026-08-21 01:58:48.703 Df Flagstone[71040:7944d] [com.apple.dt.xctest:Default] XCTPerformOnMainRunLoop[not MT]: about to CFRunLoopPerform
2026-08-21 01:58:48.703 Df Flagstone[71040:777aa] [com.apple.dt.xctest:Default] XCTPerformOnMainRunLoop[MT]: inside CFRunLoopPerform
2026-08-21 01:58:48.703 Df Flagstone[71040:7944d] [com.apple.dt.xctest:Default] XCTPerformOnMainRunLoop[not MT]: waiting with 30.00s responsiveness timeout
2026-08-21 01:58:48.703 Df Flagstone[71040:777aa] [com.apple.dt.xctest:Default] XCTPerformOnMainRunLoop[MT]: MT responded in time (won the race to the busy flag)
2026-08-21 01:58:48.703 Df Flagstone[71040:7944d] [com.apple.dt.xctest:Default] XCTPerformOnMainRunLoop[not MT]: waiting 60.00s for work to complete
2026-08-21 01:58:48.703 Df Flagstone[71040:777aa] [com.apple.dt.xctest:Default] Fetching AX attributes XC_kAXXCAttributeFrame, XC_kAXXCAttributeWindowDisplayId, XC_kAXXCAttributeWindowContextId for App element pid: 71040
2026-08-21 01:58:48.704 Df Flagstone[71040:777aa] [com.apple.dt.xctest:Default] Got attributes, transferring to dictionary for return.
2026-08-21 01:58:48.704 Df Flagstone[71040:7944d] [com.apple.dt.xctest:Default] Replying with attribute values: {
    "XC_kAXXCAttributeFrame" =     {
        Height = 844;
        Width = 390;
        X = 0;
        Y = 0;
    };
    "XC_kAXXCAttributeWindowContextId" = 3754875688;
    "XC_kAXXCAttributeWindowDisplayId" = 0;
}
2026-08-21 01:58:48.793 Df Flagstone[71040:7944d] [com.apple.dt.xctest:Default] Received attributes request for element: App element pid: 71040. Attributes: (
    "XC_kAXXCAttributeElementType",
    "XC_kAXXCAttributeElementBaseType",
    "XC_kAXXCAttributeTraits",
    "XC_kAXXCAttributeAutomationType"
)
2026-08-21 01:58:48.793 Df Flagstone[71040:7944d] [com.apple.dt.xctest:Default] XCTPerformOnMainRunLoop[not MT]: about to CFRunLoopPerform
2026-08-21 01:58:48.793 Df Flagstone[71040:777aa] [com.apple.dt.xctest:Default] XCTPerformOnMainRunLoop[MT]: inside CFRunLoopPerform
2026-08-21 01:58:48.793 Df Flagstone[71040:777aa] [com.apple.dt.xctest:Default] XCTPerformOnMainRunLoop[MT]: MT responded in time (won the race to the busy flag)
2026-08-21 01:58:48.793 Df Flagstone[71040:777aa] [com.apple.dt.xctest:Default] Fetching AX attributes XC_kAXXCAttributeElementType, XC_kAXXCAttributeElementBaseType, XC_kAXXCAttributeTraits, XC_kAXXCAttributeAutomationType for App element pid: 71040
2026-08-21 01:58:48.794 Df Flagstone[71040:777aa] [com.apple.dt.xctest:Default] Got attributes, transferring to dictionary for return.
2026-08-21 01:58:48.794 Df Flagstone[71040:7944d] [com.apple.dt.xctest:Default] XCTPerformOnMainRunLoop[not MT]: waiting with 30.00s responsiveness timeout
2026-08-21 01:58:48.794 Df Flagstone[71040:7944d] [com.apple.dt.xctest:Default] XCTPerformOnMainRunLoop[not MT]: waiting 60.00s for work to complete
2026-08-21 01:58:48.795 Df Flagstone[71040:7944d] [com.apple.dt.xctest:Default] Replying with attribute values: {
    "XC_kAXXCAttributeAutomationType" = 1;
    "XC_kAXXCAttributeElementBaseType" = UIApplication;
    "XC_kAXXCAttributeElementType" = UIApplication;
    "XC_kAXXCAttributeTraits" = 0;
}
2026-08-21 01:58:48.904 Df Flagstone[71040:7944d] [com.apple.dt.xctest:Default] Received attributes request for element: App element pid: 71040. Attributes: (
    "XC_kAXXCAttributeWindowDisplayId"
)
2026-08-21 01:58:48.904 Df Flagstone[71040:78fd1] [com.apple.dt.xctest:Default] XCTPerformOnMainRunLoop[not MT]: about to CFRunLoopPerform
2026-08-21 01:58:48.904 Df Flagstone[71040:777aa] [com.apple.dt.xctest:Default] XCTPerformOnMainRunLoop[MT]: inside CFRunLoopPerform
2026-08-21 01:58:48.904 Df Flagstone[71040:777aa] [com.apple.dt.xctest:Default] XCTPerformOnMainRunLoop[MT]: MT responded in time (won the race to the busy flag)
2026-08-21 01:58:48.904 Df Flagstone[71040:78fd1] [com.apple.dt.xctest:Default] XCTPerformOnMainRunLoop[not MT]: waiting with 30.00s responsiveness timeout
2026-08-21 01:58:48.904 Df Flagstone[71040:777aa] [com.apple.dt.xctest:Default] Fetching AX attributes XC_kAXXCAttributeWindowDisplayId for App element pid: 71040
2026-08-21 01:58:48.904 Df Flagstone[71040:78fd1] [com.apple.dt.xctest:Default] XCTPerformOnMainRunLoop[not MT]: waiting 60.00s for work to complete
2026-08-21 01:58:48.904 Df Flagstone[71040:777aa] [com.apple.dt.xctest:Default] Got attributes, transferring to dictionary for return.
2026-08-21 01:58:48.904 Df Flagstone[71040:78fd1] [com.apple.dt.xctest:Default] Replying with attribute values: {
    "XC_kAXXCAttributeWindowDisplayId" = 0;
}
2026-08-21 01:58:49.097 Df Flagstone[71040:78fd1] [com.apple.dt.xctest:Default] Received attributes request for element: App element pid: 71040. Attributes: (
    "XC_kAXXCAttributeFrame",
    "XC_kAXXCAttributeWindowDisplayId",
    "XC_kAXXCAttributeWindowContextId"
)
2026-08-21 01:58:49.098 Df Flagstone[71040:7944d] [com.apple.dt.xctest:Default] XCTPerformOnMainRunLoop[not MT]: about to CFRunLoopPerform
2026-08-21 01:58:49.098 Df Flagstone[71040:7944d] [com.apple.dt.xctest:Default] XCTPerformOnMainRunLoop[not MT]: waiting with 30.00s responsiveness timeout
2026-08-21 01:58:49.098 Df Flagstone[71040:777aa] [com.apple.dt.xctest:Default] XCTPerformOnMainRunLoop[MT]: inside CFRunLoopPerform
2026-08-21 01:58:49.098 Df Flagstone[71040:777aa] [com.apple.dt.xctest:Default] XCTPerformOnMainRunLoop[MT]: MT responded in time (won the race to the busy flag)
2026-08-21 01:58:49.098 Df Flagstone[71040:7944d] [com.apple.dt.xctest:Default] XCTPerformOnMainRunLoop[not MT]: waiting 60.00s for work to complete
2026-08-21 01:58:49.098 Df Flagstone[71040:777aa] [com.apple.dt.xctest:Default] Fetching AX attributes XC_kAXXCAttributeFrame, XC_kAXXCAttributeWindowDisplayId, XC_kAXXCAttributeWindowContextId for App element pid: 71040
2026-08-21 01:58:49.098 Df Flagstone[71040:777aa] [com.apple.dt.xctest:Default] Got attributes, transferring to dictionary for return.
2026-08-21 01:58:49.098 Df Flagstone[71040:7944d] [com.apple.dt.xctest:Default] Replying with attribute values: {
    "XC_kAXXCAttributeFrame" =     {
        Height = 844;
        Width = 390;
        X = 0;
        Y = 0;
    };
    "XC_kAXXCAttributeWindowContextId" = 3754875688;
    "XC_kAXXCAttributeWindowDisplayId" = 0;
}
2026-08-21 01:58:49.101 Df Flagstone[71040:7944d] [com.apple.dt.xctest:Default] Received attributes request for element: App element pid: 71040. Attributes: (
    "XC_kAXXCAttributeElementType",
    "XC_kAXXCAttributeElementBaseType",
    "XC_kAXXCAttributeTraits",
    "XC_kAXXCAttributeAutomationType"
)
2026-08-21 01:58:49.101 Df Flagstone[71040:78fd1] [com.apple.dt.xctest:Default] XCTPerformOnMainRunLoop[not MT]: about to CFRunLoopPerform
2026-08-21 01:58:49.101 Df Flagstone[71040:78fd1] [com.apple.dt.xctest:Default] XCTPerformOnMainRunLoop[not MT]: waiting with 30.00s responsiveness timeout
2026-08-21 01:58:49.101 Df Flagstone[71040:777aa] [com.apple.dt.xctest:Default] XCTPerformOnMainRunLoop[MT]: inside CFRunLoopPerform
2026-08-21 01:58:49.101 Df Flagstone[71040:777aa] [com.apple.dt.xctest:Default] XCTPerformOnMainRunLoop[MT]: MT responded in time (won the race to the busy flag)
2026-08-21 01:58:49.101 Df Flagstone[71040:78fd1] [com.apple.dt.xctest:Default] XCTPerformOnMainRunLoop[not MT]: waiting 60.00s for work to complete
2026-08-21 01:58:49.101 Df Flagstone[71040:777aa] [com.apple.dt.xctest:Default] Fetching AX attributes XC_kAXXCAttributeElementType, XC_kAXXCAttributeElementBaseType, XC_kAXXCAttributeTraits, XC_kAXXCAttributeAutomationType for App element pid: 71040
2026-08-21 01:58:49.101 Df Flagstone[71040:777aa] [com.apple.dt.xctest:Default] Got attributes, transferring to dictionary for return.
2026-08-21 01:58:49.101 Df Flagstone[71040:78fd1] [com.apple.dt.xctest:Default] Replying with attribute values: {
    "XC_kAXXCAttributeAutomationType" = 1;
    "XC_kAXXCAttributeElementBaseType" = UIApplication;
    "XC_kAXXCAttributeElementType" = UIApplication;
    "XC_kAXXCAttributeTraits" = 0;
}
2026-08-21 01:58:49.210 Df Flagstone[71040:78fd1] [com.apple.dt.xctest:Default] Received attributes request for element: App element pid: 71040. Attributes: (
    "XC_kAXXCAttributeFrame",
    "XC_kAXXCAttributeWindowDisplayId",
    "XC_kAXXCAttributeWindowContextId"
)
2026-08-21 01:58:49.210 Df Flagstone[71040:7944d] [com.apple.dt.xctest:Default] XCTPerformOnMainRunLoop[not MT]: about to CFRunLoopPerform
2026-08-21 01:58:49.210 Df Flagstone[71040:7944d] [com.apple.dt.xctest:Default] XCTPerformOnMainRunLoop[not MT]: waiting with 30.00s responsiveness timeout
2026-08-21 01:58:49.210 Df Flagstone[71040:777aa] [com.apple.dt.xctest:Default] XCTPerformOnMainRunLoop[MT]: inside CFRunLoopPerform
2026-08-21 01:58:49.210 Df Flagstone[71040:777aa] [com.apple.dt.xctest:Default] XCTPerformOnMainRunLoop[MT]: MT responded in time (won the race to the busy flag)
2026-08-21 01:58:49.210 Df Flagstone[71040:7944d] [com.apple.dt.xctest:Default] XCTPerformOnMainRunLoop[not MT]: waiting 60.00s for work to complete
2026-08-21 01:58:49.210 Df Flagstone[71040:777aa] [com.apple.dt.xctest:Default] Fetching AX attributes XC_kAXXCAttributeFrame, XC_kAXXCAttributeWindowDisplayId, XC_kAXXCAttributeWindowContextId for App element pid: 71040
2026-08-21 01:58:49.210 Df Flagstone[71040:777aa] [com.apple.dt.xctest:Default] Got attributes, transferring to dictionary for return.
2026-08-21 01:58:49.210 Df Flagstone[71040:7944d] [com.apple.dt.xctest:Default] Replying with attribute values: {
    "XC_kAXXCAttributeFrame" =     {
        Height = 844;
        Width = 390;
        X = 0;
        Y = 0;
    };
    "XC_kAXXCAttributeWindowContextId" = 3754875688;
    "XC_kAXXCAttributeWindowDisplayId" = 0;
}
2026-08-21 01:58:49.215 Df Flagstone[71040:7944d] [com.apple.dt.xctest:Default] Received attributes request for element: App element pid: 71040. Attributes: (
    "XC_kAXXCAttributeElementType",
    "XC_kAXXCAttributeElementBaseType",
    "XC_kAXXCAttributeTraits",
    "XC_kAXXCAttributeAutomationType"
)
2026-08-21 01:58:49.215 Df Flagstone[71040:78fd1] [com.apple.dt.xctest:Default] XCTPerformOnMainRunLoop[not MT]: about to CFRunLoopPerform
2026-08-21 01:58:49.215 Df Flagstone[71040:78fd1] [com.apple.dt.xctest:Default] XCTPerformOnMainRunLoop[not MT]: waiting with 30.00s responsiveness timeout
2026-08-21 01:58:49.215 Df Flagstone[71040:777aa] [com.apple.dt.xctest:Default] XCTPerformOnMainRunLoop[MT]: inside CFRunLoopPerform
2026-08-21 01:58:49.215 Df Flagstone[71040:777aa] [com.apple.dt.xctest:Default] XCTPerformOnMainRunLoop[MT]: MT responded in time (won the race to the busy flag)
2026-08-21 01:58:49.215 Df Flagstone[71040:78fd1] [com.apple.dt.xctest:Default] XCTPerformOnMainRunLoop[not MT]: waiting 60.00s for work to complete
2026-08-21 01:58:49.215 Df Flagstone[71040:777aa] [com.apple.dt.xctest:Default] Fetching AX attributes XC_kAXXCAttributeElementType, XC_kAXXCAttributeElementBaseType, XC_kAXXCAttributeTraits, XC_kAXXCAttributeAutomationType for App element pid: 71040
2026-08-21 01:58:49.215 Df Flagstone[71040:777aa] [com.apple.dt.xctest:Default] Got attributes, transferring to dictionary for return.
2026-08-21 01:58:49.215 Df Flagstone[71040:78fd1] [com.apple.dt.xctest:Default] Replying with attribute values: {
    "XC_kAXXCAttributeAutomationType" = 1;
    "XC_kAXXCAttributeElementBaseType" = UIApplication;
    "XC_kAXXCAttributeElementType" = UIApplication;
    "XC_kAXXCAttributeTraits" = 0;
}
2026-08-21 01:58:49.219 Df Flagstone[71040:78fd1] [com.apple.dt.xctest:Default] Received attributes request for element: App element pid: 71040. Attributes: (
    "XC_kAXXCAttributeWindowDisplayId"
)
2026-08-21 01:58:49.219 Df Flagstone[71040:7944d] [com.apple.dt.xctest:Default] XCTPerformOnMainRunLoop[not MT]: about to CFRunLoopPerform
2026-08-21 01:58:49.219 Df Flagstone[71040:7944d] [com.apple.dt.xctest:Default] XCTPerformOnMainRunLoop[not MT]: waiting with 30.00s responsiveness timeout
2026-08-21 01:58:49.219 Df Flagstone[71040:777aa] [com.apple.dt.xctest:Default] XCTPerformOnMainRunLoop[MT]: inside CFRunLoopPerform
2026-08-21 01:58:49.219 Df Flagstone[71040:777aa] [com.apple.dt.xctest:Default] XCTPerformOnMainRunLoop[MT]: MT responded in time (won the race to the busy flag)
2026-08-21 01:58:49.219 Df Flagstone[71040:777aa] [com.apple.dt.xctest:Default] Fetching AX attributes XC_kAXXCAttributeWindowDisplayId for App element pid: 71040
2026-08-21 01:58:49.219 Df Flagstone[71040:7944d] [com.apple.dt.xctest:Default] XCTPerformOnMainRunLoop[not MT]: waiting 60.00s for work to complete
2026-08-21 01:58:49.219 Df Flagstone[71040:777aa] [com.apple.dt.xctest:Default] Got attributes, transferring to dictionary for return.
2026-08-21 01:58:49.219 Df Flagstone[71040:7944d] [com.apple.dt.xctest:Default] Replying with attribute values: {
    "XC_kAXXCAttributeWindowDisplayId" = 0;
}
2026-08-21 01:58:49.314 Df Flagstone[71040:777aa] [com.apple.KeyboardArbiter:Client] TX focusApplication (peekAppEvent) stealKB:Y scene:com.accessmap.app-default
2026-08-21 01:58:49.317 Df Flagstone[71040:777aa] [com.apple.UIKit:EventDispatch] Evaluating dispatch of UIEvent: 0x104d42d00; type: 0; subtype: 0; backing type: 11; shouldSend: 1; ignoreInteractionEvents: 0, systemGestureStateChange: 0
2026-08-21 01:58:49.317 Df Flagstone[71040:777aa] [com.apple.UIKit:EventDispatch] Sending UIEvent type: 0; subtype: 0; to windows: 1
2026-08-21 01:58:49.317 Df Flagstone[71040:777aa] [com.apple.UIKit:EventDispatch] Sending UIEvent type: 0; subtype: 0; to window: <UIWindow: 0x104dc8400>; contextId: 0xDFCEDB28
2026-08-21 01:58:49.326 Df Flagstone[71040:777aa] [com.apple.UIKit:EventDispatch] Evaluating dispatch of UIEvent: 0x104d42d00; type: 0; subtype: 0; backing type: 11; shouldSend: 1; ignoreInteractionEvents: 0, systemGestureStateChange: 0
2026-08-21 01:58:49.326 Df Flagstone[71040:777aa] [com.apple.UIKit:EventDispatch] Sending UIEvent type: 0; subtype: 0; to windows: 1
2026-08-21 01:58:49.326 Df Flagstone[71040:777aa] [com.apple.UIKit:EventDispatch] Sending UIEvent type: 0; subtype: 0; to window: <UIWindow: 0x104dc8400>; contextId: 0xDFCEDB28
2026-08-21 01:58:49.332 Df Flagstone[71040:777aa] [com.apple.UIKit:EventDispatch] Evaluating dispatch of UIEvent: 0x104d42d00; type: 0; subtype: 0; backing type: 11; shouldSend: 1; ignoreInteractionEvents: 0, systemGestureStateChange: 0
2026-08-21 01:58:49.332 Df Flagstone[71040:777aa] [com.apple.UIKit:EventDispatch] Sending UIEvent type: 0; subtype: 0; to windows: 1
2026-08-21 01:58:49.332 Df Flagstone[71040:777aa] [com.apple.UIKit:EventDispatch] Sending UIEvent type: 0; subtype: 0; to window: <UIWindow: 0x104dc8400>; contextId: 0xDFCEDB28
2026-08-21 01:58:49.349 Df Flagstone[71040:777aa] [com.apple.UIKit:EventDispatch] Evaluating dispatch of UIEvent: 0x104d42d00; type: 0; subtype: 0; backing type: 11; shouldSend: 1; ignoreInteractionEvents: 0, systemGestureStateChange: 0
2026-08-21 01:58:49.349 Df Flagstone[71040:777aa] [com.apple.UIKit:EventDispatch] Sending UIEvent type: 0; subtype: 0; to windows: 1
2026-08-21 01:58:49.349 Df Flagstone[71040:777aa] [com.apple.UIKit:EventDispatch] Sending UIEvent type: 0; subtype: 0; to window: <UIWindow: 0x104dc8400>; contextId: 0xDFCEDB28
2026-08-21 01:58:49.365 Df Flagstone[71040:777aa] [com.apple.UIKit:EventDispatch] Evaluating dispatch of UIEvent: 0x104d42d00; type: 0; subtype: 0; backing type: 11; shouldSend: 1; ignoreInteractionEvents: 0, systemGestureStateChange: 0
2026-08-21 01:58:49.365 Df Flagstone[71040:777aa] [com.apple.UIKit:EventDispatch] Sending UIEvent type: 0; subtype: 0; to windows: 1
2026-08-21 01:58:49.366 Df Flagstone[71040:777aa] [com.apple.UIKit:EventDispatch] Sending UIEvent type: 0; subtype: 0; to window: <UIWindow: 0x104dc8400>; contextId: 0xDFCEDB28
2026-08-21 01:58:49.383 Df Flagstone[71040:777aa] [com.apple.UIKit:EventDispatch] Evaluating dispatch of UIEvent: 0x104d42d00; type: 0; subtype: 0; backing type: 11; shouldSend: 1; ignoreInteractionEvents: 0, systemGestureStateChange: 0
2026-08-21 01:58:49.383 Df Flagstone[71040:777aa] [com.apple.UIKit:EventDispatch] Sending UIEvent type: 0; subtype: 0; to windows: 1
2026-08-21 01:58:49.383 Df Flagstone[71040:777aa] [com.apple.UIKit:EventDispatch] Sending UIEvent type: 0; subtype: 0; to window: <UIWindow: 0x104dc8400>; contextId: 0xDFCEDB28
2026-08-21 01:58:49.383 Df Flagstone[71040:777aa] [com.apple.UIKit:EventDispatch] Evaluating dispatch of UIEvent: 0x104d42d00; type: 0; subtype: 0; backing type: 11; shouldSend: 0; ignoreInteractionEvents: 0, systemGestureStateChange: 1
2026-08-21 01:58:49.384 A  Flagstone[71040:777aa] (UIKitCore) send gesture actions
2026-08-21 01:58:49.384 A  Flagstone[71040:777aa] (UIKitCore) send gesture actions
2026-08-21 01:58:49.384 A  Flagstone[71040:777aa] (UIKitCore) send gesture actions
2026-08-21 01:58:49.389 Df Flagstone[71040:777aa] [com.apple.UIKit:UIPointerArbiter] Ignoring beginScrollingWithRegion: <UIPointerRegion: 0x12053cb40; rect = (0 0; 390 844); identifier = UIScrollView.scrollingPointerRegion> because pointer state is disabled
2026-08-21 01:58:49.399 Df Flagstone[71040:777aa] [com.apple.UIKit:EventDispatch] Evaluating dispatch of UIEvent: 0x104d42d00; type: 0; subtype: 0; backing type: 11; shouldSend: 1; ignoreInteractionEvents: 0, systemGestureStateChange: 0
2026-08-21 01:58:49.399 Df Flagstone[71040:777aa] [com.apple.UIKit:EventDispatch] Sending UIEvent type: 0; subtype: 0; to windows: 1
2026-08-21 01:58:49.399 Df Flagstone[71040:777aa] [com.apple.UIKit:EventDispatch] Sending UIEvent type: 0; subtype: 0; to window: <UIWindow: 0x104dc8400>; contextId: 0xDFCEDB28
2026-08-21 01:58:49.399 A  Flagstone[71040:777aa] (UIKitCore) send gesture actions
2026-08-21 01:58:49.399 A  Flagstone[71040:777aa] (UIKitCore) send gesture actions
2026-08-21 01:58:49.416 Df Flagstone[71040:777aa] [com.apple.UIKit:EventDispatch] Evaluating dispatch of UIEvent: 0x104d42d00; type: 0; subtype: 0; backing type: 11; shouldSend: 1; ignoreInteractionEvents: 0, systemGestureStateChange: 0
2026-08-21 01:58:49.416 Df Flagstone[71040:777aa] [com.apple.UIKit:EventDispatch] Sending UIEvent type: 0; subtype: 0; to windows: 1
2026-08-21 01:58:49.416 Df Flagstone[71040:777aa] [com.apple.UIKit:EventDispatch] Sending UIEvent type: 0; subtype: 0; to window: <UIWindow: 0x104dc8400>; contextId: 0xDFCEDB28
2026-08-21 01:58:49.416 A  Flagstone[71040:777aa] (UIKitCore) send gesture actions
2026-08-21 01:58:49.416 A  Flagstone[71040:777aa] (UIKitCore) send gesture actions
2026-08-21 01:58:49.433 Df Flagstone[71040:777aa] [com.apple.UIKit:EventDispatch] Evaluating dispatch of UIEvent: 0x104d42d00; type: 0; subtype: 0; backing type: 11; shouldSend: 1; ignoreInteractionEvents: 0, systemGestureStateChange: 0
2026-08-21 01:58:49.433 Df Flagstone[71040:777aa] [com.apple.UIKit:EventDispatch] Sending UIEvent type: 0; subtype: 0; to windows: 1
2026-08-21 01:58:49.433 Df Flagstone[71040:777aa] [com.apple.UIKit:EventDispatch] Sending UIEvent type: 0; subtype: 0; to window: <UIWindow: 0x104dc8400>; contextId: 0xDFCEDB28
2026-08-21 01:58:49.433 A  Flagstone[71040:777aa] (UIKitCore) send gesture actions
2026-08-21 01:58:49.433 A  Flagstone[71040:777aa] (UIKitCore) send gesture actions
2026-08-21 01:58:49.466 Df Flagstone[71040:777aa] [com.apple.UIKit:EventDispatch] Evaluating dispatch of UIEvent: 0x104d42d00; type: 0; subtype: 0; backing type: 11; shouldSend: 1; ignoreInteractionEvents: 0, systemGestureStateChange: 0
2026-08-21 01:58:49.466 Df Flagstone[71040:777aa] [com.apple.UIKit:EventDispatch] Sending UIEvent type: 0; subtype: 0; to windows: 1
2026-08-21 01:58:49.466 Df Flagstone[71040:777aa] [com.apple.UIKit:EventDispatch] Sending UIEvent type: 0; subtype: 0; to window: <UIWindow: 0x104dc8400>; contextId: 0xDFCEDB28
2026-08-21 01:58:49.466 A  Flagstone[71040:777aa] (UIKitCore) send gesture actions
2026-08-21 01:58:49.466 A  Flagstone[71040:777aa] (UIKitCore) send gesture actions
2026-08-21 01:58:49.482 Df Flagstone[71040:777aa] [com.apple.UIKit:EventDispatch] Evaluating dispatch of UIEvent: 0x104d42d00; type: 0; subtype: 0; backing type: 11; shouldSend: 1; ignoreInteractionEvents: 0, systemGestureStateChange: 0
2026-08-21 01:58:49.483 Df Flagstone[71040:777aa] [com.apple.UIKit:EventDispatch] Sending UIEvent type: 0; subtype: 0; to windows: 1
2026-08-21 01:58:49.483 Df Flagstone[71040:777aa] [com.apple.UIKit:EventDispatch] Sending UIEvent type: 0; subtype: 0; to window: <UIWindow: 0x104dc8400>; contextId: 0xDFCEDB28
2026-08-21 01:58:49.483 A  Flagstone[71040:777aa] (UIKitCore) send gesture actions
2026-08-21 01:58:49.483 A  Flagstone[71040:777aa] (UIKitCore) send gesture actions
2026-08-21 01:58:49.499 Df Flagstone[71040:777aa] [com.apple.UIKit:EventDispatch] Evaluating dispatch of UIEvent: 0x104d42d00; type: 0; subtype: 0; backing type: 11; shouldSend: 1; ignoreInteractionEvents: 0, systemGestureStateChange: 0
2026-08-21 01:58:49.500 Df Flagstone[71040:777aa] [com.apple.UIKit:EventDispatch] Sending UIEvent type: 0; subtype: 0; to windows: 1
2026-08-21 01:58:49.500 Df Flagstone[71040:777aa] [com.apple.UIKit:EventDispatch] Sending UIEvent type: 0; subtype: 0; to window: <UIWindow: 0x104dc8400>; contextId: 0xDFCEDB28
2026-08-21 01:58:49.500 A  Flagstone[71040:777aa] (UIKitCore) send gesture actions
2026-08-21 01:58:49.500 A  Flagstone[71040:777aa] (UIKitCore) send gesture actions
2026-08-21 01:58:49.516 Df Flagstone[71040:777aa] [com.apple.UIKit:EventDispatch] Evaluating dispatch of UIEvent: 0x104d42d00; type: 0; subtype: 0; backing type: 11; shouldSend: 1; ignoreInteractionEvents: 0, systemGestureStateChange: 0
2026-08-21 01:58:49.516 Df Flagstone[71040:777aa] [com.apple.UIKit:EventDispatch] Sending UIEvent type: 0; subtype: 0; to windows: 1
2026-08-21 01:58:49.516 Df Flagstone[71040:777aa] [com.apple.UIKit:EventDispatch] Sending UIEvent type: 0; subtype: 0; to window: <UIWindow: 0x104dc8400>; contextId: 0xDFCEDB28
2026-08-21 01:58:49.517 A  Flagstone[71040:777aa] (UIKitCore) send gesture actions
2026-08-21 01:58:49.517 A  Flagstone[71040:777aa] (UIKitCore) send gesture actions
2026-08-21 01:58:49.532 Df Flagstone[71040:777aa] [com.apple.UIKit:EventDispatch] Evaluating dispatch of UIEvent: 0x104d42d00; type: 0; subtype: 0; backing type: 11; shouldSend: 1; ignoreInteractionEvents: 0, systemGestureStateChange: 0
2026-08-21 01:58:49.532 Df Flagstone[71040:777aa] [com.apple.UIKit:EventDispatch] Sending UIEvent type: 0; subtype: 0; to windows: 1
2026-08-21 01:58:49.532 Df Flagstone[71040:777aa] [com.apple.UIKit:EventDispatch] Sending UIEvent type: 0; subtype: 0; to window: <UIWindow: 0x104dc8400>; contextId: 0xDFCEDB28
2026-08-21 01:58:49.533 A  Flagstone[71040:777aa] (UIKitCore) send gesture actions
2026-08-21 01:58:49.533 A  Flagstone[71040:777aa] (UIKitCore) send gesture actions
2026-08-21 01:58:49.549 Df Flagstone[71040:777aa] [com.apple.UIKit:EventDispatch] Evaluating dispatch of UIEvent: 0x104d42d00; type: 0; subtype: 0; backing type: 11; shouldSend: 1; ignoreInteractionEvents: 0, systemGestureStateChange: 0
2026-08-21 01:58:49.549 Df Flagstone[71040:777aa] [com.apple.UIKit:EventDispatch] Sending UIEvent type: 0; subtype: 0; to windows: 1
2026-08-21 01:58:49.549 Df Flagstone[71040:777aa] [com.apple.UIKit:EventDispatch] Sending UIEvent type: 0; subtype: 0; to window: <UIWindow: 0x104dc8400>; contextId: 0xDFCEDB28
2026-08-21 01:58:49.549 A  Flagstone[71040:777aa] (UIKitCore) send gesture actions
2026-08-21 01:58:49.549 A  Flagstone[71040:777aa] (UIKitCore) send gesture actions
2026-08-21 01:58:49.565 Df Flagstone[71040:777aa] [com.apple.UIKit:EventDispatch] Evaluating dispatch of UIEvent: 0x104d42d00; type: 0; subtype: 0; backing type: 11; shouldSend: 1; ignoreInteractionEvents: 0, systemGestureStateChange: 0
2026-08-21 01:58:49.565 Df Flagstone[71040:777aa] [com.apple.UIKit:EventDispatch] Sending UIEvent type: 0; subtype: 0; to windows: 1
2026-08-21 01:58:49.566 Df Flagstone[71040:777aa] [com.apple.UIKit:EventDispatch] Sending UIEvent type: 0; subtype: 0; to window: <UIWindow: 0x104dc8400>; contextId: 0xDFCEDB28
2026-08-21 01:58:49.566 A  Flagstone[71040:777aa] (UIKitCore) send gesture actions
2026-08-21 01:58:49.566 A  Flagstone[71040:777aa] (UIKitCore) send gesture actions
2026-08-21 01:58:49.600 Df Flagstone[71040:777aa] [com.apple.UIKit:EventDispatch] Evaluating dispatch of UIEvent: 0x104d42d00; type: 0; subtype: 0; backing type: 11; shouldSend: 1; ignoreInteractionEvents: 0, systemGestureStateChange: 0
2026-08-21 01:58:49.600 Df Flagstone[71040:777aa] [com.apple.UIKit:EventDispatch] Sending UIEvent type: 0; subtype: 0; to windows: 1
2026-08-21 01:58:49.601 Df Flagstone[71040:777aa] [com.apple.UIKit:EventDispatch] Sending UIEvent type: 0; subtype: 0; to window: <UIWindow: 0x104dc8400>; contextId: 0xDFCEDB28
2026-08-21 01:58:49.601 A  Flagstone[71040:777aa] (UIKitCore) send gesture actions
2026-08-21 01:58:49.601 A  Flagstone[71040:777aa] (UIKitCore) send gesture actions
2026-08-21 01:58:49.616 Df Flagstone[71040:777aa] [com.apple.UIKit:EventDispatch] Evaluating dispatch of UIEvent: 0x104d42d00; type: 0; subtype: 0; backing type: 11; shouldSend: 1; ignoreInteractionEvents: 0, systemGestureStateChange: 0
2026-08-21 01:58:49.616 Df Flagstone[71040:777aa] [com.apple.UIKit:EventDispatch] Sending UIEvent type: 0; subtype: 0; to windows: 1
2026-08-21 01:58:49.616 Df Flagstone[71040:777aa] [com.apple.UIKit:EventDispatch] Sending UIEvent type: 0; subtype: 0; to window: <UIWindow: 0x104dc8400>; contextId: 0xDFCEDB28
2026-08-21 01:58:49.619 A  Flagstone[71040:777aa] (UIKitCore) send gesture actions
2026-08-21 01:58:49.620 A  Flagstone[71040:777aa] (UIKitCore) send gesture actions
2026-08-21 01:58:49.633 Df Flagstone[71040:777aa] [com.apple.UIKit:EventDispatch] Evaluating dispatch of UIEvent: 0x104d42d00; type: 0; subtype: 0; backing type: 11; shouldSend: 1; ignoreInteractionEvents: 0, systemGestureStateChange: 0
2026-08-21 01:58:49.633 Df Flagstone[71040:777aa] [com.apple.UIKit:EventDispatch] Sending UIEvent type: 0; subtype: 0; to windows: 1
2026-08-21 01:58:49.634 Df Flagstone[71040:777aa] [com.apple.UIKit:EventDispatch] Sending UIEvent type: 0; subtype: 0; to window: <UIWindow: 0x104dc8400>; contextId: 0xDFCEDB28
2026-08-21 01:58:49.634 A  Flagstone[71040:777aa] (UIKitCore) send gesture actions
2026-08-21 01:58:49.635 A  Flagstone[71040:777aa] (UIKitCore) send gesture actions
2026-08-21 01:58:49.650 Df Flagstone[71040:777aa] [com.apple.UIKit:EventDispatch] Evaluating dispatch of UIEvent: 0x104d42d00; type: 0; subtype: 0; backing type: 11; shouldSend: 1; ignoreInteractionEvents: 0, systemGestureStateChange: 0
2026-08-21 01:58:49.651 Df Flagstone[71040:777aa] [com.apple.UIKit:EventDispatch] Sending UIEvent type: 0; subtype: 0; to windows: 1
2026-08-21 01:58:49.653 Df Flagstone[71040:777aa] [com.apple.UIKit:EventDispatch] Sending UIEvent type: 0; subtype: 0; to window: <UIWindow: 0x104dc8400>; contextId: 0xDFCEDB28
2026-08-21 01:58:49.653 A  Flagstone[71040:777aa] (UIKitCore) send gesture actions
2026-08-21 01:58:49.653 A  Flagstone[71040:777aa] (UIKitCore) send gesture actions
2026-08-21 01:58:49.666 Df Flagstone[71040:777aa] [com.apple.UIKit:EventDispatch] Evaluating dispatch of UIEvent: 0x104d42d00; type: 0; subtype: 0; backing type: 11; shouldSend: 1; ignoreInteractionEvents: 0, systemGestureStateChange: 0
2026-08-21 01:58:49.667 Df Flagstone[71040:777aa] [com.apple.UIKit:EventDispatch] Sending UIEvent type: 0; subtype: 0; to windows: 1
2026-08-21 01:58:49.668 Df Flagstone[71040:777aa] [com.apple.UIKit:EventDispatch] Sending UIEvent type: 0; subtype: 0; to window: <UIWindow: 0x104dc8400>; contextId: 0xDFCEDB28
2026-08-21 01:58:49.668 A  Flagstone[71040:777aa] (UIKitCore) send gesture actions
2026-08-21 01:58:49.668 A  Flagstone[71040:777aa] (UIKitCore) send gesture actions
2026-08-21 01:58:49.683 Df Flagstone[71040:777aa] [com.apple.UIKit:EventDispatch] Evaluating dispatch of UIEvent: 0x104d42d00; type: 0; subtype: 0; backing type: 11; shouldSend: 1; ignoreInteractionEvents: 0, systemGestureStateChange: 0
2026-08-21 01:58:49.683 Df Flagstone[71040:777aa] [com.apple.UIKit:EventDispatch] Sending UIEvent type: 0; subtype: 0; to windows: 1
2026-08-21 01:58:49.683 Df Flagstone[71040:777aa] [com.apple.UIKit:EventDispatch] Sending UIEvent type: 0; subtype: 0; to window: <UIWindow: 0x104dc8400>; contextId: 0xDFCEDB28
2026-08-21 01:58:49.684 A  Flagstone[71040:777aa] (UIKitCore) send gesture actions
2026-08-21 01:58:49.684 A  Flagstone[71040:777aa] (UIKitCore) send gesture actions
2026-08-21 01:58:49.701 Df Flagstone[71040:777aa] [com.apple.UIKit:EventDispatch] Evaluating dispatch of UIEvent: 0x104d42d00; type: 0; subtype: 0; backing type: 11; shouldSend: 1; ignoreInteractionEvents: 0, systemGestureStateChange: 0
2026-08-21 01:58:49.702 Df Flagstone[71040:777aa] [com.apple.UIKit:EventDispatch] Sending UIEvent type: 0; subtype: 0; to windows: 1
2026-08-21 01:58:49.702 Df Flagstone[71040:777aa] [com.apple.UIKit:EventDispatch] Sending UIEvent type: 0; subtype: 0; to window: <UIWindow: 0x104dc8400>; contextId: 0xDFCEDB28
2026-08-21 01:58:49.704 A  Flagstone[71040:777aa] (UIKitCore) send gesture actions
2026-08-21 01:58:49.704 A  Flagstone[71040:777aa] (UIKitCore) send gesture actions
2026-08-21 01:58:49.715 Df Flagstone[71040:777aa] [com.apple.UIKit:EventDispatch] Evaluating dispatch of UIEvent: 0x104d42d00; type: 0; subtype: 0; backing type: 11; shouldSend: 1; ignoreInteractionEvents: 0, systemGestureStateChange: 0
2026-08-21 01:58:49.716 Df Flagstone[71040:777aa] [com.apple.UIKit:EventDispatch] Sending UIEvent type: 0; subtype: 0; to windows: 1
2026-08-21 01:58:49.716 Df Flagstone[71040:777aa] [com.apple.UIKit:EventDispatch] Sending UIEvent type: 0; subtype: 0; to window: <UIWindow: 0x104dc8400>; contextId: 0xDFCEDB28
2026-08-21 01:58:49.716 A  Flagstone[71040:777aa] (UIKitCore) send gesture actions
2026-08-21 01:58:49.717 A  Flagstone[71040:777aa] (UIKitCore) send gesture actions
2026-08-21 01:58:49.732 Df Flagstone[71040:777aa] [com.apple.UIKit:EventDispatch] Evaluating dispatch of UIEvent: 0x104d42d00; type: 0; subtype: 0; backing type: 11; shouldSend: 1; ignoreInteractionEvents: 0, systemGestureStateChange: 0
2026-08-21 01:58:49.736 Df Flagstone[71040:777aa] [com.apple.UIKit:EventDispatch] Sending UIEvent type: 0; subtype: 0; to windows: 1
2026-08-21 01:58:49.736 Df Flagstone[71040:777aa] [com.apple.UIKit:EventDispatch] Sending UIEvent type: 0; subtype: 0; to window: <UIWindow: 0x104dc8400>; contextId: 0xDFCEDB28
2026-08-21 01:58:49.737 A  Flagstone[71040:777aa] (UIKitCore) send gesture actions
2026-08-21 01:58:49.737 A  Flagstone[71040:777aa] (UIKitCore) send gesture actions
2026-08-21 01:58:49.766 Df Flagstone[71040:777aa] [com.apple.UIKit:EventDispatch] Evaluating dispatch of UIEvent: 0x104d42d00; type: 0; subtype: 0; backing type: 11; shouldSend: 1; ignoreInteractionEvents: 0, systemGestureStateChange: 0
2026-08-21 01:58:49.766 Df Flagstone[71040:777aa] [com.apple.UIKit:EventDispatch] Sending UIEvent type: 0; subtype: 0; to windows: 1
2026-08-21 01:58:49.766 Df Flagstone[71040:777aa] [com.apple.UIKit:EventDispatch] Sending UIEvent type: 0; subtype: 0; to window: <UIWindow: 0x104dc8400>; contextId: 0xDFCEDB28
2026-08-21 01:58:49.766 A  Flagstone[71040:777aa] (UIKitCore) send gesture actions
2026-08-21 01:58:49.766 A  Flagstone[71040:777aa] (UIKitCore) send gesture actions
2026-08-21 01:58:49.784 Df Flagstone[71040:777aa] [com.apple.UIKit:EventDispatch] Evaluating dispatch of UIEvent: 0x104d42d00; type: 0; subtype: 0; backing type: 11; shouldSend: 1; ignoreInteractionEvents: 0, systemGestureStateChange: 0
2026-08-21 01:58:49.784 Df Flagstone[71040:777aa] [com.apple.UIKit:EventDispatch] Sending UIEvent type: 0; subtype: 0; to windows: 1
2026-08-21 01:58:49.784 Df Flagstone[71040:777aa] [com.apple.UIKit:EventDispatch] Sending UIEvent type: 0; subtype: 0; to window: <UIWindow: 0x104dc8400>; contextId: 0xDFCEDB28
2026-08-21 01:58:49.785 A  Flagstone[71040:777aa] (UIKitCore) send gesture actions
2026-08-21 01:58:49.785 A  Flagstone[71040:777aa] (UIKitCore) send gesture actions
2026-08-21 01:58:49.799 Df Flagstone[71040:777aa] [com.apple.UIKit:EventDispatch] Evaluating dispatch of UIEvent: 0x104d42d00; type: 0; subtype: 0; backing type: 11; shouldSend: 1; ignoreInteractionEvents: 0, systemGestureStateChange: 0
2026-08-21 01:58:49.799 Df Flagstone[71040:777aa] [com.apple.UIKit:EventDispatch] Sending UIEvent type: 0; subtype: 0; to windows: 1
2026-08-21 01:58:49.799 Df Flagstone[71040:777aa] [com.apple.UIKit:EventDispatch] Sending UIEvent type: 0; subtype: 0; to window: <UIWindow: 0x104dc8400>; contextId: 0xDFCEDB28
2026-08-21 01:58:49.800 A  Flagstone[71040:777aa] (UIKitCore) send gesture actions
2026-08-21 01:58:49.800 A  Flagstone[71040:777aa] (UIKitCore) send gesture actions
2026-08-21 01:58:49.816 Df Flagstone[71040:777aa] [com.apple.UIKit:EventDispatch] Evaluating dispatch of UIEvent: 0x104d42d00; type: 0; subtype: 0; backing type: 11; shouldSend: 1; ignoreInteractionEvents: 0, systemGestureStateChange: 0
2026-08-21 01:58:49.816 Df Flagstone[71040:777aa] [com.apple.UIKit:EventDispatch] Sending UIEvent type: 0; subtype: 0; to windows: 1
2026-08-21 01:58:49.816 Df Flagstone[71040:777aa] [com.apple.UIKit:EventDispatch] Sending UIEvent type: 0; subtype: 0; to window: <UIWindow: 0x104dc8400>; contextId: 0xDFCEDB28
2026-08-21 01:58:49.817 A  Flagstone[71040:777aa] (UIKitCore) send gesture actions
2026-08-21 01:58:49.817 A  Flagstone[71040:777aa] (UIKitCore) send gesture actions
2026-08-21 01:58:49.819 Df Flagstone[71040:777aa] [com.apple.UIKit:UIPointerArbiter] Ignoring endScrollingWithRegion: <UIPointerRegion: 0x12053cb40; rect = (0 0; 390 844); identifier = UIScrollView.scrollingPointerRegion> because scrollingRegion does not match: (null)
2026-08-21 01:58:50.116 Df Flagstone[71040:78fd1] [com.apple.dt.xctest:Default] Received request to notify when the main run loop is idle
2026-08-21 01:58:50.116 Df Flagstone[71040:78fd1] [com.apple.dt.xctest:Default] Idle notifier finished setting up run loop observer
2026-08-21 01:58:50.117 Df Flagstone[71040:777aa] [com.apple.dt.xctest:Default] Idle notifier run loop observer fired
2026-08-21 01:58:50.117 Df Flagstone[71040:777aa] [com.apple.dt.xctest:Default] Sending main run loop idle reply
2026-08-21 01:58:50.122 Df Flagstone[71040:78fd1] [com.apple.dt.xctest:Default] Received request to notify when animations are idle
2026-08-21 01:59:12.239 Df Flagstone[71040:777aa] [com.apple.Accessibility:AXSupportCommon] Read CategoryName: per-app = 1, category name = (null)
2026-08-21 01:59:12.245 Df Flagstone[71040:777aa] [com.apple.Accessibility:AXSupportCommon] Read CategoryName: per-app = 0, category name = UICTContentSizeCategoryM
2026-08-21 01:59:12.265 Df Flagstone[71040:777aa] [com.apple.UIKit:InterfaceStyle] Not push traits update to screen for new style 1, <UIWindowScene: 0x108094600> (AE1D67B8-6BBD-4698-9E3C-597A0C367329)
2026-08-21 01:59:12.686 A  Flagstone[71040:777aa] (CoreLocation) CL: CLLocationManager
2026-08-21 01:59:12.686 Df Flagstone[71040:777aa] [com.apple.locationd.Core:Client] {"msg":"CLLocationManager", "event":activity, "_cmd":desiredAccuracy, "self":"0x10de2d3e0"}
2026-08-21 01:59:12.686 A  Flagstone[71040:777aa] (CoreLocation) CL: CLLocationManager
2026-08-21 01:59:12.686 Df Flagstone[71040:777aa] [com.apple.locationd.Core:Client] {"msg":"CLLocationManager", "event":activity, "_cmd":desiredAccuracy, "self":"0x10de2d3e0"}
2026-08-21 01:59:12.888 Df Flagstone[71040:78fd1] [com.apple.xpc:connection] [0x104f58000] invalidated because the client process (pid 40118) either cancelled the connection or exited
2026-08-21 01:59:12.912 Df Flagstone[71040:78fd1] [com.apple.dt.xctest:Default] Connection from client with pid 40118 was invalidated.
2026-08-21 01:59:12.914 Df Flagstone[71040:796dd] [com.apple.locationd.Core:Client] {"msg":"#CLLocationManager invoking #delegate", "self":"0x10de2d3e0", "delegate":"0x1198c8fc0", "selector":locationManagerDidChangeAuthorization:, "authorizationStatus":2, "limitsPrecision":1, "isAuthorizedForWidgetUpdates":0}
2026-08-21 01:59:12.914 A  Flagstone[71040:796dd] (CoreLocation) CL: CLLocationManager
2026-08-21 01:59:12.914 Df Flagstone[71040:796dd] [com.apple.locationd.Core:Client] {"msg":"CLLocationManager", "event":activity, "_cmd":desiredAccuracy, "self":"0x10de2d3e0"}
2026-08-21 01:59:12.914 A  Flagstone[71040:796dd] (CoreLocation) CL: CLLocationManager
2026-08-21 01:59:12.914 Df Flagstone[71040:796dd] [com.apple.locationd.Core:Client] {"msg":"CLLocationManager", "event":activity, "_cmd":desiredAccuracy, "self":"0x10de2d3e0"}
2026-08-21 01:59:12.915 A  Flagstone[71040:777aa] (CoreLocation) CL: CLLocationManager
2026-08-21 01:59:12.915 Df Flagstone[71040:777aa] [com.apple.locationd.Core:Client] {"msg":"CLLocationManager", "event":activity, "_cmd":desiredAccuracy, "self":"0x10de2d3e0"}
2026-08-21 01:59:12.915 A  Flagstone[71040:777aa] (CoreLocation) CL: CLLocationManager
2026-08-21 01:59:12.915 Df Flagstone[71040:777aa] [com.apple.locationd.Core:Client] {"msg":"CLLocationManager", "event":activity, "_cmd":desiredAccuracy, "self":"0x10de2d3e0"}
2026-08-21 01:59:12.915 A  Flagstone[71040:777aa] (CoreLocation) CL: CLLocationManager
2026-08-21 01:59:12.915 Df Flagstone[71040:777aa] [com.apple.locationd.Core:Client] {"msg":"CLLocationManager", "event":activity, "_cmd":desiredAccuracy, "self":"0x10de2d3e0"}
2026-08-21 01:59:12.915 A  Flagstone[71040:777aa] (CoreLocation) CL: CLLocationManager
2026-08-21 01:59:12.915 Df Flagstone[71040:777aa] [com.apple.locationd.Core:Client] {"msg":"CLLocationManager", "event":activity, "_cmd":desiredAccuracy, "self":"0x10de2d3e0"}
2026-08-21 01:59:12.953 Df Flagstone[71040:796dd] [com.apple.dt.automationmode:Default] Handling posted change notification (com.apple.dt.automationmode.state-changed)
2026-08-21 01:59:12.953 Df Flagstone[71040:796dd] [com.apple.dt.automationmode:Default] XAM shared observer connecting to com.apple.dt.automationmode.reader
2026-08-21 01:59:12.953 Df Flagstone[71040:796dd] [com.apple.xpc:connection] [0x126c5db80] activating connection: mach=true listener=false peer=false name=com.apple.dt.automationmode.reader
2026-08-21 01:59:12.954 Df Flagstone[71040:796dd] [com.apple.xpc:connection] [0x126c5db80] invalidated because the current process cancelled the connection by calling xpc_connection_cancel()
2026-08-21 01:59:12.955 Df Flagstone[71040:796dd] [com.apple.dt.automationmode:Default] Comparing previous enabled state (1) to current enabled state (0)
2026-08-21 01:59:12.955 Df Flagstone[71040:796dd] [com.apple.dt.xctest:Default] Automation Mode has been disabled, existing connections will be invalidated.
Child process terminated with signal 15: Terminated
