env: load .env
env: export EXPO_PUBLIC_SUPABASE_URL EXPO_PUBLIC_SUPABASE_ANON_KEY
- Creating native directory (./ios)
✔ Created native directory
- Updating package.json
✔ Updated package.json | no changes
- Running prebuild
✔ Finished prebuild
- Installing CocoaPods...
> pod install
- Installing CocoaPods...
Using Expo modules
[34m[Expo] [0mEnabling modular headers for pod [32mExpoModulesCore[0m
[34m[Expo] [0mEnabling modular headers for pod [32mReact-RCTAppDelegate[0m
[34m[Expo] [0mEnabling modular headers for pod [32mReact-RCTFabric[0m
[34m[Expo] [0mEnabling modular headers for pod [32mReactAppDependencyProvider[0m
[34m[Expo] [0mEnabling modular headers for pod [32mReact-Core[0m
[34m[Expo] [0mEnabling modular headers for pod [32mReactCodegen[0m
[34m[Expo] [0mEnabling modular headers for pod [32mRCTRequired[0m
[34m[Expo] [0mEnabling modular headers for pod [32mRCTTypeSafety[0m
[34m[Expo] [0mEnabling modular headers for pod [32mReactCommon[0m
[34m[Expo] [0mEnabling modular headers for pod [32mReact-NativeModulesApple[0m
[34m[Expo] [0mEnabling modular headers for pod [32mYoga[0m
[34m[Expo] [0mEnabling modular headers for pod [32mReact-Fabric[0m
[34m[Expo] [0mEnabling modular headers for pod [32mReact-graphics[0m
[34m[Expo] [0mEnabling modular headers for pod [32mReact-utils[0m
[34m[Expo] [0mEnabling modular headers for pod [32mReact-featureflags[0m
[34m[Expo] [0mEnabling modular headers for pod [32mReact-debug[0m
[34m[Expo] [0mEnabling modular headers for pod [32mReact-ImageManager[0m
[34m[Expo] [0mEnabling modular headers for pod [32mReact-rendererdebug[0m
[34m[Expo] [0mEnabling modular headers for pod [32mReact-jsi[0m
[34m[Expo] [0mEnabling modular headers for pod [32mReact-renderercss[0m
[34m[Expo] [0mEnabling modular headers for pod [32mhermes-engine[0m
[34m[Expo] [0mEnabling modular headers for pod [32mglog[0m
[34m[Expo] [0mEnabling modular headers for pod [32mboost[0m
[34m[Expo] [0mEnabling modular headers for pod [32mDoubleConversion[0m
[34m[Expo] [0mEnabling modular headers for pod [32mfast_float[0m
[34m[Expo] [0mEnabling modular headers for pod [32mfmt[0m
[34m[Expo] [0mEnabling modular headers for pod [32mRCT-Folly[0m
[34m[Expo] [0mEnabling modular headers for pod [32mSocketRocket[0m
[34m[Expo] [0mEnabling modular headers for pod [32mexpo-dev-menu-interface[0m
[34m[Expo] [0mEnabling modular headers for pod [32mEXManifests[0m
[34m[Expo] [0mEnabling modular headers for pod [32mEXUpdatesInterface[0m
[34m[Expo] [0mEnabling modular headers for pod [32mexpo-dev-menu[0m
[34m[Expo] [0mEnabling modular headers for pod [32mReact-jsinspector[0m
[34m[Expo] [0mEnabling modular headers for pod [32mexpo-dev-launcher[0m
[34m[Expo] [0mEnabling modular headers for pod [32mEXImageLoader[0m
[34m[Expo] [0mEnabling modular headers for pod [32mSDWebImageWebPCoder[0m
Found 7 modules for target `Flagstone`
link_native_modules! {ios_packages: [{configurations: [], name: "@react-native-async-storage/async-storage", root: "/Users/skypie/AccessMap-deep-audit-20260902-b33/node_modules/@react-native-async-storage/async-storage", path: "../node_modules/@react-native-async-storage/async-storage", podspec_path: "/Users/skypie/AccessMap-deep-audit-20260902-b33/node_modules/@react-native-async-storage/async-storage/RNCAsyncStorage.podspec", script_phases: []}, {configurations: [], name: "expo", root: "/Users/skypie/AccessMap-deep-audit-20260902-b33/node_modules/expo", path: "../node_modules/expo", podspec_path: "/Users/skypie/AccessMap-deep-audit-20260902-b33/node_modules/expo/Expo.podspec", script_phases: []}, {configurations: [], name: "react-native-gesture-handler", root: "/Users/skypie/AccessMap-deep-audit-20260902-b33/node_modules/react-native-gesture-handler", path: "../node_modules/react-native-gesture-handler", podspec_path: "/Users/skypie/AccessMap-deep-audit-20260902-b33/node_modules/react-native-gesture-handler/RNGestureHandler.podspec", script_phases: []}, {configurations: [], name: "react-native-maps", root: "/Users/skypie/AccessMap-deep-audit-20260902-b33/node_modules/react-native-maps", path: "../node_modules/react-native-maps", podspec_path: "/Users/skypie/AccessMap-deep-audit-20260902-b33/node_modules/react-native-maps/react-native-maps.podspec", script_phases: []}, {configurations: [], name: "react-native-safe-area-context", root: "/Users/skypie/AccessMap-deep-audit-20260902-b33/node_modules/react-native-safe-area-context", path: "../node_modules/react-native-safe-area-context", podspec_path: "/Users/skypie/AccessMap-deep-audit-20260902-b33/node_modules/react-native-safe-area-context/react-native-safe-area-context.podspec", script_phases: []}, {configurations: [], name: "react-native-screens", root: "/Users/skypie/AccessMap-deep-audit-20260902-b33/node_modules/react-native-screens", path: "../node_modules/react-native-screens", podspec_path: "/Users/skypie/AccessMap-deep-audit-20260902-b33/node_modules/react-native-screens/RNScreens.podspec", script_phases: []}, {configurations: [], name: "react-native-svg", root: "/Users/skypie/AccessMap-deep-audit-20260902-b33/node_modules/react-native-svg", path: "../node_modules/react-native-svg", podspec_path: "/Users/skypie/AccessMap-deep-audit-20260902-b33/node_modules/react-native-svg/RNSVG.podspec", script_phases: []}], ios_project_root_path: "/Users/skypie/AccessMap-deep-audit-20260902-b33/ios", react_native_path: "../node_modules/react-native"}
Auto-linking React Native modules for target `Flagstone`: RNCAsyncStorage, RNGestureHandler, RNSVG, RNScreens, react-native-maps, and react-native-safe-area-context
Framework build type is static library
[32m[ReactNativeDependencies] Setting up ReactNativeDependencies...[0m
[32m[ReactNativeDependencies] Building from source: true[0m
[32m[ReactNativeDependencies] Source: [0m
[32m[ReactNativeCore] Setting up ReactNativeCore...[0m
[32m[ReactNativeCore] Building from source: true[0m
[32m[ReactNativeCore] Source: [0m
Configuring the target with the Legacy Architecture
[36m[1m[Codegen][0m Analyzing /Users/skypie/AccessMap-deep-audit-20260902-b33/package.json[0m
[36m[1m[Codegen][0m [33mSearching for codegen-enabled libraries in the app.[0m
[36m[1m[Codegen][0m [33mThe "codegenConfig" field is not defined in package.json. Assuming there is nothing to generate at the app level.[0m
[36m[1m[Codegen][0m [33mSearching for codegen-enabled libraries in react-native.config.js[0m
[36m[1m[Codegen][0m Found @react-native-async-storage/async-storage[0m
[36m[1m[Codegen][0m Found react-native-gesture-handler[0m
[36m[1m[Codegen][0m Found react-native-safe-area-context[0m
[36m[1m[Codegen][0m Found react-native-screens[0m
[36m[1m[Codegen][0m Found react-native-svg[0m
[36m[1m[Codegen][0m Processing rnasyncstorage[0m
[36m[1m[Codegen][0m [33mSearching for podspec in the project dependencies.[0m
[36m[1m[Codegen][0m Supported Apple platforms: ios, macos, tvos, visionos for rnasyncstorage[0m
[36m[1m[Codegen][0m Processing rngesturehandler_codegen[0m
[36m[1m[Codegen][0m [33mSearching for podspec in the project dependencies.[0m
[36m[1m[Codegen][0m Supported Apple platforms: ios, macos, tvos, visionos for rngesturehandler_codegen[0m
[36m[1m[Codegen][0m Processing safeareacontext[0m
[36m[1m[Codegen][0m [33mSearching for podspec in the project dependencies.[0m
[36m[1m[Codegen][0m Supported Apple platforms: ios, macos, tvos, visionos for safeareacontext[0m
[36m[1m[Codegen][0m Processing rnscreens[0m
[36m[1m[Codegen][0m [33mSearching for podspec in the project dependencies.[0m
[36m[1m[Codegen][0m Supported Apple platforms: ios, tvos, visionos for rnscreens[0m
[36m[1m[Codegen][0m Processing rnsvg[0m
[36m[1m[Codegen][0m [33mSearching for podspec in the project dependencies.[0m
[36m[1m[Codegen][0m Supported Apple platforms: ios, macos, tvos, visionos for rnsvg[0m
[36m[1m[Codegen][0m Generating Native Code for rnasyncstorage - ios[0m
[36m[1m[Codegen][0m Generated artifacts: /Users/skypie/AccessMap-deep-audit-20260902-b33/ios/build/generated/ios[0m
[36m[1m[Codegen][0m Generating Native Code for rngesturehandler_codegen - ios[0m
[36m[1m[Codegen][0m Generated artifacts: /Users/skypie/AccessMap-deep-audit-20260902-b33/ios/build/generated/ios[0m
[36m[1m[Codegen][0m Generating Native Code for safeareacontext - ios[0m
[36m[1m[Codegen][0m Generated artifacts: /Users/skypie/AccessMap-deep-audit-20260902-b33/ios/build/generated/ios[0m
[36m[1m[Codegen][0m Generating Native Code for rnscreens - ios[0m
[36m[1m[Codegen][0m Generated artifacts: /Users/skypie/AccessMap-deep-audit-20260902-b33/ios/build/generated/ios[0m
[36m[1m[Codegen][0m Generating Native Code for rnsvg - ios[0m
[36m[1m[Codegen][0m Generated artifacts: /Users/skypie/AccessMap-deep-audit-20260902-b33/ios/build/generated/ios[0m
[36m[1m[Codegen][0m Generating RCTThirdPartyComponentsProvider.h[0m
[36m[1m[Codegen][0m Generated artifact: /Users/skypie/AccessMap-deep-audit-20260902-b33/ios/build/generated/ios/RCTThirdPartyComponentsProvider.h[0m
[36m[1m[Codegen][0m Generating RCTThirdPartyComponentsProvider.mm[0m
[36m[1m[Codegen][0m Generated artifact: /Users/skypie/AccessMap-deep-audit-20260902-b33/ios/build/generated/ios/RCTThirdPartyComponentsProvider.mm[0m
[36m[1m[Codegen][0m Generating RCTModulesProvider.h[0m
[36m[1m[Codegen][0m Generated artifact: /Users/skypie/AccessMap-deep-audit-20260902-b33/ios/build/generated/ios/RCTModuleProviders.h[0m
[36m[1m[Codegen][0m Generating RCTModuleProviders.mm[0m
[36m[1m[Codegen][0m Generated artifact: /Users/skypie/AccessMap-deep-audit-20260902-b33/ios/build/generated/ios/RCTModuleProviders.mm[0m
[36m[1m[Codegen][0m Generating RCTAppDependencyProvider[0m
[36m[1m[Codegen][0m Generated artifact: /Users/skypie/AccessMap-deep-audit-20260902-b33/ios/build/generated/ios/RCTAppDependencyProvider.h[0m
[36m[1m[Codegen][0m Generated artifact: /Users/skypie/AccessMap-deep-audit-20260902-b33/ios/build/generated/ios/RCTAppDependencyProvider.mm[0m
[36m[1m[Codegen][0m Generated podspec: /Users/skypie/AccessMap-deep-audit-20260902-b33/ios/build/generated/ios/ReactAppDependencyProvider.podspec[0m
[36m[1m[Codegen][0m Generated podspec: /Users/skypie/AccessMap-deep-audit-20260902-b33/ios/build/generated/ios/ReactCodegen.podspec[0m
[36m[1m[Codegen][0m [33mDone.[0m
Analyzing dependencies
Fetching podspec for `DoubleConversion` from `../node_modules/react-native/third-party-podspecs/DoubleConversion.podspec`
Fetching podspec for `RCT-Folly` from `../node_modules/react-native/third-party-podspecs/RCT-Folly.podspec`
Fetching podspec for `boost` from `../node_modules/react-native/third-party-podspecs/boost.podspec`
Fetching podspec for `fast_float` from `../node_modules/react-native/third-party-podspecs/fast_float.podspec`
Fetching podspec for `fmt` from `../node_modules/react-native/third-party-podspecs/fmt.podspec`
Fetching podspec for `glog` from `../node_modules/react-native/third-party-podspecs/glog.podspec`
Fetching podspec for `hermes-engine` from `../node_modules/react-native/sdks/hermes-engine/hermes-engine.podspec`
[33m[Hermes] Using release tarball from URL: https://repo1.maven.org/maven2/com/facebook/react/react-native-artifacts/0.81.5/react-native-artifacts-0.81.5-hermes-ios-debug.tar.gz[0m
Downloading dependencies
[32mInstalling DoubleConversion (1.1.6)[0m
[32mInstalling EXApplication (7.0.8)[0m
[32mInstalling EXConstants (18.0.13)[0m
[32mInstalling EXImageLoader (6.0.0)[0m
[32mInstalling EXJSONUtils (0.15.0)[0m
[32mInstalling EXManifests (1.0.11)[0m
[32mInstalling EXNotifications (0.32.17)[0m
[32mInstalling EXUpdatesInterface (2.0.0)[0m
[32mInstalling Expo (54.0.35)[0m
[32mInstalling ExpoAsset (12.0.13)[0m
[32mInstalling ExpoBlur (15.0.8)[0m
[32mInstalling ExpoCrypto (15.0.9)[0m
[32mInstalling ExpoFileSystem (19.0.23)[0m
[32mInstalling ExpoFont (14.0.12)[0m
[32mInstalling ExpoHaptics (15.0.8)[0m
[32mInstalling ExpoImageManipulator (14.0.8)[0m
[32mInstalling ExpoImagePicker (17.0.11)[0m
[32mInstalling ExpoKeepAwake (15.0.8)[0m
[32mInstalling ExpoLinearGradient (15.0.8)[0m
[32mInstalling ExpoLocation (19.0.8)[0m
[32mInstalling ExpoModulesCore (3.0.30)[0m
[32mInstalling ExpoSecureStore (15.0.8)[0m
[32mInstalling FBLazyVector (0.81.5)[0m
[32mInstalling RCT-Folly (2024.11.18.00)[0m
[32mInstalling RCTDeprecation (0.81.5)[0m
[32mInstalling RCTRequired (0.81.5)[0m
[32mInstalling RCTTypeSafety (0.81.5)[0m
[32mInstalling RNCAsyncStorage (2.2.0)[0m
[32mInstalling RNGestureHandler (2.28.0)[0m
[32mInstalling RNSVG (15.12.1)[0m
[32mInstalling RNScreens (4.16.0)[0m
[32mInstalling React (0.81.5)[0m
[32mInstalling React-Core (0.81.5)[0m
[32mInstalling React-CoreModules (0.81.5)[0m
[32mInstalling React-Fabric (0.81.5)[0m
[32mInstalling React-FabricComponents (0.81.5)[0m
[32mInstalling React-FabricImage (0.81.5)[0m
[32mInstalling React-ImageManager (0.81.5)[0m
[32mInstalling React-Mapbuffer (0.81.5)[0m
[32mInstalling React-NativeModulesApple (0.81.5)[0m
[32mInstalling React-RCTActionSheet (0.81.5)[0m
[32mInstalling React-RCTAnimation (0.81.5)[0m
[32mInstalling React-RCTAppDelegate (0.81.5)[0m
[32mInstalling React-RCTBlob (0.81.5)[0m
[32mInstalling React-RCTFBReactNativeSpec (0.81.5)[0m
[32mInstalling React-RCTFabric (0.81.5)[0m
[32mInstalling React-RCTImage (0.81.5)[0m
[32mInstalling React-RCTLinking (0.81.5)[0m
[32mInstalling React-RCTNetwork (0.81.5)[0m
[32mInstalling React-RCTRuntime (0.81.5)[0m
[32mInstalling React-RCTSettings (0.81.5)[0m
[32mInstalling React-RCTText (0.81.5)[0m
[32mInstalling React-RCTVibration (0.81.5)[0m
[32mInstalling React-RuntimeApple (0.81.5)[0m
[32mInstalling React-RuntimeCore (0.81.5)[0m
[32mInstalling React-RuntimeHermes (0.81.5)[0m
[32mInstalling React-callinvoker (0.81.5)[0m
[32mInstalling React-cxxreact (0.81.5)[0m
[32mInstalling React-debug (0.81.5)[0m
[32mInstalling React-defaultsnativemodule (0.81.5)[0m
[32mInstalling React-domnativemodule (0.81.5)[0m
[32mInstalling React-featureflags (0.81.5)[0m
[32mInstalling React-featureflagsnativemodule (0.81.5)[0m
[32mInstalling React-graphics (0.81.5)[0m
[32mInstalling React-hermes (0.81.5)[0m
[32mInstalling React-idlecallbacksnativemodule (0.81.5)[0m
[32mInstalling React-jserrorhandler (0.81.5)[0m
[32mInstalling React-jsi (0.81.5)[0m
[32mInstalling React-jsiexecutor (0.81.5)[0m
[32mInstalling React-jsinspector (0.81.5)[0m
[32mInstalling React-jsinspectorcdp (0.81.5)[0m
[32mInstalling React-jsinspectornetwork (0.81.5)[0m
[32mInstalling React-jsinspectortracing (0.81.5)[0m
[32mInstalling React-jsitooling (0.81.5)[0m
[32mInstalling React-jsitracing (0.81.5)[0m
[32mInstalling React-logger (0.81.5)[0m
[32mInstalling React-microtasksnativemodule (0.81.5)[0m
[32mInstalling React-oscompat (0.81.5)[0m
[32mInstalling React-perflogger (0.81.5)[0m
[32mInstalling React-performancetimeline (0.81.5)[0m
[32mInstalling React-rendererconsistency (0.81.5)[0m
[32mInstalling React-renderercss (0.81.5)[0m
[32mInstalling React-rendererdebug (0.81.5)[0m
[32mInstalling React-runtimeexecutor (0.81.5)[0m
[32mInstalling React-runtimescheduler (0.81.5)[0m
[32mInstalling React-timing (0.81.5)[0m
[32mInstalling React-utils (0.81.5)[0m
[32mInstalling ReactAppDependencyProvider (0.81.5)[0m
[32mInstalling ReactCodegen (0.81.5)[0m
[32mInstalling ReactCommon (0.81.5)[0m
[32mInstalling SDWebImage (5.21.7)[0m
[32mInstalling SDWebImageWebPCoder (0.15.0)[0m
[32mInstalling SocketRocket (0.7.1)[0m
[32mInstalling Yoga (0.0.0)[0m
[32mInstalling boost (1.84.0)[0m
[32mInstalling expo-dev-client (6.0.21)[0m
[32mInstalling expo-dev-launcher (6.0.21)[0m
[32mInstalling expo-dev-menu (7.0.19)[0m
[32mInstalling expo-dev-menu-interface (2.0.0)[0m
[32mInstalling fast_float (8.0.0)[0m
[32mInstalling fmt (11.0.2)[0m
[32mInstalling glog (0.3.5)[0m
[32mInstalling hermes-engine (0.81.5)[0m
[32mInstalling libwebp (1.5.0)[0m
[32mInstalling react-native-maps (1.20.1)[0m
[32mInstalling react-native-safe-area-context (5.6.2)[0m
Generating Pods project
Setting USE_HERMES build settings
Setting REACT_NATIVE_PATH build settings
Setting SWIFT_ACTIVE_COMPILATION_CONDITIONS build settings
[Ccache]: Removing Ccache from CC, LD, CXX & LDPLUSPLUS build settings
[SPM] Cleaning old SPM dependencies from Pods project
[SPM] Adding SPM dependencies to Pods project
[Privacy Manifest Aggregation] Appending aggregated reasons to existing PrivacyInfo.xcprivacy file.
[Privacy Manifest Aggregation] Reading .xcprivacy files to aggregate all used Required Reason APIs.
Setting CLANG_CXX_LANGUAGE_STANDARD to c++20 on /Users/skypie/AccessMap-deep-audit-20260902-b33/ios/Flagstone.xcodeproj

[33m==================== DEPRECATION NOTICE =====================[0m
[33mCalling `pod install` directly is deprecated in React Native[0m
[33mbecause we are moving away from Cocoapods toward alternative[0m
[33msolutions to build the project.[0m
[33m* If you are using Expo, please run:[0m
[33m`npx expo run:ios`[0m
[33m* If you are using the Community CLI, please run:[0m
[33m`yarn ios`[0m
[33m=============================================================[0m

[32mPod install took 13 [s] to run[0m
Integrating client project
[32m
[!] Please close any current Xcode sessions and use `Flagstone.xcworkspace` for this project from now on.[0m
[34m[Expo] [0mInstalling the build script for target [32mFlagstone[0m
[32mPod installation complete! There are 104 dependencies from the Podfile and 106 total pods installed.[0m
[34m[Expo] [0mAdding '[Expo Autolinking] Run Codegen with autolinking' build phase to ReactCodegen
✔ Installed CocoaPods
Unexpected devicectl JSON version output from devicectl. Connecting to physical Apple devices may not work as expected.
› Using --device FAA0564B-6024-47B7-B1FF-C966A59721DD
Starting Metro Bundler
iOS node_modules/expo/AppEntry.js ░░░░░░░░░░░░░░░░  0.0% (0/1)
iOS node_modules/expo/AppEntry.js ▓▓▓▓▓▓▓▓▓▓▓▓▓▓░░ 88.0% ( 946/1035)
iOS node_modules/expo/AppEntry.js ▓▓▓▓▓▓▓▓▓▓▓▓▓▓▓░ 99.6% (1472/1475)
iOS Bundled 9947ms node_modules/expo/AppEntry.js (1557 modules)
Writing bundle output to: /var/folders/mw/t168n0fn6dg8n35vq6c__chr0000gn/T/lxyvjh6uce/main.jsbundle
Copying 24 asset files
Done writing bundle output
› Auto signing app using team(s): S78F8ZA8QU
› Planning build
› Executing react-native Pods/hermes-engine » [CP-User] [Hermes] Replace Hermes for the right configuration, if needed
› Preparing Pods/react-native-maps-ReactNativeMapsPrivacy » ResourceBundle-ReactNativeMapsPrivacy-react-native-maps-Info.plist
› Copying   ../Library/Developer/Xcode/DerivedData/Flagstone-bxiulfhbbzyculedfaeyflzgjiot/Build/Products/Release-iphonesimulator/react-native-maps/ReactNativeMapsPrivacy.bundle/PrivacyInfo.xcprivacy ➜ node_modules/react-native-maps/ios/PrivacyInfo.xcprivacy
› Preparing Pods/glog-glog_privacy » ResourceBundle-glog_privacy-glog-Info.plist
› Compiling expo-image-manipulator Pods/libwebp » sharpyuv_csp.c
› Compiling expo-image-manipulator Pods/libwebp » yuv_sse41.c
› Compiling expo-image-manipulator Pods/libwebp » yuv_neon.c
› Compiling expo-image-manipulator Pods/libwebp » yuv_mips_dsp_r2.c
› Compiling expo-image-manipulator Pods/libwebp » yuv_mips32.c
› Compiling expo-image-manipulator Pods/libwebp » upsampling_sse41.c
› Compiling expo-image-manipulator Pods/libwebp » upsampling_neon.c
› Compiling expo-image-manipulator Pods/libwebp » upsampling_msa.c
› Compiling expo-image-manipulator Pods/libwebp » upsampling_mips_dsp_r2.c
› Compiling expo-image-manipulator Pods/libwebp » upsampling.c
› Compiling expo-image-manipulator Pods/libwebp » tree_enc.c
› Compiling expo-image-manipulator Pods/libwebp » tree_dec.c
› Compiling expo-image-manipulator Pods/libwebp » thread_utils.c
› Compiling expo-image-manipulator Pods/libwebp » syntax_enc.c
› Compiling expo-image-manipulator Pods/libwebp » sharpyuv_neon.c
› Compiling expo-image-manipulator Pods/libwebp » sharpyuv_gamma.c
› Compiling expo-image-manipulator Pods/libwebp » sharpyuv_cpu.c
› Compiling expo-image-manipulator Pods/libwebp » rescaler_neon.c
› Compiling expo-image-manipulator Pods/libwebp » rescaler_msa.c
› Compiling expo-image-manipulator Pods/libwebp » rescaler_mips_dsp_r2.c
› Compiling expo-image-manipulator Pods/libwebp » rescaler_mips32.c
› Compiling expo-image-manipulator Pods/libwebp » rescaler.c
› Compiling expo-image-manipulator Pods/libwebp » random_utils.c
› Compiling expo-image-manipulator Pods/libwebp » quant_levels_dec_utils.c
› Compiling expo-image-manipulator Pods/libwebp » quant_dec.c
› Compiling expo-image-manipulator Pods/libwebp » picture_tools_enc.c
› Compiling expo-image-manipulator Pods/libwebp » lossless_sse41.c
› Compiling expo-image-manipulator Pods/libwebp » lossless_neon.c
› Compiling expo-image-manipulator Pods/libwebp » lossless_msa.c
› Compiling expo-image-manipulator Pods/libwebp » lossless_mips_dsp_r2.c
› Compiling expo-image-manipulator Pods/libwebp » lossless_enc_sse41.c
› Compiling expo-image-manipulator Pods/libwebp » lossless_enc_neon.c
› Compiling expo-image-manipulator Pods/libwebp » lossless_enc_msa.c
› Compiling expo-image-manipulator Pods/libwebp » lossless_enc_mips_dsp_r2.c
› Compiling expo-image-manipulator Pods/libwebp » iterator_enc.c
› Compiling expo-image-manipulator Pods/libwebp » filters_neon.c
› Compiling expo-image-manipulator Pods/libwebp » filters_msa.c
› Compiling expo-image-manipulator Pods/libwebp » filters_mips_dsp_r2.c
› Compiling expo-image-manipulator Pods/libwebp » filter_enc.c
› Compiling expo-image-manipulator Pods/libwebp » enc_sse41.c
› Compiling expo-image-manipulator Pods/libwebp » enc_neon.c
› Compiling expo-image-manipulator Pods/libwebp » enc_msa.c
› Compiling expo-image-manipulator Pods/libwebp » enc_mips_dsp_r2.c
› Compiling expo-image-manipulator Pods/libwebp » enc_mips32.c
› Compiling expo-image-manipulator Pods/libwebp » dec_sse41.c
› Compiling expo-image-manipulator Pods/libwebp » dec_neon.c
› Compiling expo-image-manipulator Pods/libwebp » dec_msa.c
› Compiling expo-image-manipulator Pods/libwebp » dec_mips_dsp_r2.c
› Compiling expo-image-manipulator Pods/libwebp » dec_mips32.c
› Compiling expo-image-manipulator Pods/libwebp » dec_clip_tables.c
› Compiling expo-image-manipulator Pods/libwebp » dec.c
› Compiling expo-image-manipulator Pods/libwebp » cpu.c
› Compiling expo-image-manipulator Pods/libwebp » cost_neon.c
› Compiling expo-image-manipulator Pods/libwebp » cost_mips_dsp_r2.c
› Compiling expo-image-manipulator Pods/libwebp » cost_mips32.c
› Compiling expo-image-manipulator Pods/libwebp » config_enc.c
› Compiling expo-image-manipulator Pods/libwebp » bit_reader_utils.c
› Compiling expo-image-manipulator Pods/libwebp » anim_decode.c
› Compiling expo-image-manipulator Pods/libwebp » alpha_processing_sse41.c
› Compiling expo-image-manipulator Pods/libwebp » alpha_processing_neon.c
› Compiling expo-image-manipulator Pods/libwebp » alpha_processing_mips_dsp_r2.c
› Compiling expo-image-manipulator Pods/libwebp » alpha_processing.c
› Compiling expo-image-manipulator Pods/libwebp » yuv.c
› Compiling expo-image-manipulator Pods/libwebp » webp_enc.c
› Compiling expo-image-manipulator Pods/libwebp » webp_dec.c
› Compiling expo-image-manipulator Pods/libwebp » vp8l_enc.c
› Compiling expo-image-manipulator Pods/libwebp » vp8l_dec.c
› Compiling expo-image-manipulator Pods/libwebp » vp8_dec.c
› Compiling expo-image-manipulator Pods/libwebp » utils.c
› Compiling expo-image-manipulator Pods/libwebp » token_enc.c
› Compiling expo-image-manipulator Pods/libwebp » ssim.c
› Compiling expo-image-manipulator Pods/libwebp » sharpyuv_dsp.c
› Compiling expo-image-manipulator Pods/libwebp » sharpyuv.c
› Compiling expo-image-manipulator Pods/libwebp » rescaler_utils.c
› Compiling expo-image-manipulator Pods/libwebp » quant_levels_utils.c
› Compiling expo-image-manipulator Pods/libwebp » quant_enc.c
› Compiling expo-image-manipulator Pods/libwebp » predictor_enc.c
› Compiling expo-image-manipulator Pods/libwebp » picture_rescale_enc.c
› Compiling expo-image-manipulator Pods/libwebp » picture_psnr_enc.c
› Compiling expo-image-manipulator Pods/libwebp » picture_enc.c
› Compiling expo-image-manipulator Pods/libwebp » picture_csp_enc.c
› Compiling expo-image-manipulator Pods/libwebp » palette.c
› Compiling expo-image-manipulator Pods/libwebp » near_lossless_enc.c
› Compiling expo-image-manipulator Pods/libwebp » muxread.c
› Compiling expo-image-manipulator Pods/libwebp » muxinternal.c
› Compiling expo-image-manipulator Pods/libwebp » muxedit.c
› Compiling expo-image-manipulator Pods/libwebp » lossless_enc_mips32.c
› Compiling expo-image-manipulator Pods/libwebp » lossless_enc.c
› Compiling expo-image-manipulator Pods/libwebp » lossless.c
› Compiling expo-image-manipulator Pods/libwebp » io_dec.c
› Compiling expo-image-manipulator Pods/libwebp » idec_dec.c
› Compiling expo-image-manipulator Pods/libwebp » huffman_utils.c
› Compiling expo-image-manipulator Pods/libwebp » huffman_encode_utils.c
› Compiling expo-image-manipulator Pods/libwebp » histogram_enc.c
› Compiling expo-image-manipulator Pods/libwebp » frame_enc.c
› Compiling expo-image-manipulator Pods/libwebp » frame_dec.c
› Compiling expo-image-manipulator Pods/libwebp » filters_utils.c
› Compiling expo-image-manipulator Pods/libwebp » filters.c
› Compiling expo-image-manipulator Pods/libwebp » enc.c
› Compiling expo-image-manipulator Pods/libwebp » demux.c
› Compiling expo-image-manipulator Pods/libwebp » cost_enc.c
› Compiling expo-image-manipulator Pods/libwebp » cost.c
› Compiling expo-image-manipulator Pods/libwebp » color_cache_utils.c
› Compiling expo-image-manipulator Pods/libwebp » buffer_dec.c
› Compiling expo-image-manipulator Pods/libwebp » bit_writer_utils.c
› Compiling expo-image-manipulator Pods/libwebp » backward_references_enc.c
› Compiling expo-image-manipulator Pods/libwebp » backward_references_cost_enc.c
› Compiling expo-image-manipulator Pods/libwebp » anim_encode.c
› Compiling expo-image-manipulator Pods/libwebp » analysis_enc.c
› Compiling expo-image-manipulator Pods/libwebp » alpha_enc.c
› Compiling expo-image-manipulator Pods/libwebp » alpha_dec.c
› Compiling expo-image-manipulator Pods/libwebp » yuv_sse41.c
› Compiling expo-image-manipulator Pods/libwebp » yuv_sse2.c
› Compiling expo-image-manipulator Pods/libwebp » yuv_mips_dsp_r2.c
› Compiling expo-image-manipulator Pods/libwebp » yuv_mips32.c
› Compiling expo-image-manipulator Pods/libwebp » upsampling_sse41.c
› Compiling expo-image-manipulator Pods/libwebp » upsampling_sse2.c
› Compiling expo-image-manipulator Pods/libwebp » upsampling_msa.c
› Compiling expo-image-manipulator Pods/libwebp » upsampling_mips_dsp_r2.c
› Compiling expo-image-manipulator Pods/libwebp » upsampling.c
› Compiling expo-image-manipulator Pods/libwebp » tree_enc.c
› Compiling expo-image-manipulator Pods/libwebp » tree_dec.c
› Compiling expo-image-manipulator Pods/libwebp » thread_utils.c
› Compiling expo-image-manipulator Pods/libwebp » syntax_enc.c
› Compiling expo-image-manipulator Pods/libwebp » ssim_sse2.c
› Compiling expo-image-manipulator Pods/libwebp » sharpyuv_sse2.c
› Compiling expo-image-manipulator Pods/libwebp » yuv_sse2.c
› Compiling expo-image-manipulator Pods/libwebp » upsampling_sse2.c
› Compiling expo-image-manipulator Pods/libwebp » ssim_sse2.c
› Compiling expo-image-manipulator Pods/libwebp » sharpyuv_sse2.c
› Compiling expo-image-manipulator Pods/libwebp » rescaler_sse2.c
› Compiling expo-image-manipulator Pods/libwebp » lossless_sse2.c
› Compiling expo-image-manipulator Pods/libwebp » lossless_enc_sse2.c
› Compiling expo-image-manipulator Pods/libwebp » filters_sse2.c
› Compiling expo-image-manipulator Pods/libwebp » enc_sse2.c
› Compiling expo-image-manipulator Pods/libwebp » dec_sse2.c
› Compiling expo-image-manipulator Pods/libwebp » cost_sse2.c
› Compiling expo-image-manipulator Pods/libwebp » alpha_processing_sse2.c
› Compiling expo-image-manipulator Pods/libwebp » upsampling_neon.c
› Compiling expo-image-manipulator Pods/libwebp » sharpyuv_gamma.c
› Compiling expo-image-manipulator Pods/libwebp » sharpyuv_csp.c
› Compiling expo-image-manipulator Pods/libwebp » yuv_neon.c
› Compiling expo-image-manipulator Pods/libwebp » yuv.c
› Compiling expo-image-manipulator Pods/libwebp » webp_enc.c
› Compiling expo-image-manipulator Pods/libwebp » webp_dec.c
› Compiling expo-image-manipulator Pods/libwebp » vp8l_enc.c
› Compiling expo-image-manipulator Pods/libwebp » vp8l_dec.c
› Compiling expo-image-manipulator Pods/libwebp » vp8_dec.c
› Compiling expo-image-manipulator Pods/libwebp » utils.c
› Compiling expo-image-manipulator Pods/libwebp » token_enc.c
› Compiling expo-image-manipulator Pods/libwebp » ssim.c
› Compiling expo-image-manipulator Pods/libwebp » sharpyuv_neon.c
› Compiling expo-image-manipulator Pods/libwebp » sharpyuv_dsp.c
› Compiling expo-image-manipulator Pods/libwebp » sharpyuv_cpu.c
› Compiling expo-image-manipulator Pods/libwebp » rescaler_sse2.c
› Compiling expo-image-manipulator Pods/libwebp » rescaler_neon.c
› Compiling expo-image-manipulator Pods/libwebp » rescaler_msa.c
› Compiling expo-image-manipulator Pods/libwebp » rescaler_mips_dsp_r2.c
› Compiling expo-image-manipulator Pods/libwebp » sharpyuv.c
› Compiling expo-image-manipulator Pods/libwebp » rescaler_utils.c
› Compiling expo-image-manipulator Pods/libwebp » rescaler_mips32.c
› Compiling expo-image-manipulator Pods/libwebp » rescaler.c
› Compiling expo-image-manipulator Pods/libwebp » random_utils.c
› Compiling expo-image-manipulator Pods/libwebp » quant_levels_utils.c
› Compiling expo-image-manipulator Pods/libwebp » quant_levels_dec_utils.c
› Compiling expo-image-manipulator Pods/libwebp » quant_enc.c
› Compiling expo-image-manipulator Pods/libwebp » quant_dec.c
› Compiling expo-image-manipulator Pods/libwebp » predictor_enc.c
› Compiling expo-image-manipulator Pods/libwebp » picture_tools_enc.c
› Compiling expo-image-manipulator Pods/libwebp » picture_rescale_enc.c
› Compiling expo-image-manipulator Pods/libwebp » picture_psnr_enc.c
› Compiling expo-image-manipulator Pods/libwebp » picture_enc.c
› Compiling expo-image-manipulator Pods/libwebp » picture_csp_enc.c
› Compiling expo-image-manipulator Pods/libwebp » near_lossless_enc.c
› Compiling expo-image-manipulator Pods/libwebp » palette.c
› Compiling expo-image-manipulator Pods/libwebp » muxread.c
› Compiling expo-image-manipulator Pods/libwebp » muxinternal.c
› Compiling expo-image-manipulator Pods/libwebp » muxedit.c
› Compiling expo-image-manipulator Pods/libwebp » lossless_sse41.c
› Compiling expo-image-manipulator Pods/libwebp » lossless_sse2.c
› Compiling expo-image-manipulator Pods/libwebp » lossless_neon.c
› Compiling expo-image-manipulator Pods/libwebp » lossless_msa.c
› Compiling expo-image-manipulator Pods/libwebp » lossless_mips_dsp_r2.c
› Compiling expo-image-manipulator Pods/libwebp » lossless_enc_sse2.c
› Compiling expo-image-manipulator Pods/libwebp » lossless_enc_sse41.c
› Compiling expo-image-manipulator Pods/libwebp » lossless_enc_neon.c
› Compiling expo-image-manipulator Pods/libwebp » lossless_enc_mips_dsp_r2.c
› Compiling expo-image-manipulator Pods/libwebp » lossless_enc_msa.c
› Compiling expo-image-manipulator Pods/libwebp » lossless_enc_mips32.c
› Compiling expo-image-manipulator Pods/libwebp » lossless_enc.c
› Compiling expo-image-manipulator Pods/libwebp » lossless.c
› Compiling expo-image-manipulator Pods/libwebp » io_dec.c
› Compiling expo-image-manipulator Pods/libwebp » iterator_enc.c
› Compiling expo-image-manipulator Pods/libwebp » huffman_utils.c
› Compiling expo-image-manipulator Pods/libwebp » idec_dec.c
› Compiling expo-image-manipulator Pods/libwebp » huffman_encode_utils.c
› Compiling expo-image-manipulator Pods/libwebp » histogram_enc.c
› Compiling expo-image-manipulator Pods/libwebp » frame_enc.c
› Compiling expo-image-manipulator Pods/libwebp » frame_dec.c
› Compiling expo-image-manipulator Pods/libwebp » filters_utils.c
› Compiling expo-image-manipulator Pods/libwebp » filters_sse2.c
› Compiling expo-image-manipulator Pods/libwebp » filters_neon.c
› Compiling expo-image-manipulator Pods/libwebp » filters_mips_dsp_r2.c
› Compiling expo-image-manipulator Pods/libwebp » filters_msa.c
› Compiling expo-image-manipulator Pods/libwebp » filters.c
› Compiling expo-image-manipulator Pods/libwebp » filter_enc.c
› Compiling expo-image-manipulator Pods/libwebp » enc_sse41.c
› Compiling expo-image-manipulator Pods/libwebp » enc_sse2.c
› Compiling expo-image-manipulator Pods/libwebp » enc_msa.c
› Compiling expo-image-manipulator Pods/libwebp » enc_neon.c
› Compiling expo-image-manipulator Pods/libwebp » enc_mips_dsp_r2.c
› Compiling expo-image-manipulator Pods/libwebp » enc_mips32.c
› Compiling expo-image-manipulator Pods/libwebp » enc.c
› Compiling expo-image-manipulator Pods/libwebp » demux.c
› Compiling expo-image-manipulator Pods/libwebp » dec_neon.c
› Compiling expo-image-manipulator Pods/libwebp » dec_sse2.c
› Compiling expo-image-manipulator Pods/libwebp » dec_msa.c
› Compiling expo-image-manipulator Pods/libwebp » dec_sse41.c
› Compiling expo-image-manipulator Pods/libwebp » dec_mips_dsp_r2.c
› Compiling expo-image-manipulator Pods/libwebp » dec_mips32.c
› Compiling expo-image-manipulator Pods/libwebp » dec_clip_tables.c
› Compiling expo-image-manipulator Pods/libwebp » dec.c
› Compiling expo-image-manipulator Pods/libwebp » cpu.c
› Compiling expo-image-manipulator Pods/libwebp » cost_sse2.c
› Compiling expo-image-manipulator Pods/libwebp » cost_mips_dsp_r2.c
› Compiling expo-image-manipulator Pods/libwebp » cost_neon.c
› Compiling expo-image-manipulator Pods/libwebp » cost_mips32.c
› Compiling expo-image-manipulator Pods/libwebp » cost_enc.c
› Compiling expo-image-manipulator Pods/libwebp » cost.c
› Compiling expo-image-manipulator Pods/libwebp » config_enc.c
› Compiling expo-image-manipulator Pods/libwebp » buffer_dec.c
› Compiling expo-image-manipulator Pods/libwebp » color_cache_utils.c
› Compiling expo-image-manipulator Pods/libwebp » bit_writer_utils.c
› Compiling expo-image-manipulator Pods/libwebp » bit_reader_utils.c
› Compiling expo-image-manipulator Pods/libwebp » backward_references_enc.c
› Compiling expo-image-manipulator Pods/libwebp » backward_references_cost_enc.c
› Compiling expo-image-manipulator Pods/libwebp » anim_encode.c
› Compiling expo-image-manipulator Pods/libwebp » anim_decode.c
› Compiling expo-image-manipulator Pods/libwebp » analysis_enc.c
› Compiling expo-image-manipulator Pods/libwebp » alpha_processing_sse41.c
› Compiling expo-image-manipulator Pods/libwebp » alpha_processing_sse2.c
› Compiling expo-image-manipulator Pods/libwebp » alpha_processing_neon.c
› Compiling expo-image-manipulator Pods/libwebp » alpha_processing_mips_dsp_r2.c
› Compiling expo-image-manipulator Pods/libwebp » alpha_processing.c
› Compiling expo-image-manipulator Pods/libwebp » alpha_enc.c
› Compiling expo-image-manipulator Pods/libwebp » alpha_dec.c
› Executing react-native Pods/hermes-engine » [CP] Copy XCFrameworks
› Compiling react-native Pods/glog » vlog_is_on.cc
› Compiling react-native Pods/glog » utilities.cc
› Compiling react-native Pods/glog » symbolize.cc
› Compiling react-native Pods/glog » signalhandler.cc
› Compiling react-native Pods/glog » raw_logging.cc
› Compiling react-native Pods/glog » logging.cc
› Compiling expo-image-manipulator Pods/libwebp » libwebp-dummy.m
› Compiling react-native Pods/glog » demangle.cc
› Packaging expo-image-manipulator Pods/libwebp » liblibwebp.a
› Compiling react-native Pods/glog » vlog_is_on.cc
› Compiling react-native Pods/glog » utilities.cc
› Compiling react-native Pods/glog » symbolize.cc
› Compiling react-native Pods/glog » signalhandler.cc
› Compiling react-native Pods/glog » raw_logging.cc
› Compiling react-native Pods/glog » logging.cc
› Compiling react-native Pods/glog » demangle.cc
› Creating  Pods/react-native-maps-ReactNativeMapsPrivacy » ReactNativeMapsPrivacy.bundle
› Compiling react-native Pods/fmt » format.cc
› Compiling react-native Pods/fmt » format.cc
› Creating  Pods/glog-glog_privacy » glog_privacy.bundle
› Compiling expo-image-manipulator Pods/libwebp » libwebp-dummy.m
› Packaging expo-image-manipulator Pods/libwebp » liblibwebp.a
› Preparing Pods/expo-dev-menu-EXDevMenu » ResourceBundle-EXDevMenu-expo-dev-menu-Info.plist
› Compiling react-native-safe-area-context Pods/react-native-safe-area-context » RNCSafeAreaContext.mm
› Compiling react-native-safe-area-context Pods/react-native-safe-area-context » RNCSafeAreaContext.mm
› Compiling react-native Pods/glog » glog-dummy.m
› Compiling react-native-safe-area-context Pods/react-native-safe-area-context » react-native-safe-area-context-dummy.m
› Packaging react-native Pods/glog » libglog.a
› Compiling react-native Pods/glog » glog-dummy.m
› Compiling react-native Pods/fmt » fmt-dummy.m
› Compiling react-native Pods/fmt » fmt-dummy.m
› Packaging react-native Pods/fmt » libfmt.a
› Packaging react-native Pods/glog » libglog.a
› Packaging react-native Pods/fmt » libfmt.a
› Compiling react-native-safe-area-context Pods/react-native-safe-area-context » RNCOnInsetsChangeEvent.m
› Compiling react-native-safe-area-context Pods/react-native-safe-area-context » RNCSafeAreaViewMode.m
› Compiling react-native-safe-area-context Pods/react-native-safe-area-context » RNCSafeAreaViewManager.m
› Compiling react-native-safe-area-context Pods/react-native-safe-area-context » RNCSafeAreaViewLocalData.m
› Compiling react-native-safe-area-context Pods/react-native-safe-area-context » RNCSafeAreaViewEdges.m
› Compiling react-native-safe-area-context Pods/react-native-safe-area-context » RNCSafeAreaViewEdgeMode.m
› Compiling react-native-safe-area-context Pods/react-native-safe-area-context » RNCSafeAreaView.m
› Compiling react-native-safe-area-context Pods/react-native-safe-area-context » RNCSafeAreaUtils.m
› Compiling react-native-safe-area-context Pods/react-native-safe-area-context » RNCSafeAreaShadowView.m
› Compiling react-native-safe-area-context Pods/react-native-safe-area-context » RNCSafeAreaProviderManager.m
› Compiling react-native-safe-area-context Pods/react-native-safe-area-context » RNCSafeAreaProvider.m
› Compiling react-native-safe-area-context Pods/react-native-safe-area-context » react-native-safe-area-context-dummy.m
› Compiling react-native-safe-area-context Pods/react-native-safe-area-context » RNCSafeAreaViewMode.m
› Compiling react-native-safe-area-context Pods/react-native-safe-area-context » RNCSafeAreaViewManager.m
› Compiling react-native-safe-area-context Pods/react-native-safe-area-context » RNCSafeAreaViewLocalData.m
› Compiling react-native-safe-area-context Pods/react-native-safe-area-context » RNCSafeAreaViewEdges.m
› Compiling react-native-safe-area-context Pods/react-native-safe-area-context » RNCSafeAreaViewEdgeMode.m
› Compiling react-native-safe-area-context Pods/react-native-safe-area-context » RNCSafeAreaView.m
› Compiling react-native-safe-area-context Pods/react-native-safe-area-context » RNCSafeAreaUtils.m
› Compiling react-native-safe-area-context Pods/react-native-safe-area-context » RNCSafeAreaShadowView.m
› Compiling react-native-safe-area-context Pods/react-native-safe-area-context » RNCSafeAreaProviderManager.m
› Compiling react-native-safe-area-context Pods/react-native-safe-area-context » RNCSafeAreaProvider.m
› Compiling react-native-safe-area-context Pods/react-native-safe-area-context » RNCOnInsetsChangeEvent.m
› Compiling react-native-maps Pods/react-native-maps » SMCalloutView.m
› Compiling react-native-maps Pods/react-native-maps » react-native-maps-dummy.m
› Compiling react-native-maps Pods/react-native-maps » AIRWeakTimerReference.m
› Compiling react-native-maps Pods/react-native-maps » RCTComponentData+Maps.m
› Compiling react-native-maps Pods/react-native-maps » RCTConvert+AirMap.m
› Compiling react-native-maps Pods/react-native-maps » AIRWeakMapReference.m
› Compiling react-native-maps Pods/react-native-maps » AIRMapWMSTileManager.m
› Compiling react-native-maps Pods/react-native-maps » AIRMapWMSTile.m
› Compiling react-native-maps Pods/react-native-maps » AIRMapUrlTileManager.m
› Compiling react-native-maps Pods/react-native-maps » AIRMapUrlTileCachedOverlay.m
› Compiling react-native-maps Pods/react-native-maps » AIRMapUrlTile.m
› Compiling react-native-maps Pods/react-native-maps » AIRMapPolylineRenderer.m
› Compiling react-native-maps Pods/react-native-maps » AIRMapPolylineManager.m
› Compiling react-native-maps Pods/react-native-maps » AIRMapPolyline.m
› Compiling react-native-maps Pods/react-native-maps » AIRMapPolygonManager.m
› Compiling react-native-maps Pods/react-native-maps » AIRMapPolygon.m
› Compiling react-native-maps Pods/react-native-maps » AIRMapOverlayRenderer.m
› Compiling react-native-maps Pods/react-native-maps » AIRMapOverlayManager.m
› Compiling react-native-maps Pods/react-native-maps » AIRMapOverlay.m
› Compiling react-native-maps Pods/react-native-maps » AIRMapMarkerManager.m
› Compiling react-native-maps Pods/react-native-maps » AIRMapMarker.m
› Compiling react-native-maps Pods/react-native-maps » AIRMapManager.m
› Compiling react-native-maps Pods/react-native-maps » AIRMapLocalTileOverlay.m
› Compiling react-native-maps Pods/react-native-maps » AIRMapLocalTileManager.m
› Compiling react-native-maps Pods/react-native-maps » AIRMapLocalTile.m
› Compiling react-native-maps Pods/react-native-maps » AIRMapCoordinate.m
› Compiling react-native-maps Pods/react-native-maps » AIRMapCircleManager.m
› Compiling react-native-maps Pods/react-native-maps » AIRMapCircle.m
› Compiling react-native-maps Pods/react-native-maps » AIRMapCalloutSubviewManager.m
› Compiling react-native-maps Pods/react-native-maps » AIRMapCalloutSubview.m
› Compiling react-native-maps Pods/react-native-maps » AIRMapCalloutManager.m
› Compiling react-native-maps Pods/react-native-maps » AIRMapCallout.m
› Compiling react-native-maps Pods/react-native-maps » AIRMap.m
› Compiling react-native-maps Pods/react-native-maps » SMCalloutView.m
› Compiling react-native-maps Pods/react-native-maps » react-native-maps-dummy.m
› Compiling react-native-maps Pods/react-native-maps » AIRWeakTimerReference.m
› Compiling react-native-maps Pods/react-native-maps » RCTComponentData+Maps.m
› Compiling react-native-maps Pods/react-native-maps » RCTConvert+AirMap.m
› Compiling react-native-maps Pods/react-native-maps » AIRWeakMapReference.m
› Compiling react-native-maps Pods/react-native-maps » AIRMapWMSTileManager.m
› Compiling react-native-maps Pods/react-native-maps » AIRMapWMSTile.m
› Compiling react-native-maps Pods/react-native-maps » AIRMapUrlTileManager.m
› Compiling react-native-maps Pods/react-native-maps » AIRMapUrlTileCachedOverlay.m
› Compiling react-native-maps Pods/react-native-maps » AIRMapUrlTile.m
› Compiling react-native-maps Pods/react-native-maps » AIRMapPolylineRenderer.m
› Compiling react-native-maps Pods/react-native-maps » AIRMapPolylineManager.m
› Compiling react-native-maps Pods/react-native-maps » AIRMapPolyline.m
› Compiling react-native-maps Pods/react-native-maps » AIRMapPolygonManager.m
› Compiling react-native-maps Pods/react-native-maps » AIRMapPolygon.m
› Compiling react-native-maps Pods/react-native-maps » AIRMapOverlayRenderer.m
› Compiling react-native-maps Pods/react-native-maps » AIRMapOverlayManager.m
› Compiling react-native-maps Pods/react-native-maps » AIRMapOverlay.m
› Compiling react-native-maps Pods/react-native-maps » AIRMapMarkerManager.m
› Compiling react-native-maps Pods/react-native-maps » AIRMapMarker.m
› Compiling react-native-maps Pods/react-native-maps » AIRMapManager.m
› Compiling react-native-maps Pods/react-native-maps » AIRMapLocalTileOverlay.m
› Compiling react-native-maps Pods/react-native-maps » AIRMapLocalTileManager.m
› Compiling react-native-maps Pods/react-native-maps » AIRMapLocalTile.m
› Compiling react-native-maps Pods/react-native-maps » AIRMapCoordinate.m
› Compiling react-native-maps Pods/react-native-maps » AIRMapCircleManager.m
› Compiling react-native-maps Pods/react-native-maps » AIRMapCircle.m
› Compiling react-native-maps Pods/react-native-maps » AIRMapCalloutSubviewManager.m
› Compiling react-native-maps Pods/react-native-maps » AIRMapCalloutSubview.m
› Compiling react-native-maps Pods/react-native-maps » AIRMapCalloutManager.m
› Compiling react-native-maps Pods/react-native-maps » AIRMapCallout.m
› Compiling react-native-maps Pods/react-native-maps » AIRMap.m
› Preparing Pods/boost-boost_privacy » ResourceBundle-boost_privacy-boost-Info.plist
› Creating  Pods/expo-dev-menu-EXDevMenu » EXDevMenu.bundle
› Compiling react-native Pods/Yoga » event.cpp
› Compiling react-native Pods/Yoga » YGValue.cpp
› Compiling react-native Pods/Yoga » YGPixelGrid.cpp
› Compiling react-native Pods/Yoga » YGNodeStyle.cpp
› Compiling react-native Pods/Yoga » YGNodeLayout.cpp
› Compiling react-native Pods/Yoga » YGNode.cpp
› Compiling expo-dev-menu-interface Pods/expo-dev-menu-interface » expo-dev-menu-interface-dummy.m
› Compiling expo-dev-menu-interface Pods/expo-dev-menu-interface » expo-dev-menu-interface-dummy.m
› Packaging expo-dev-menu-interface Pods/expo-dev-menu-interface » libexpo-dev-menu-interface.a
› Packaging expo-dev-menu-interface Pods/expo-dev-menu-interface » libexpo-dev-menu-interface.a
› Compiling react-native Pods/Yoga » YGEnums.cpp
› Compiling react-native Pods/Yoga » YGConfig.cpp
› Compiling react-native Pods/Yoga » PixelGrid.cpp
› Compiling react-native Pods/Yoga » Node.cpp
› Compiling react-native Pods/Yoga » Log.cpp
› Compiling react-native Pods/Yoga » LayoutResults.cpp
› Compiling react-native Pods/Yoga » FlexLine.cpp
› Compiling react-native Pods/Yoga » Config.cpp
› Compiling react-native Pods/Yoga » CalculateLayout.cpp
› Compiling react-native Pods/Yoga » Cache.cpp
› Compiling react-native Pods/Yoga » Baseline.cpp
› Compiling react-native Pods/Yoga » AssertFatal.cpp
› Compiling react-native Pods/Yoga » AbsoluteLayout.cpp
› Compiling react-native Pods/Yoga » event.cpp
› Compiling react-native Pods/Yoga » YGValue.cpp
› Compiling react-native Pods/Yoga » YGPixelGrid.cpp
› Compiling react-native Pods/Yoga » YGNodeStyle.cpp
› Compiling react-native Pods/Yoga » YGNodeLayout.cpp
› Compiling react-native Pods/Yoga » YGNode.cpp
› Compiling react-native Pods/Yoga » YGEnums.cpp
› Compiling react-native Pods/Yoga » YGConfig.cpp
› Compiling react-native Pods/Yoga » PixelGrid.cpp
› Compiling react-native Pods/Yoga » Node.cpp
› Compiling react-native Pods/Yoga » Log.cpp
› Compiling react-native Pods/Yoga » LayoutResults.cpp
› Compiling react-native Pods/Yoga » FlexLine.cpp
› Compiling react-native Pods/Yoga » Config.cpp
› Compiling react-native Pods/Yoga » CalculateLayout.cpp
› Compiling react-native Pods/Yoga » Cache.cpp
› Compiling react-native Pods/Yoga » Baseline.cpp
› Compiling react-native Pods/Yoga » AssertFatal.cpp
› Compiling react-native Pods/Yoga » AbsoluteLayout.cpp
› Executing expo-dev-menu-interface Pods/expo-dev-menu-interface » Copy generated compatibility header
› Compiling react-native Pods/Yoga » Yoga-dummy.m
› Compiling react-native Pods/Yoga » Yoga-dummy.m
› Packaging react-native Pods/Yoga » libYoga.a
› Compiling expo Pods/SocketRocket » SocketRocket-dummy.m
› Compiling expo Pods/SocketRocket » SRURLUtilities.m
› Compiling expo Pods/SocketRocket » SRSecurityPolicy.m
› Compiling expo Pods/SocketRocket » SRSIMDHelpers.m
› Compiling expo Pods/SocketRocket » SRWebSocket.m
› Compiling expo Pods/SocketRocket » SRRunLoopThread.m
› Compiling expo Pods/SocketRocket » SRRandom.m
› Compiling expo Pods/SocketRocket » SRProxyConnect.m
› Compiling expo Pods/SocketRocket » SRMutex.m
› Compiling expo Pods/SocketRocket » SRPinningSecurityPolicy.m
› Compiling expo Pods/SocketRocket » SRLog.m
› Compiling expo Pods/SocketRocket » SRIOConsumerPool.m
› Compiling expo Pods/SocketRocket » SRIOConsumer.m
› Compiling expo Pods/SocketRocket » SRError.m
› Compiling expo Pods/SocketRocket » SRHTTPConnectMessage.m
› Compiling expo Pods/SocketRocket » SRHash.m
› Compiling expo Pods/SocketRocket » SRConstants.m
› Compiling expo Pods/SocketRocket » SRDelegateController.m
› Compiling expo Pods/SocketRocket » NSURLRequest+SRWebSocket.m
› Compiling expo Pods/SocketRocket » NSRunLoop+SRWebSocket.m
› Packaging expo Pods/SocketRocket » libSocketRocket.a
› Packaging react-native Pods/Yoga » libYoga.a
› Compiling expo Pods/SocketRocket » SocketRocket-dummy.m
› Compiling expo Pods/SocketRocket » SRURLUtilities.m
› Compiling expo Pods/SocketRocket » SRSecurityPolicy.m
› Compiling expo Pods/SocketRocket » SRSIMDHelpers.m
› Compiling expo Pods/SocketRocket » SRRunLoopThread.m
› Compiling expo Pods/SocketRocket » SRRandom.m
› Compiling expo Pods/SocketRocket » SRProxyConnect.m
› Compiling expo Pods/SocketRocket » SRWebSocket.m
› Compiling expo Pods/SocketRocket » SRPinningSecurityPolicy.m
› Compiling expo Pods/SocketRocket » SRMutex.m
› Compiling expo Pods/SocketRocket » SRLog.m
› Compiling expo Pods/SocketRocket » SRIOConsumerPool.m
› Compiling expo Pods/SocketRocket » SRHTTPConnectMessage.m
› Compiling expo Pods/SocketRocket » SRIOConsumer.m
› Compiling expo Pods/SocketRocket » SRError.m
› Compiling expo Pods/SocketRocket » SRDelegateController.m
› Compiling expo Pods/SocketRocket » SRConstants.m
› Compiling expo Pods/SocketRocket » NSURLRequest+SRWebSocket.m
› Compiling expo Pods/SocketRocket » SRHash.m
› Creating  Pods/boost-boost_privacy » boost_privacy.bundle
› Compiling expo Pods/SocketRocket » NSRunLoop+SRWebSocket.m
› Packaging expo Pods/SocketRocket » libSocketRocket.a
› Preparing Pods/SDWebImage-SDWebImage » ResourceBundle-SDWebImage-SDWebImage-Info.plist
› Copying   ../Library/Developer/Xcode/DerivedData/Flagstone-bxiulfhbbzyculedfaeyflzgjiot/Build/Products/Release-iphonesimulator/SDWebImage/SDWebImage.bundle/PrivacyInfo.xcprivacy ➜ ios/Pods/SDWebImage/WebImage/PrivacyInfo.xcprivacy
› Compiling Pods/SDWebImage » UIView+WebCacheState.m
› Compiling Pods/SDWebImage » UIView+WebCacheOperation.m
› Compiling Pods/SDWebImage » UIImageView+WebCache.m
› Preparing Pods/expo-dev-launcher-EXDevLauncher » ResourceBundle-EXDevLauncher-expo-dev-launcher-Info.plist
› Compiling Pods/SDWebImage » UIImage+MultiFormat.m
› Compiling Pods/SDWebImage » UIView+WebCache.m
› Compiling Pods/SDWebImage » UIImageView+HighlightedWebCache.m
› Compiling Pods/SDWebImage » UIImage+MemoryCacheCost.m
› Compiling Pods/SDWebImage » UIImage+Metadata.m
› Compiling Pods/SDWebImage » UIImage+ForceDecode.m
› Compiling Pods/SDWebImage » UIImage+GIF.m
› Compiling Pods/SDWebImage » UIImage+ExtendedCacheData.m
› Compiling Pods/SDWebImage » UIColor+SDHexString.m
› Compiling Pods/SDWebImage » UIButton+WebCache.m
› Compiling Pods/SDWebImage » SDWebImageTransition.m
› Compiling Pods/SDWebImage » SDWebImagePrefetcher.m
› Compiling Pods/SDWebImage » SDWebImageOptionsProcessor.m
› Compiling Pods/SDWebImage » SDWebImageOperation.m
› Compiling Pods/SDWebImage » SDWebImageManager.m
› Compiling Pods/SDWebImage » SDWebImageError.m
› Compiling Pods/SDWebImage » SDWebImageIndicator.m
› Compiling Pods/SDWebImage » SDWebImageDownloaderResponseModifier.m
› Compiling Pods/SDWebImage » SDWebImageDownloaderRequestModifier.m
› Compiling Pods/SDWebImage » SDWebImageDownloaderOperation.m
› Compiling Pods/SDWebImage » UIImage+Transform.m
› Compiling Pods/SDWebImage » SDWebImageDownloaderDecryptor.m
› Compiling Pods/SDWebImage » SDWebImageDownloaderConfig.m
› Compiling Pods/SDWebImage » SDWebImageDefine.m
› Compiling Pods/SDWebImage » SDWebImageDownloader.m
› Compiling Pods/SDWebImage » SDWebImageCompat.m
› Compiling Pods/SDWebImage » SDWebImageCacheSerializer.m
› Compiling Pods/SDWebImage » SDWebImageCacheKeyFilter.m
› Compiling Pods/SDWebImage » SDWebImage-dummy.m
› Compiling Pods/SDWebImage » SDWeakProxy.m
› Compiling Pods/SDWebImage » SDMemoryCache.m
› Compiling Pods/SDWebImage » SDInternalMacros.m
› Compiling Pods/SDWebImage » SDImageTransformer.m
› Compiling Pods/SDWebImage » SDImageLoadersManager.m
› Compiling Pods/SDWebImage » SDImageLoader.m
› Compiling Pods/SDWebImage » SDImageIOCoder.m
› Compiling Pods/SDWebImage » SDImageIOAnimatedCoder.m
› Compiling Pods/SDWebImage » SDImageHEICCoder.m
› Compiling Pods/SDWebImage » SDImageGraphics.m
› Compiling Pods/SDWebImage » SDImageGIFCoder.m
› Compiling Pods/SDWebImage » SDImageFramePool.m
› Compiling expo-image-manipulator Pods/SDWebImageWebPCoder » UIImage+WebP.m
› Compiling expo-image-manipulator Pods/SDWebImageWebPCoder » SDWebImageWebPCoderDefine.m
› Compiling expo-image-manipulator Pods/SDWebImageWebPCoder » SDWebImageWebPCoder-dummy.m
› Compiling Pods/SDWebImage » SDImageFrame.m
› Compiling Pods/SDWebImage » SDImageCodersManager.m
› Compiling expo-image-manipulator Pods/SDWebImageWebPCoder » SDImageWebPCoder.m
› Compiling expo-image-manipulator Pods/SDWebImageWebPCoder » UIImage+WebP.m
› Compiling expo-image-manipulator Pods/SDWebImageWebPCoder » SDWebImageWebPCoderDefine.m
› Compiling expo-image-manipulator Pods/SDWebImageWebPCoder » SDWebImageWebPCoder-dummy.m
› Compiling expo-image-manipulator Pods/SDWebImageWebPCoder » SDImageWebPCoder.m
› Compiling Pods/SDWebImage » SDImageCoderHelper.m
› Compiling Pods/SDWebImage » SDImageCoder.m
› Compiling Pods/SDWebImage » SDImageCachesManagerOperation.m
› Compiling Pods/SDWebImage » SDImageCachesManager.m
› Compiling Pods/SDWebImage » SDImageCacheConfig.m
› Compiling Pods/SDWebImage » SDImageCacheDefine.m
› Compiling Pods/SDWebImage » SDImageCache.m
› Compiling Pods/SDWebImage » SDImageAssetManager.m
› Compiling Pods/SDWebImage » SDImageAWebPCoder.m
› Compiling Pods/SDWebImage » SDImageAPNGCoder.m
› Compiling Pods/SDWebImage » SDGraphicsImageRenderer.m
› Compiling Pods/SDWebImage » SDFileAttributeHelper.m
› Compiling Pods/SDWebImage » SDDisplayLink.m
› Compiling Pods/SDWebImage » SDDeviceHelper.m
› Compiling Pods/SDWebImage » SDCallbackQueue.m
› Compiling Pods/SDWebImage » SDAssociatedObject.m
› Compiling Pods/SDWebImage » SDDiskCache.m
› Compiling Pods/SDWebImage » SDAsyncBlockOperation.m
› Compiling Pods/SDWebImage » SDAnimatedImageView.m
› Compiling Pods/SDWebImage » SDAnimatedImageView+WebCache.m
› Compiling Pods/SDWebImage » SDAnimatedImageRep.m
› Compiling Pods/SDWebImage » SDAnimatedImagePlayer.m
› Compiling Pods/SDWebImage » NSImage+Compatibility.m
› Compiling Pods/SDWebImage » SDAnimatedImage.m
› Compiling Pods/SDWebImage » NSData+ImageContentType.m
› Compiling Pods/SDWebImage » NSButton+WebCache.m
› Compiling Pods/SDWebImage » NSBezierPath+SDRoundedCorners.m
› Compiling Pods/SDWebImage » UIView+WebCacheState.m
› Compiling Pods/SDWebImage » UIView+WebCacheOperation.m
› Compiling Pods/SDWebImage » UIImageView+WebCache.m
› Compiling Pods/SDWebImage » UIImage+MultiFormat.m
› Compiling Pods/SDWebImage » UIImage+MemoryCacheCost.m
› Compiling Pods/SDWebImage » UIImage+GIF.m
› Compiling Pods/SDWebImage » UIImage+ForceDecode.m
› Compiling Pods/SDWebImage » UIImage+ExtendedCacheData.m
› Compiling Pods/SDWebImage » UIColor+SDHexString.m
› Compiling Pods/SDWebImage » SDWebImageTransition.m
› Compiling Pods/SDWebImage » UIView+WebCache.m
› Compiling Pods/SDWebImage » UIImageView+HighlightedWebCache.m
› Compiling Pods/SDWebImage » UIImage+Metadata.m
› Compiling Pods/SDWebImage » UIButton+WebCache.m
› Compiling Pods/SDWebImage » SDWebImagePrefetcher.m
› Compiling Pods/SDWebImage » SDWebImageOptionsProcessor.m
› Compiling Pods/SDWebImage » SDWebImageOperation.m
› Compiling Pods/SDWebImage » SDWebImageManager.m
› Compiling Pods/SDWebImage » SDWebImageIndicator.m
› Compiling Pods/SDWebImage » SDWebImageError.m
› Compiling Pods/SDWebImage » SDWebImageDownloaderResponseModifier.m
› Compiling Pods/SDWebImage » SDWebImageDownloaderRequestModifier.m
› Compiling Pods/SDWebImage » SDWebImageDownloaderOperation.m
› Compiling Pods/SDWebImage » SDWebImageDownloaderConfig.m
› Compiling Pods/SDWebImage » SDWebImageDownloaderDecryptor.m
› Compiling Pods/SDWebImage » SDWebImageDownloader.m
› Compiling Pods/SDWebImage » SDWebImageDefine.m
› Compiling Pods/SDWebImage » SDWebImageCompat.m
› Compiling Pods/SDWebImage » SDWebImageCacheSerializer.m
› Compiling Pods/SDWebImage » SDWebImageCacheKeyFilter.m
› Compiling Pods/SDWebImage » SDWeakProxy.m
› Compiling Pods/SDWebImage » SDWebImage-dummy.m
› Compiling Pods/SDWebImage » SDMemoryCache.m
› Compiling Pods/SDWebImage » SDInternalMacros.m
› Compiling Pods/SDWebImage » SDImageTransformer.m
› Compiling Pods/SDWebImage » SDImageLoadersManager.m
› Compiling Pods/SDWebImage » SDImageLoader.m
› Compiling Pods/SDWebImage » SDImageIOCoder.m
› Compiling Pods/SDWebImage » SDImageIOAnimatedCoder.m
› Compiling Pods/SDWebImage » SDImageHEICCoder.m
› Compiling Pods/SDWebImage » SDImageGraphics.m
› Compiling Pods/SDWebImage » SDImageFramePool.m
› Compiling Pods/SDWebImage » SDImageGIFCoder.m
› Compiling Pods/SDWebImage » SDImageCodersManager.m
› Compiling Pods/SDWebImage » SDImageFrame.m
› Compiling Pods/SDWebImage » SDImageCoder.m
› Compiling Pods/SDWebImage » SDImageCachesManagerOperation.m
› Compiling Pods/SDWebImage » SDImageCacheDefine.m
› Compiling Pods/SDWebImage » SDImageCachesManager.m
› Compiling Pods/SDWebImage » SDImageCacheConfig.m
› Compiling Pods/SDWebImage » UIImage+Transform.m
› Compiling Pods/SDWebImage » SDImageCoderHelper.m
› Compiling Pods/SDWebImage » SDImageAssetManager.m
› Compiling Pods/SDWebImage » SDImageCache.m
› Compiling Pods/SDWebImage » SDImageAWebPCoder.m
› Compiling Pods/SDWebImage » SDGraphicsImageRenderer.m
› Compiling Pods/SDWebImage » SDImageAPNGCoder.m
› Compiling Pods/SDWebImage » SDFileAttributeHelper.m
› Compiling Pods/SDWebImage » SDDisplayLink.m
› Compiling Pods/SDWebImage » SDDeviceHelper.m
› Compiling Pods/SDWebImage » SDCallbackQueue.m
› Compiling Pods/SDWebImage » SDDiskCache.m
› Compiling Pods/SDWebImage » SDAsyncBlockOperation.m
› Compiling Pods/SDWebImage » SDAssociatedObject.m
› Compiling Pods/SDWebImage » SDAnimatedImageView+WebCache.m
› Compiling Pods/SDWebImage » SDAnimatedImageView.m
› Compiling Pods/SDWebImage » SDAnimatedImagePlayer.m
› Compiling Pods/SDWebImage » SDAnimatedImage.m
› Compiling Pods/SDWebImage » SDAnimatedImageRep.m
› Compiling Pods/SDWebImage » NSImage+Compatibility.m
› Compiling Pods/SDWebImage » NSData+ImageContentType.m
› Compiling Pods/SDWebImage » NSButton+WebCache.m
› Compiling react-native Pods/ReactCommon » TurboModuleWithJSIBindings.cpp
› Compiling react-native Pods/ReactCommon » TurboModuleUtils.cpp
› Compiling react-native Pods/ReactCommon » TurboModulePerfLogger.cpp
› Compiling react-native Pods/ReactCommon » TurboModuleBinding.cpp
› Compiling Pods/SDWebImage » NSBezierPath+SDRoundedCorners.m
› Compiling react-native Pods/ReactCommon » TurboModule.cpp
› Compiling react-native Pods/ReactCommon » TurboCxxModule.cpp
› Compiling react-native Pods/ReactCommon » LongLivedObject.cpp
› Compiling react-native Pods/ReactCommon » CxxTurboModuleUtils.cpp
› Compiling react-native Pods/ReactCommon » TurboModuleWithJSIBindings.cpp
› Compiling react-native Pods/ReactCommon » TurboModuleUtils.cpp
› Compiling react-native Pods/ReactCommon » TurboModulePerfLogger.cpp
› Compiling react-native Pods/ReactCommon » TurboModuleBinding.cpp
› Compiling react-native Pods/ReactCommon » TurboModule.cpp
› Compiling react-native Pods/ReactCommon » TurboCxxModule.cpp
› Compiling react-native Pods/ReactCommon » LongLivedObject.cpp
› Compiling react-native Pods/ReactCommon » CxxTurboModuleUtils.cpp
› Creating  Pods/expo-dev-launcher-EXDevLauncher » EXDevLauncher.bundle
› Creating  Pods/SDWebImage-SDWebImage » SDWebImage.bundle
› Packaging Pods/SDWebImage » libSDWebImage.a
› Packaging Pods/SDWebImage » libSDWebImage.a
› Compiling react-native Pods/React-utils » jsi-utils.cpp
› Compiling react-native Pods/React-utils » RunLoopObserver.cpp
› Compiling react-native Pods/React-utils » ManagedObjectWrapper.mm
› Compiling react-native Pods/React-utils » LowPriorityExecutor.mm
› Compiling react-native Pods/React-utils » FollyConvert.mm
› Compiling react-native Pods/React-utils » jsi-utils.cpp
› Compiling react-native Pods/React-utils » RunLoopObserver.cpp
› Compiling react-native Pods/React-utils » ManagedObjectWrapper.mm
› Compiling react-native Pods/React-utils » LowPriorityExecutor.mm
› Compiling react-native Pods/React-utils » FollyConvert.mm
› Compiling react-native Pods/React-utils » React-utils-dummy.m
› Compiling react-native Pods/React-runtimescheduler » Task.cpp
› Compiling react-native Pods/React-runtimescheduler » RuntimeScheduler_Modern.cpp
› Compiling react-native Pods/React-runtimescheduler » RuntimeScheduler_Legacy.cpp
› Compiling react-native Pods/React-runtimescheduler » RuntimeSchedulerCallInvoker.cpp
› Compiling react-native Pods/React-runtimescheduler » RuntimeSchedulerBinding.cpp
› Compiling react-native Pods/React-utils » React-utils-dummy.m
› Compiling react-native Pods/React-runtimescheduler » RuntimeScheduler.cpp
› Compiling react-native Pods/React-runtimescheduler » Task.cpp
› Compiling react-native Pods/React-runtimescheduler » RuntimeScheduler_Modern.cpp
› Compiling react-native Pods/React-runtimescheduler » RuntimeScheduler_Legacy.cpp
› Compiling react-native Pods/React-runtimescheduler » RuntimeSchedulerCallInvoker.cpp
› Compiling react-native Pods/React-runtimescheduler » RuntimeSchedulerBinding.cpp
› Compiling react-native Pods/React-runtimescheduler » RuntimeScheduler.cpp
› Compiling react-native Pods/React-runtimescheduler » React-runtimescheduler-dummy.m
› Compiling react-native Pods/React-runtimeexecutor » RuntimeExecutorSyncUIThreadUtils.mm
› Packaging expo-image-manipulator Pods/SDWebImageWebPCoder » libSDWebImageWebPCoder.a
› Packaging expo-image-manipulator Pods/SDWebImageWebPCoder » libSDWebImageWebPCoder.a
› Compiling react-native Pods/React-runtimeexecutor » RuntimeExecutorSyncUIThreadUtils.mm
› Compiling react-native Pods/React-runtimescheduler » React-runtimescheduler-dummy.m
› Compiling react-native Pods/React-rendererdebug » DebugStringConvertibleItem.cpp
› Compiling react-native Pods/React-rendererdebug » DebugStringConvertible.cpp
› Compiling react-native Pods/React-rendererdebug » DebugStringConvertibleItem.cpp
› Compiling react-native Pods/ReactCommon » ReactCommon-dummy.m
› Compiling react-native Pods/React-rendererdebug » DebugStringConvertible.cpp
› Compiling react-native Pods/React-runtimeexecutor » React-runtimeexecutor-dummy.m
› Compiling react-native Pods/React-runtimeexecutor » React-runtimeexecutor-dummy.m
› Compiling react-native Pods/React-rendererdebug » React-rendererdebug-dummy.m
› Compiling react-native Pods/React-rendererconsistency » ShadowTreeRevisionConsistencyManager.cpp
› Compiling react-native Pods/React-renderercss » CSSDummy.cpp
› Compiling react-native Pods/React-renderercss » CSSDummy.cpp
› Compiling react-native Pods/React-rendererconsistency » ShadowTreeRevisionConsistencyManager.cpp
› Compiling react-native Pods/React-rendererdebug » React-rendererdebug-dummy.m
› Compiling react-native Pods/React-performancetimeline » PerformanceObserverRegistry.cpp
› Compiling react-native Pods/React-performancetimeline » PerformanceObserver.cpp
› Compiling react-native Pods/React-rendererconsistency » React-rendererconsistency-dummy.m
› Compiling react-native Pods/React-performancetimeline » PerformanceEntryReporter.cpp
› Compiling react-native Pods/React-renderercss » React-renderercss-dummy.m
› Compiling react-native Pods/React-renderercss » React-renderercss-dummy.m
› Compiling react-native Pods/ReactCommon » ReactCommon-dummy.m
› Packaging react-native Pods/React-rendererconsistency » libReact-rendererconsistency.a
› Compiling react-native Pods/React-rendererconsistency » React-rendererconsistency-dummy.m
› Compiling react-native Pods/React-performancetimeline » PerformanceEntryKeyedBuffer.cpp
› Packaging react-native Pods/React-rendererconsistency » libReact-rendererconsistency.a
› Compiling react-native Pods/React-performancetimeline » PerformanceEntryCircularBuffer.cpp
› Compiling react-native Pods/React-performancetimeline » PerformanceObserverRegistry.cpp
› Compiling react-native Pods/React-performancetimeline » PerformanceObserver.cpp
› Compiling react-native Pods/React-performancetimeline » PerformanceEntryReporter.cpp
› Compiling react-native Pods/React-performancetimeline » PerformanceEntryKeyedBuffer.cpp
› Compiling react-native Pods/React-performancetimeline » PerformanceEntryCircularBuffer.cpp
› Compiling react-native Pods/React-perflogger » ReactPerfettoLogger.cpp
› Compiling react-native Pods/React-perflogger » ReactPerfettoCategories.cpp
› Compiling react-native Pods/React-perflogger » ReactPerfetto.cpp
› Compiling react-native Pods/React-perflogger » HermesPerfettoDataSource.cpp
› Compiling react-native Pods/React-perflogger » FuseboxTracer.cpp
› Compiling react-native Pods/React-perflogger » BridgeNativeModulePerfLogger.cpp
› Compiling react-native Pods/React-perflogger » FuseboxPerfettoDataSource.cpp
› Compiling react-native Pods/React-performancetimeline » React-performancetimeline-dummy.m
› Compiling react-native Pods/React-performancetimeline » React-performancetimeline-dummy.m
› Compiling react-native Pods/React-perflogger » ReactPerfettoLogger.cpp
› Compiling react-native Pods/React-perflogger » ReactPerfettoCategories.cpp
› Compiling react-native Pods/React-perflogger » ReactPerfetto.cpp
› Compiling react-native Pods/React-perflogger » HermesPerfettoDataSource.cpp
› Compiling react-native Pods/React-perflogger » FuseboxTracer.cpp
› Compiling react-native Pods/React-perflogger » FuseboxPerfettoDataSource.cpp
› Compiling react-native Pods/React-perflogger » BridgeNativeModulePerfLogger.cpp
› Compiling react-native Pods/React-oscompat » OSCompatWindows.cpp
› Compiling react-native Pods/React-oscompat » OSCompatPosix.cpp
› Compiling react-native Pods/React-oscompat » OSCompatWindows.cpp
› Compiling react-native Pods/React-oscompat » OSCompatPosix.cpp
› Compiling react-native Pods/React-perflogger » React-perflogger-dummy.m
› Compiling react-native Pods/React-logger » react_native_log.cpp
› Compiling react-native Pods/React-logger » react_native_log.cpp
› Compiling react-native Pods/React-perflogger » React-perflogger-dummy.m
› Compiling react-native Pods/React-oscompat » React-oscompat-dummy.m
› Packaging react-native Pods/React-oscompat » libReact-oscompat.a
› Compiling react-native Pods/React-oscompat » React-oscompat-dummy.m
› Packaging react-native Pods/React-oscompat » libReact-oscompat.a
› Compiling react-native Pods/React-logger » React-logger-dummy.m
› Compiling react-native Pods/React-jsinspectortracing » RuntimeSamplingProfileTraceEventSerializer.cpp
› Compiling react-native Pods/React-jsinspectortracing » PerformanceTracer.cpp
› Compiling react-native Pods/React-jsinspectortracing » EventLoopReporter.cpp
› Compiling react-native Pods/React-jsinspectortracing » RuntimeSamplingProfileTraceEventSerializer.cpp
› Compiling react-native Pods/React-jsinspectortracing » PerformanceTracer.cpp
› Compiling react-native Pods/React-logger » React-logger-dummy.m
› Compiling react-native Pods/React-jsinspectortracing » EventLoopReporter.cpp
› Compiling react-native Pods/React-jsitooling » JSRuntimeFactoryCAPI.cpp
› Compiling react-native Pods/React-jsitooling » JSRuntimeFactory.cpp
› Compiling react-native Pods/React-jsitooling » JSRuntimeFactoryCAPI.cpp
› Compiling react-native Pods/React-jsitooling » JSRuntimeFactory.cpp
› Compiling react-native Pods/React-jsinspectortracing » React-jsinspectortracing-dummy.m
› Compiling react-native Pods/React-jsinspectortracing » React-jsinspectortracing-dummy.m
› Compiling react-native Pods/React-jsinspectornetwork » NetworkReporter.cpp
› Compiling react-native Pods/React-jsinspectornetwork » HttpUtils.cpp
› Compiling react-native Pods/React-jsinspectornetwork » CdpNetwork.cpp
› Compiling react-native Pods/React-jsinspectornetwork » BoundedRequestBuffer.cpp
› Compiling react-native Pods/React-jsinspectornetwork » NetworkReporter.cpp
› Compiling react-native Pods/React-jsinspectornetwork » HttpUtils.cpp
› Compiling react-native Pods/React-jsinspectornetwork » CdpNetwork.cpp
› Compiling react-native Pods/React-jsitooling » React-jsitooling-dummy.m
› Compiling react-native Pods/React-jsitooling » React-jsitooling-dummy.m
› Compiling react-native Pods/React-jsinspectornetwork » BoundedRequestBuffer.cpp
› Compiling react-native Pods/React-jsinspectornetwork » React-jsinspectornetwork-dummy.m
› Compiling react-native Pods/React-jsinspectorcdp » CdpJson.cpp
› Compiling react-native Pods/React-jsinspectorcdp » CdpJson.cpp
› Compiling react-native Pods/React-jsinspectornetwork » React-jsinspectornetwork-dummy.m
› Compiling react-native Pods/React-jsinspectorcdp » React-jsinspectorcdp-dummy.m
› Compiling react-native Pods/React-jsinspector » TracingAgent.cpp
› Compiling react-native Pods/React-jsinspector » RuntimeTargetDebuggerSessionObserver.cpp
› Compiling react-native Pods/React-jsinspector » RuntimeTargetConsole.cpp
› Compiling react-native Pods/React-jsinspector » RuntimeTarget.cpp
› Compiling react-native Pods/React-jsinspector » RuntimeAgent.cpp
› Compiling react-native Pods/React-jsinspector » NetworkIOAgent.cpp
› Compiling react-native Pods/React-jsinspectorcdp » React-jsinspectorcdp-dummy.m
› Compiling react-native Pods/React-jsinspector » InstanceTarget.cpp
› Compiling react-native Pods/React-jsinspector » InstanceAgent.cpp
› Compiling react-native Pods/React-jsinspector » InspectorUtilities.cpp
› Compiling react-native Pods/React-jsinspector » InspectorPackagerConnection.cpp
› Compiling react-native Pods/React-jsinspector » InspectorInterfaces.cpp
› Compiling react-native Pods/React-jsinspector » InspectorFlags.cpp
› Compiling react-native Pods/React-jsinspector » HostTarget.cpp
› Compiling react-native Pods/React-jsinspector » HostAgent.cpp
› Compiling react-native Pods/React-jsinspector » FallbackRuntimeTargetDelegate.cpp
› Compiling react-native Pods/React-jsinspector » FallbackRuntimeAgentDelegate.cpp
› Compiling react-native Pods/React-jsinspector » ExecutionContextManager.cpp
› Compiling react-native Pods/React-jsinspector » ExecutionContext.cpp
› Compiling react-native Pods/React-jsinspector » ConsoleMessage.cpp
› Compiling react-native Pods/React-jsinspector » TracingAgent.cpp
› Compiling react-native Pods/React-jsinspector » RuntimeTargetDebuggerSessionObserver.cpp
› Compiling react-native Pods/React-jsinspector » RuntimeTargetConsole.cpp
› Compiling react-native Pods/React-jsinspector » RuntimeTarget.cpp
› Compiling react-native Pods/React-jsinspector » RuntimeAgent.cpp
› Compiling react-native Pods/React-jsinspector » NetworkIOAgent.cpp
› Compiling react-native Pods/React-jsinspector » InstanceTarget.cpp
› Compiling react-native Pods/React-jsinspector » InstanceAgent.cpp
› Compiling react-native Pods/React-jsinspector » InspectorUtilities.cpp
› Compiling react-native Pods/React-jsinspector » InspectorPackagerConnection.cpp
› Compiling react-native Pods/React-jsinspector » InspectorInterfaces.cpp
› Compiling react-native Pods/React-jsinspector » InspectorFlags.cpp
› Compiling react-native Pods/React-jsinspector » HostTarget.cpp
› Compiling react-native Pods/React-jsinspector » HostAgent.cpp
› Compiling react-native Pods/React-jsinspector » FallbackRuntimeTargetDelegate.cpp
› Compiling react-native Pods/React-jsinspector » FallbackRuntimeAgentDelegate.cpp
› Compiling react-native Pods/React-jsinspector » ExecutionContextManager.cpp
› Compiling react-native Pods/React-jsinspector » ExecutionContext.cpp
› Compiling react-native Pods/React-jsinspector » ConsoleMessage.cpp
› Compiling react-native Pods/React-jsinspector » React-jsinspector-dummy.m
› Compiling react-native Pods/React-jsinspector » React-jsinspector-dummy.m
› Compiling react-native Pods/React-jsiexecutor » JSINativeModules.cpp
› Compiling react-native Pods/React-jsiexecutor » JSIExecutor.cpp
› Compiling react-native Pods/React-jsiexecutor » JSINativeModules.cpp
› Compiling react-native Pods/React-jsiexecutor » JSIExecutor.cpp
› Compiling react-native Pods/React-jsi » JSIDynamic.cpp
› Compiling react-native Pods/React-jsi » JSIDynamic.cpp
› Compiling react-native Pods/React-jsiexecutor » React-jsiexecutor-dummy.m
› Compiling react-native Pods/React-jsiexecutor » React-jsiexecutor-dummy.m
› Compiling react-native Pods/React-jsi » React-jsi-dummy.m
› Compiling react-native Pods/React-jserrorhandler » StackTraceParser.cpp
› Compiling react-native Pods/React-jserrorhandler » JsErrorHandler.cpp
› Compiling react-native Pods/React-jsi » React-jsi-dummy.m
› Compiling react-native Pods/React-jserrorhandler » StackTraceParser.cpp
› Compiling react-native Pods/React-jserrorhandler » JsErrorHandler.cpp
› Compiling react-native Pods/React-hermes » Registration.cpp
› Compiling react-native Pods/React-hermes » HermesRuntimeTargetDelegate.cpp
› Compiling react-native Pods/React-hermes » HermesRuntimeSamplingProfileSerializer.cpp
› Compiling react-native Pods/React-hermes » HermesRuntimeAgentDelegate.cpp
› Compiling react-native Pods/React-hermes » HermesExecutorFactory.cpp
› Compiling react-native Pods/React-hermes » ConnectionDemux.cpp
› Compiling react-native Pods/React-jserrorhandler » React-jserrorhandler-dummy.m
› Compiling react-native Pods/React-jserrorhandler » React-jserrorhandler-dummy.m
› Compiling react-native Pods/React-hermes » Registration.cpp
› Compiling react-native Pods/React-hermes » HermesRuntimeTargetDelegate.cpp
› Compiling react-native Pods/React-hermes » HermesRuntimeSamplingProfileSerializer.cpp
› Compiling react-native Pods/React-hermes » HermesRuntimeAgentDelegate.cpp
› Compiling react-native Pods/React-hermes » HermesExecutorFactory.cpp
› Compiling react-native Pods/React-hermes » ConnectionDemux.cpp
› Preparing Pods/React-cxxreact-React-cxxreact_privacy » ResourceBundle-React-cxxreact_privacy-React-cxxreact-Info.plist
› Compiling react-native Pods/React-hermes » React-hermes-dummy.m
› Copying   ../Library/Developer/Xcode/DerivedData/Flagstone-bxiulfhbbzyculedfaeyflzgjiot/Build/Products/Release-iphonesimulator/React-cxxreact/React-cxxreact_privacy.bundle/PrivacyInfo.xcprivacy ➜ node_modules/react-native/ReactCommon/cxxreact/PrivacyInfo.xcprivacy
› Compiling react-native Pods/React-graphics » Transform.cpp
› Compiling react-native Pods/React-graphics » RCTPlatformColorUtils.mm
› Compiling react-native Pods/React-graphics » PlatformColorParser.mm
› Compiling react-native Pods/React-hermes » React-hermes-dummy.m
› Compiling react-native Pods/React-graphics » HostPlatformColor.mm
› Compiling react-native Pods/React-graphics » ColorComponents.cpp
› Compiling react-native Pods/React-graphics » Color.cpp
› Compiling react-native Pods/React-graphics » Transform.cpp
› Compiling react-native Pods/React-graphics » RCTPlatformColorUtils.mm
› Compiling react-native Pods/React-graphics » PlatformColorParser.mm
› Compiling react-native Pods/React-graphics » HostPlatformColor.mm
› Compiling react-native Pods/React-graphics » ColorComponents.cpp
› Compiling react-native Pods/React-graphics » Color.cpp
› Compiling react-native Pods/React-debug » react_native_assert.cpp
› Compiling react-native Pods/React-debug » react_native_assert.cpp
› Compiling react-native Pods/React-graphics » React-graphics-dummy.m
› Compiling react-native Pods/React-debug » React-debug-dummy.m
› Compiling react-native Pods/React-graphics » React-graphics-dummy.m
› Packaging react-native Pods/React-debug » libReact-debug.a
› Compiling react-native Pods/React-featureflags » ReactNativeFeatureFlagsAccessor.cpp
› Compiling react-native Pods/React-featureflags » ReactNativeFeatureFlags.cpp
› Compiling react-native Pods/React-featureflags » ReactNativeFeatureFlagsAccessor.cpp
› Compiling react-native Pods/React-featureflags » ReactNativeFeatureFlags.cpp
› Compiling react-native Pods/React-debug » React-debug-dummy.m
› Packaging react-native Pods/React-debug » libReact-debug.a
› Compiling react-native Pods/React-featureflags » React-featureflags-dummy.m
› Compiling react-native Pods/React-cxxreact » ReactMarker.cpp
› Compiling react-native Pods/React-cxxreact » RAMBundleRegistry.cpp
› Compiling react-native Pods/React-cxxreact » NativeToJsBridge.cpp
› Compiling react-native Pods/React-cxxreact » ModuleRegistry.cpp
› Compiling react-native Pods/React-featureflags » React-featureflags-dummy.m
› Compiling react-native Pods/React-cxxreact » MethodCall.cpp
› Compiling react-native Pods/React-cxxreact » JSIndexedRAMBundle.cpp
› Compiling react-native Pods/React-cxxreact » JSExecutor.cpp
› Compiling react-native Pods/React-cxxreact » JSBundleType.cpp
› Compiling react-native Pods/React-cxxreact » JSBigString.cpp
› Compiling react-native Pods/React-cxxreact » Instance.cpp
› Compiling react-native Pods/React-cxxreact » CxxNativeModule.cpp
› Compiling react-native Pods/React-cxxreact » ReactMarker.cpp
› Compiling react-native Pods/React-cxxreact » RAMBundleRegistry.cpp
› Compiling react-native Pods/React-cxxreact » NativeToJsBridge.cpp
› Compiling react-native Pods/React-cxxreact » ModuleRegistry.cpp
› Compiling react-native Pods/React-cxxreact » MethodCall.cpp
› Compiling react-native Pods/React-cxxreact » JSIndexedRAMBundle.cpp
› Compiling react-native Pods/React-cxxreact » JSExecutor.cpp
› Compiling react-native Pods/React-cxxreact » JSBundleType.cpp
› Compiling react-native Pods/React-cxxreact » JSBigString.cpp
› Compiling react-native Pods/React-cxxreact » Instance.cpp
› Compiling react-native Pods/React-cxxreact » CxxNativeModule.cpp
› Compiling react-native Pods/React-RuntimeHermes » HermesInstance.cpp
› Compiling react-native Pods/React-RuntimeHermes » HermesInstance.cpp
› Compiling react-native Pods/React-cxxreact » React-cxxreact-dummy.m
› Compiling react-native Pods/React-cxxreact » React-cxxreact-dummy.m
› Compiling react-native Pods/React-RuntimeCore » TimerManager.cpp
› Compiling react-native Pods/React-RuntimeCore » ReactInstance.cpp
› Compiling react-native Pods/React-RuntimeHermes » React-RuntimeHermes-dummy.m
› Compiling react-native Pods/React-RuntimeCore » LegacyUIManagerConstantsProviderBinding.cpp
› Compiling react-native Pods/React-RuntimeCore » BufferedRuntimeExecutor.cpp
› Compiling react-native Pods/React-RuntimeHermes » React-RuntimeHermes-dummy.m
› Compiling react-native Pods/React-RuntimeCore » BridgelessNativeMethodCallInvoker.cpp
› Compiling react-native Pods/React-RuntimeCore » TimerManager.cpp
› Compiling react-native Pods/React-RuntimeCore » ReactInstance.cpp
› Compiling react-native Pods/React-RuntimeCore » LegacyUIManagerConstantsProviderBinding.cpp
› Compiling react-native Pods/React-RuntimeCore » BufferedRuntimeExecutor.cpp
› Compiling react-native Pods/React-RuntimeCore » BridgelessNativeMethodCallInvoker.cpp
› Compiling react-native Pods/React-RuntimeCore » React-RuntimeCore-dummy.m
› Compiling react-native Pods/React-RCTText » RCTVirtualTextViewManager.mm
› Compiling react-native Pods/React-RCTText » RCTVirtualTextView.mm
› Compiling react-native Pods/React-RCTText » RCTVirtualTextShadowView.mm
› Compiling react-native Pods/React-RCTText » RCTUITextView.mm
› Compiling react-native Pods/React-RCTText » RCTUITextField.mm
› Compiling react-native Pods/React-RuntimeCore » React-RuntimeCore-dummy.m
› Compiling react-native Pods/React-RCTText » RCTTextViewManager.mm
› Compiling react-native Pods/React-RCTText » RCTTextView.mm
› Compiling react-native Pods/React-RCTText » RCTTextShadowView.mm
› Compiling react-native Pods/React-RCTText » RCTTextSelection.mm
› Compiling react-native Pods/React-RCTText » RCTTextAttributes.mm
› Compiling react-native Pods/React-RCTText » RCTSinglelineTextInputViewManager.mm
› Compiling react-native Pods/React-RCTText » RCTSinglelineTextInputView.mm
› Compiling react-native Pods/React-RCTText » RCTRawTextViewManager.mm
› Compiling react-native Pods/React-RCTText » RCTRawTextShadowView.mm
› Compiling react-native Pods/React-RCTText » RCTMultilineTextInputViewManager.mm
› Compiling react-native Pods/React-RCTText » RCTMultilineTextInputView.mm
› Compiling react-native Pods/React-RCTText » RCTInputAccessoryViewManager.mm
› Compiling react-native Pods/React-RCTText » RCTInputAccessoryViewContent.mm
› Compiling react-native Pods/React-RCTText » RCTInputAccessoryView.mm
› Compiling react-native Pods/React-RCTText » RCTInputAccessoryShadowView.mm
› Compiling react-native Pods/React-RCTText » RCTDynamicTypeRamp.mm
› Compiling react-native Pods/React-RCTText » RCTConvert+Text.mm
› Compiling react-native Pods/React-RCTText » RCTBaseTextViewManager.mm
› Compiling react-native Pods/React-RCTText » RCTBaseTextShadowView.mm
› Compiling react-native Pods/React-RCTText » RCTBaseTextInputViewManager.mm
› Compiling react-native Pods/React-RCTText » RCTBaseTextInputView.mm
› Compiling react-native Pods/React-RCTText » RCTBaseTextInputShadowView.mm
› Compiling react-native Pods/React-RCTText » RCTBackedTextInputDelegateAdapter.mm
› Compiling react-native Pods/React-RCTText » RCTVirtualTextViewManager.mm
› Compiling react-native Pods/React-RCTText » RCTVirtualTextView.mm
› Compiling react-native Pods/React-RCTText » RCTVirtualTextShadowView.mm
› Compiling react-native Pods/React-RCTText » RCTUITextView.mm
› Compiling react-native Pods/React-RCTText » RCTUITextField.mm
› Compiling react-native Pods/React-RCTText » RCTTextViewManager.mm
› Compiling react-native Pods/React-RCTText » RCTTextView.mm
› Compiling react-native Pods/React-RCTText » RCTTextShadowView.mm
› Compiling react-native Pods/React-RCTText » RCTTextSelection.mm
› Compiling react-native Pods/React-RCTText » RCTTextAttributes.mm
› Compiling react-native Pods/React-RCTText » RCTSinglelineTextInputViewManager.mm
› Compiling react-native Pods/React-RCTText » RCTSinglelineTextInputView.mm
› Compiling react-native Pods/React-RCTText » RCTRawTextViewManager.mm
› Compiling react-native Pods/React-RCTText » RCTRawTextShadowView.mm
› Compiling react-native Pods/React-RCTText » RCTMultilineTextInputViewManager.mm
› Compiling react-native Pods/React-RCTText » RCTMultilineTextInputView.mm
› Compiling react-native Pods/React-RCTText » RCTInputAccessoryViewManager.mm
› Compiling react-native Pods/React-RCTText » RCTInputAccessoryViewContent.mm
› Compiling react-native Pods/React-RCTText » RCTInputAccessoryView.mm
› Compiling react-native Pods/React-RCTText » RCTInputAccessoryShadowView.mm
› Compiling react-native Pods/React-RCTText » RCTDynamicTypeRamp.mm
› Compiling react-native Pods/React-RCTText » RCTConvert+Text.mm
› Compiling react-native Pods/React-RCTText » RCTBaseTextViewManager.mm
› Compiling react-native Pods/React-RCTText » RCTBaseTextShadowView.mm
› Compiling react-native Pods/React-RCTText » RCTBaseTextInputViewManager.mm
› Compiling react-native Pods/React-RCTText » RCTBaseTextInputView.mm
› Compiling react-native Pods/React-RCTText » RCTBaseTextInputShadowView.mm
› Compiling react-native Pods/React-RCTText » RCTBackedTextInputDelegateAdapter.mm
› Creating  Pods/React-cxxreact-React-cxxreact_privacy » React-cxxreact_privacy.bundle
› Compiling react-native Pods/React-NativeModulesApple » RCTTurboModuleManager.mm
› Compiling react-native Pods/React-NativeModulesApple » RCTTurboModule.mm
› Compiling react-native Pods/React-NativeModulesApple » RCTInteropTurboModule.mm
› Compiling react-native Pods/React-NativeModulesApple » RCTTurboModuleManager.mm
› Compiling react-native Pods/React-NativeModulesApple » RCTTurboModule.mm
› Compiling react-native Pods/React-NativeModulesApple » RCTInteropTurboModule.mm
› Compiling react-native Pods/React-RCTText » React-RCTText-dummy.m
› Compiling react-native Pods/React-RCTText » NSTextStorage+FontScaling.m
› Compiling react-native Pods/React-RCTText » React-RCTText-dummy.m
› Compiling react-native Pods/React-RCTText » NSTextStorage+FontScaling.m
› Compiling react-native Pods/React-Mapbuffer » MapBufferBuilder.cpp
› Compiling react-native Pods/React-Mapbuffer » MapBuffer.cpp
› Compiling react-native Pods/React-Mapbuffer » MapBufferBuilder.cpp
› Compiling react-native Pods/React-Mapbuffer » MapBuffer.cpp
› Compiling react-native Pods/React-ImageManager » RCTSyncImageManager.mm
› Compiling react-native Pods/React-ImageManager » RCTImageManager.mm
› Compiling react-native Pods/React-ImageManager » ImageManager.mm
› Compiling react-native Pods/React-ImageManager » RCTSyncImageManager.mm
› Compiling react-native Pods/React-ImageManager » RCTImageManager.mm
› Compiling react-native Pods/React-ImageManager » ImageManager.mm
› Compiling react-native Pods/React-NativeModulesApple » React-NativeModulesApple-dummy.m
› Compiling react-native Pods/React-NativeModulesApple » React-NativeModulesApple-dummy.m
› Compiling react-native Pods/React-Mapbuffer » React-Mapbuffer-dummy.m
› Compiling react-native Pods/React-Mapbuffer » React-Mapbuffer-dummy.m
› Compiling react-native Pods/React-ImageManager » React-ImageManager-dummy.m
› Preparing Pods/React-Core-React-Core_privacy » ResourceBundle-React-Core_privacy-React-Core-Info.plist
› Compiling react-native Pods/React-FabricImage » ImageState.cpp
› Compiling react-native Pods/React-FabricImage » ImageShadowNode.cpp
› Compiling react-native Pods/React-ImageManager » React-ImageManager-dummy.m
› Compiling react-native Pods/React-FabricImage » ImageProps.cpp
› Compiling react-native Pods/React-FabricImage » ImageEventEmitter.cpp
› Compiling react-native Pods/React-FabricImage » ImageComponentDescriptor.cpp
› Compiling react-native Pods/React-FabricImage » ImageState.cpp
› Compiling react-native Pods/React-FabricImage » ImageShadowNode.cpp
› Compiling react-native Pods/React-FabricImage » ImageProps.cpp
› Compiling react-native Pods/React-FabricImage » ImageEventEmitter.cpp
› Compiling react-native Pods/React-FabricImage » ImageComponentDescriptor.cpp
› Copying   ../Library/Developer/Xcode/DerivedData/Flagstone-bxiulfhbbzyculedfaeyflzgjiot/Build/Products/Release-iphonesimulator/React-Core/React-Core_privacy.bundle/PrivacyInfo.xcprivacy ➜ node_modules/react-native/React/Resources/PrivacyInfo.xcprivacy
› Compiling react-native Pods/React-FabricImage » React-FabricImage-dummy.m
› Compiling react-native Pods/React-Fabric » utils.cpp
› Compiling react-native Pods/React-Fabric » updateMountedFlag.cpp
› Compiling react-native Pods/React-FabricImage » React-FabricImage-dummy.m
› Compiling react-native Pods/React-Fabric » stubs.cpp
› Compiling react-native Pods/React-Fabric » sliceChildShadowNodeViewPairs.cpp
› Compiling react-native Pods/React-Fabric » componentNameByReactViewName.cpp
› Compiling react-native Pods/React-Fabric » YogaStylableProps.cpp
› Compiling react-native Pods/React-Fabric » YogaLayoutableShadowNode.cpp
› Compiling react-native Pods/React-Fabric » WeakFamilyRegistry.cpp
› Compiling react-native Pods/React-Fabric » ViewShadowNode.cpp
› Compiling react-native Pods/React-Fabric » ValueFactoryEventPayload.cpp
› Compiling react-native Pods/React-Fabric » UnstableLegacyViewManagerAutomaticShadowNode.cpp
› Compiling react-native Pods/React-Fabric » UnstableLegacyViewManagerAutomaticComponentDescriptor.cpp
› Compiling react-native Pods/React-Fabric » UIManagerUpdateShadowTree.cpp
› Compiling react-native Pods/React-Fabric » UIManagerBinding.cpp
› Compiling react-native Pods/React-Fabric » UIManager.cpp
› Compiling react-native Pods/React-Fabric » TransactionTelemetry.cpp
› Compiling react-native Pods/React-Fabric » TouchEventEmitter.cpp
› Compiling react-native Pods/React-Fabric » TouchEvent.cpp
› Compiling react-native Pods/React-Fabric » TextAttributes.cpp
› Compiling react-native Pods/React-Fabric » TelemetryController.cpp
› Compiling react-native Pods/React-Fabric » SurfaceTelemetry.cpp
› Compiling react-native Pods/React-Fabric » SurfaceManager.cpp
› Compiling react-native Pods/React-Fabric » SurfaceHandler.cpp
› Compiling react-native Pods/React-Fabric » StubViewTree.cpp
› Compiling react-native Pods/React-Fabric » StubView.cpp
› Compiling react-native Pods/React-Fabric » StateUpdate.cpp
› Compiling react-native Pods/React-Fabric » State.cpp
› Compiling react-native Pods/React-Fabric » ShadowViewMutation.cpp
› Compiling react-native Pods/React-Fabric » ShadowView.cpp
› Compiling react-native Pods/React-Fabric » ShadowTreeRevisionConsistencyManager.cpp
› Compiling react-native Pods/React-Fabric » ShadowTreeRevision.cpp
› Compiling react-native Pods/React-Fabric » ShadowTreeRegistry.cpp
› Compiling react-native Pods/React-Fabric » ShadowTree.cpp
› Compiling react-native Pods/React-Fabric » ShadowNodeTraits.cpp
› Compiling react-native Pods/React-Fabric » ShadowNodeFragment.cpp
› Compiling react-native Pods/React-Fabric » ShadowNodeFamily.cpp
› Compiling react-native Pods/React-Fabric » ShadowNode.cpp
› Compiling react-native Pods/React-Fabric » Sealable.cpp
› Compiling react-native Pods/React-Fabric » ScrollViewState.cpp
› Compiling react-native Pods/React-Fabric » ScrollViewShadowNode.cpp
› Compiling react-native Pods/React-Fabric » ScrollViewEventEmitter.cpp
› Compiling react-native Pods/React-Fabric » ScrollEvent.cpp
› Compiling react-native Pods/React-Fabric » Scheduler.cpp
› Compiling react-native Pods/React-Fabric » RootShadowNode.cpp
› Compiling react-native Pods/React-Fabric » RootProps.cpp
› Compiling react-native Pods/React-Fabric » ReactRootViewTagGenerator.cpp
› Compiling react-native Pods/React-Fabric » RawValue.cpp
› Compiling react-native Pods/React-Fabric » RawPropsParser.cpp
› Compiling react-native Pods/React-Fabric » RawPropsKeyMap.cpp
› Compiling react-native Pods/React-Fabric » RawPropsKey.cpp
› Compiling react-native Pods/React-Fabric » RawProps.cpp
› Compiling react-native Pods/React-Fabric » RawEvent.cpp
› Compiling react-native Pods/React-Fabric » RCTLegacyViewManagerInteropCoordinator.mm
› Compiling react-native Pods/React-Fabric » Props.cpp
› Compiling react-native Pods/React-Fabric » PointerHoverTracker.cpp
› Compiling react-native Pods/React-Fabric » PointerEventsProcessor.cpp
› Compiling react-native Pods/React-Fabric » PointerEvent.cpp
› Compiling react-native Pods/React-Fabric » ParagraphAttributes.cpp
› Compiling react-native Pods/React-Fabric » NativeComponentRegistryBinding.cpp
› Compiling react-native Pods/React-Fabric » MountingTransaction.cpp
› Compiling react-native Pods/React-Fabric » MountingCoordinator.cpp
› Compiling react-native Pods/React-Fabric » LegacyViewManagerInteropViewProps.cpp
› Compiling react-native Pods/React-Fabric » LegacyViewManagerInteropState.mm
› Compiling react-native Pods/React-Fabric » LegacyViewManagerInteropShadowNode.cpp
› Compiling react-native Pods/React-Fabric » LegacyViewManagerInteropComponentDescriptor.mm
› Compiling react-native Pods/React-Fabric » LeakChecker.cpp
› Compiling react-native Pods/React-Fabric » LazyShadowTreeRevisionConsistencyManager.cpp
› Compiling react-native Pods/React-Fabric » LayoutableShadowNode.cpp
› Compiling react-native Pods/React-Fabric » LayoutMetrics.cpp
› Compiling react-native Pods/React-Fabric » LayoutConstraints.cpp
› Compiling react-native Pods/React-Fabric » LayoutAnimationKeyFrameManager.cpp
› Compiling react-native Pods/React-Fabric » LayoutAnimationDriver.cpp
› Compiling react-native Pods/React-Fabric » InstanceHandle.cpp
› Compiling react-native Pods/React-Fabric » ImageTelemetry.cpp
› Compiling react-native Pods/React-Fabric » ImageResponseObserverCoordinator.cpp
› Compiling react-native Pods/React-Fabric » ImageResponse.cpp
› Compiling react-native Pods/React-Fabric » ImageRequest.cpp
› Compiling react-native Pods/React-Fabric » EventTarget.cpp
› Compiling react-native Pods/React-Fabric » EventQueueProcessor.cpp
› Compiling react-native Pods/React-Fabric » EventQueue.cpp
› Compiling react-native Pods/React-Fabric » EventPerformanceLogger.cpp
› Compiling react-native Pods/React-Fabric » EventListener.cpp
› Compiling react-native Pods/React-Fabric » EventEmitter.cpp
› Compiling react-native Pods/React-Fabric » EventDispatcher.cpp
› Compiling react-native Pods/React-Fabric » EventBeat.cpp
› Compiling react-native Pods/React-Fabric » DynamicPropsUtilities.cpp
› Compiling react-native Pods/React-Fabric » DynamicEventPayload.cpp
› Compiling react-native Pods/React-Fabric » Differentiator.cpp
› Compiling react-native Pods/React-Fabric » DOM.cpp
› Compiling react-native Pods/React-Fabric » CullingContext.cpp
› Compiling react-native Pods/React-Fabric » ComponentDescriptorRegistry.cpp
› Compiling react-native Pods/React-Fabric » ComponentDescriptorProviderRegistry.cpp
› Compiling react-native Pods/React-Fabric » ComponentDescriptor.cpp
› Compiling react-native Pods/React-Fabric » BaseViewProps.cpp
› Compiling react-native Pods/React-Fabric » BaseViewEventEmitter.cpp
› Compiling react-native Pods/React-Fabric » BaseTouch.cpp
› Compiling react-native Pods/React-Fabric » BaseScrollViewProps.cpp
› Compiling react-native Pods/React-Fabric » AttributedStringBox.cpp
› Compiling react-native Pods/React-Fabric » AttributedString.cpp
› Compiling react-native Pods/React-Fabric » AppRegistryBinding.cpp
› Compiling react-native Pods/React-Fabric » AccessibilityProps.cpp
› Compiling react-native Pods/React-Fabric » utils.cpp
› Compiling react-native Pods/React-Fabric » updateMountedFlag.cpp
› Compiling react-native Pods/React-Fabric » stubs.cpp
› Compiling react-native Pods/React-Fabric » sliceChildShadowNodeViewPairs.cpp
› Compiling react-native Pods/React-Fabric » componentNameByReactViewName.cpp
› Compiling react-native Pods/React-Fabric » YogaStylableProps.cpp
› Compiling react-native Pods/React-Fabric » YogaLayoutableShadowNode.cpp
› Compiling react-native Pods/React-Fabric » WeakFamilyRegistry.cpp
› Compiling react-native Pods/React-Fabric » ViewShadowNode.cpp
› Compiling react-native Pods/React-Fabric » ValueFactoryEventPayload.cpp
› Compiling react-native Pods/React-Fabric » UnstableLegacyViewManagerAutomaticShadowNode.cpp
› Compiling react-native Pods/React-Fabric » UnstableLegacyViewManagerAutomaticComponentDescriptor.cpp
› Compiling react-native Pods/React-Fabric » UIManagerUpdateShadowTree.cpp
› Compiling react-native Pods/React-Fabric » UIManagerBinding.cpp
› Compiling react-native Pods/React-Fabric » UIManager.cpp
› Compiling react-native Pods/React-Fabric » TransactionTelemetry.cpp
› Compiling react-native Pods/React-Fabric » TouchEventEmitter.cpp
› Compiling react-native Pods/React-Fabric » TouchEvent.cpp
› Compiling react-native Pods/React-Fabric » TextAttributes.cpp
› Compiling react-native Pods/React-Fabric » TelemetryController.cpp
› Compiling react-native Pods/React-Fabric » SurfaceTelemetry.cpp
› Compiling react-native Pods/React-Fabric » SurfaceManager.cpp
› Compiling react-native Pods/React-Fabric » SurfaceHandler.cpp
› Compiling react-native Pods/React-Fabric » StubViewTree.cpp
› Compiling react-native Pods/React-Fabric » StubView.cpp
› Compiling react-native Pods/React-Fabric » StateUpdate.cpp
› Compiling react-native Pods/React-Fabric » State.cpp
› Compiling react-native Pods/React-Fabric » ShadowViewMutation.cpp
› Compiling react-native Pods/React-Fabric » ShadowView.cpp
› Compiling react-native Pods/React-Fabric » ShadowTreeRevisionConsistencyManager.cpp
› Compiling react-native Pods/React-Fabric » ShadowTreeRevision.cpp
› Compiling react-native Pods/React-Fabric » ShadowTreeRegistry.cpp
› Compiling react-native Pods/React-Fabric » ShadowTree.cpp
› Compiling react-native Pods/React-Fabric » ShadowNodeTraits.cpp
› Compiling react-native Pods/React-Fabric » ShadowNodeFragment.cpp
› Compiling react-native Pods/React-Fabric » ShadowNodeFamily.cpp
› Compiling react-native Pods/React-Fabric » ShadowNode.cpp
› Compiling react-native Pods/React-Fabric » Sealable.cpp
› Compiling react-native Pods/React-Fabric » ScrollViewState.cpp
› Compiling react-native Pods/React-Fabric » ScrollViewShadowNode.cpp
› Compiling react-native Pods/React-Fabric » ScrollViewEventEmitter.cpp
› Compiling react-native Pods/React-Fabric » ScrollEvent.cpp
› Compiling react-native Pods/React-Fabric » Scheduler.cpp
› Compiling react-native Pods/React-Fabric » RootShadowNode.cpp
› Compiling react-native Pods/React-Fabric » RootProps.cpp
› Compiling react-native Pods/React-Fabric » ReactRootViewTagGenerator.cpp
› Compiling react-native Pods/React-Fabric » RawValue.cpp
› Compiling react-native Pods/React-Fabric » RawPropsParser.cpp
› Compiling react-native Pods/React-Fabric » RawPropsKeyMap.cpp
› Compiling react-native Pods/React-Fabric » RawPropsKey.cpp
› Compiling react-native Pods/React-Fabric » RawProps.cpp
› Compiling react-native Pods/React-Fabric » RawEvent.cpp
› Compiling react-native Pods/React-Fabric » RCTLegacyViewManagerInteropCoordinator.mm
› Compiling react-native Pods/React-Fabric » Props.cpp
› Compiling react-native Pods/React-Fabric » PointerHoverTracker.cpp
› Compiling react-native Pods/React-Fabric » PointerEventsProcessor.cpp
› Compiling react-native Pods/React-Fabric » PointerEvent.cpp
› Compiling react-native Pods/React-Fabric » ParagraphAttributes.cpp
› Compiling react-native Pods/React-Fabric » NativeComponentRegistryBinding.cpp
› Compiling react-native Pods/React-Fabric » MountingTransaction.cpp
› Compiling react-native Pods/React-Fabric » MountingCoordinator.cpp
› Compiling react-native Pods/React-Fabric » LegacyViewManagerInteropViewProps.cpp
› Compiling react-native Pods/React-Fabric » LegacyViewManagerInteropState.mm
› Compiling react-native Pods/React-Fabric » LegacyViewManagerInteropShadowNode.cpp
› Compiling react-native Pods/React-Fabric » LegacyViewManagerInteropComponentDescriptor.mm
› Compiling react-native Pods/React-Fabric » LeakChecker.cpp
› Compiling react-native Pods/React-Fabric » LazyShadowTreeRevisionConsistencyManager.cpp
› Compiling react-native Pods/React-Fabric » LayoutableShadowNode.cpp
› Compiling react-native Pods/React-Fabric » LayoutMetrics.cpp
› Compiling react-native Pods/React-Fabric » LayoutConstraints.cpp
› Compiling react-native Pods/React-Fabric » LayoutAnimationKeyFrameManager.cpp
› Compiling react-native Pods/React-Fabric » LayoutAnimationDriver.cpp
› Compiling react-native Pods/React-Fabric » InstanceHandle.cpp
› Compiling react-native Pods/React-Fabric » ImageTelemetry.cpp
› Compiling react-native Pods/React-Fabric » ImageResponseObserverCoordinator.cpp
› Compiling react-native Pods/React-Fabric » ImageResponse.cpp
› Compiling react-native Pods/React-Fabric » ImageRequest.cpp
› Compiling react-native Pods/React-Fabric » EventTarget.cpp
› Compiling react-native Pods/React-Fabric » EventQueueProcessor.cpp
› Compiling react-native Pods/React-Fabric » EventQueue.cpp
› Compiling react-native Pods/React-Fabric » EventPerformanceLogger.cpp
› Compiling react-native Pods/React-Fabric » EventListener.cpp
› Compiling react-native Pods/React-Fabric » EventEmitter.cpp
› Compiling react-native Pods/React-Fabric » EventDispatcher.cpp
› Compiling react-native Pods/React-Fabric » EventBeat.cpp
› Compiling react-native Pods/React-Fabric » DynamicPropsUtilities.cpp
› Compiling react-native Pods/React-Fabric » DynamicEventPayload.cpp
› Compiling react-native Pods/React-Fabric » Differentiator.cpp
› Compiling react-native Pods/React-Fabric » DOM.cpp
› Compiling react-native Pods/React-Fabric » CullingContext.cpp
› Compiling react-native Pods/React-Fabric » ComponentDescriptorRegistry.cpp
› Compiling react-native Pods/React-Fabric » ComponentDescriptorProviderRegistry.cpp
› Compiling react-native Pods/React-Fabric » ComponentDescriptor.cpp
› Compiling react-native Pods/React-Fabric » BaseViewProps.cpp
› Compiling react-native Pods/React-Fabric » BaseViewEventEmitter.cpp
› Compiling react-native Pods/React-Fabric » BaseTouch.cpp
› Compiling react-native Pods/React-Fabric » BaseScrollViewProps.cpp
› Compiling react-native Pods/React-Fabric » AttributedStringBox.cpp
› Compiling react-native Pods/React-Fabric » AttributedString.cpp
› Compiling react-native Pods/React-Fabric » AppRegistryBinding.cpp
› Compiling react-native Pods/React-Fabric » AccessibilityProps.cpp
› Preparing Pods/RNSVG-RNSVGFilters » ResourceBundle-RNSVGFilters-RNSVG-Info.plist
› Compiling react-native Pods/React-Fabric » React-Fabric-dummy.m
› Copying   ../Library/Developer/Xcode/DerivedData/Flagstone-bxiulfhbbzyculedfaeyflzgjiot/Build/Products/Release-iphonesimulator/RNSVG/RNSVGFilters.bundle/RNSVGCompositeXor.iphoneos.metallib ➜ node_modules/react-native-svg/apple/Filters/MetalCI/RNSVGCompositeXor.iphoneos.metallib
› Copying   ../Library/Developer/Xcode/DerivedData/Flagstone-bxiulfhbbzyculedfaeyflzgjiot/Build/Products/Release-iphonesimulator/RNSVG/RNSVGFilters.bundle/RNSVGArithmeticFilter.iphoneos.metallib ➜ node_modules/react-native-svg/apple/Filters/MetalCI/RNSVGArithmeticFilter.iphoneos.metallib
› Compiling react-native Pods/React-Core » RCTUtils.mm
› Compiling react-native Pods/React-Core » RCTUIManagerObserverCoordinator.mm
› Compiling react-native Pods/React-Fabric » React-Fabric-dummy.m
› Compiling react-native Pods/React-Core » RCTUIManager.mm
› Compiling react-native Pods/React-Core » RCTSurfaceView.mm
› Compiling react-native Pods/React-Core » RCTSurfaceSizeMeasureMode.mm
› Compiling react-native Pods/React-Core » RCTSurfaceRootView.mm
› Compiling react-native Pods/React-Core » RCTSurfaceHostingView.mm
› Compiling react-native Pods/React-Core » RCTSurfaceHostingProxyRootView.mm
› Compiling react-native Pods/React-Core » RCTSurface.mm
› Compiling react-native Pods/React-Core » RCTPerformanceLogger.mm
› Compiling react-native Pods/React-Core » RCTPausedInDebuggerOverlayController.mm
› Compiling react-native Pods/React-Core » RCTPackagerConnection.mm
› Compiling react-native Pods/React-Core » RCTObjcExecutor.mm
› Compiling react-native Pods/React-Core » RCTNativeModule.mm
› Compiling react-native Pods/React-Core » RCTModuleMethod.mm
› Compiling react-native Pods/React-Core » RCTModuleData.mm
› Compiling react-native Pods/React-Core » RCTMessageThread.mm
› Compiling react-native Pods/React-Core » RCTManagedPointer.mm
› Compiling react-native Pods/React-Core » RCTLog.mm
› Compiling react-native Pods/React-Core » RCTLocalizedString.mm
› Compiling react-native Pods/React-Core » RCTJavaScriptLoader.mm
› Compiling react-native Pods/React-Core » RCTJSIExecutorRuntimeInstaller.mm
› Compiling react-native Pods/React-Core » RCTInspectorUtils.mm
› Compiling react-native Pods/React-Core » RCTInspectorNetworkHelper.mm
› Compiling react-native Pods/React-Core » RCTInspectorDevServerHelper.mm
› Compiling react-native Pods/React-Core » RCTInspector.mm
› Compiling react-native Pods/React-Core » RCTFont.mm
› Compiling react-native Pods/React-Core » RCTDefaultCxxLogFunction.mm
› Compiling react-native Pods/React-Core » RCTCxxUtils.mm
› Compiling react-native Pods/React-Core » RCTCxxModule.mm
› Compiling react-native Pods/React-Core » RCTCxxMethod.mm
› Compiling react-native Pods/React-Core » RCTCxxInspectorWebSocketAdapter.mm
› Compiling react-native Pods/React-Core » RCTCxxInspectorPackagerConnectionDelegate.mm
› Compiling react-native Pods/React-Core » RCTCxxInspectorPackagerConnection.mm
› Compiling react-native Pods/React-Core » RCTCxxBridge.mm
› Compiling react-native Pods/React-Core » RCTConvert.mm
› Compiling react-native Pods/React-Core » RCTComponentData.mm
› Compiling react-native Pods/React-Core » RCTCallInvoker.mm
› Compiling react-native Pods/React-Core » RCTBundleURLProvider.mm
› Compiling react-native Pods/React-Core » RCTBridgeProxy.mm
› Compiling react-native Pods/React-Core » RCTBridge.mm
› Compiling react-native Pods/React-Core » NSDataBigString.mm
› Compiling react-native Pods/React-Core » RCTUtils.mm
› Compiling react-native Pods/React-Core » RCTUIManagerObserverCoordinator.mm
› Compiling react-native Pods/React-Core » RCTUIManager.mm
› Compiling react-native Pods/React-Core » RCTSurfaceView.mm
› Compiling react-native Pods/React-Core » RCTSurfaceSizeMeasureMode.mm
› Compiling react-native Pods/React-Core » RCTSurfaceRootView.mm
› Compiling react-native Pods/React-Core » RCTSurfaceHostingView.mm
› Compiling react-native Pods/React-Core » RCTSurfaceHostingProxyRootView.mm
› Compiling react-native Pods/React-Core » RCTSurface.mm
› Compiling react-native Pods/React-Core » RCTPerformanceLogger.mm
› Compiling react-native Pods/React-Core » RCTPausedInDebuggerOverlayController.mm
› Compiling react-native Pods/React-Core » RCTPackagerConnection.mm
› Compiling react-native Pods/React-Core » RCTObjcExecutor.mm
› Compiling react-native Pods/React-Core » RCTNativeModule.mm
› Compiling react-native Pods/React-Core » RCTModuleMethod.mm
› Compiling react-native Pods/React-Core » RCTModuleData.mm
› Compiling react-native Pods/React-Core » RCTMessageThread.mm
› Compiling react-native Pods/React-Core » RCTManagedPointer.mm
› Compiling react-native Pods/React-Core » RCTLog.mm
› Compiling react-native Pods/React-Core » RCTLocalizedString.mm
› Compiling react-native Pods/React-Core » RCTJavaScriptLoader.mm
› Compiling react-native Pods/React-Core » RCTJSIExecutorRuntimeInstaller.mm
› Compiling react-native Pods/React-Core » RCTInspectorUtils.mm
› Compiling react-native Pods/React-Core » RCTInspectorNetworkHelper.mm
› Compiling react-native Pods/React-Core » RCTInspectorDevServerHelper.mm
› Compiling react-native Pods/React-Core » RCTInspector.mm
› Compiling react-native Pods/React-Core » RCTFont.mm
› Compiling react-native Pods/React-Core » RCTDefaultCxxLogFunction.mm
› Compiling react-native Pods/React-Core » RCTCxxUtils.mm
› Compiling react-native Pods/React-Core » RCTCxxModule.mm
› Compiling react-native Pods/React-Core » RCTCxxMethod.mm
› Compiling react-native Pods/React-Core » RCTCxxInspectorWebSocketAdapter.mm
› Compiling react-native Pods/React-Core » RCTCxxInspectorPackagerConnectionDelegate.mm
› Compiling react-native Pods/React-Core » RCTCxxInspectorPackagerConnection.mm
› Compiling react-native Pods/React-Core » RCTCxxBridge.mm
› Compiling react-native Pods/React-Core » RCTConvert.mm
› Compiling react-native Pods/React-Core » RCTComponentData.mm
› Compiling react-native Pods/React-Core » RCTCallInvoker.mm
› Compiling react-native Pods/React-Core » RCTBundleURLProvider.mm
› Compiling react-native Pods/React-Core » RCTBridgeProxy.mm
› Compiling react-native Pods/React-Core » RCTBridge.mm
› Compiling react-native Pods/React-Core » NSDataBigString.mm
› Compiling react-native Pods/React-Core » RCTVersion.m
› Compiling react-native Pods/React-Core » RCTUtilsUIOverride.m
› Compiling react-native Pods/React-Core » RCTUIManagerUtils.m
› Compiling react-native Pods/React-Core » RCTTouchEvent.m
› Compiling react-native Pods/React-Core » RCTSurfaceStage.m
› Compiling react-native Pods/React-Core » RCTSurfacePresenterStub.m
› Compiling react-native Pods/React-Core » RCTScrollEvent.m
› Compiling react-native Pods/React-Core » RCTSafeAreaViewLocalData.m
› Compiling react-native Pods/React-Core » RCTReloadCommand.m
› Compiling react-native Pods/React-Core » RCTRefreshControl.m
› Compiling react-native Pods/React-Core » RCTRedBoxSetEnabled.m
› Compiling react-native Pods/React-Core » RCTRedBoxExtraDataViewController.m
› Compiling react-native Pods/React-Core » RCTPerformanceLoggerLabels.m
› Compiling react-native Pods/React-Core » RCTParserUtils.m
› Compiling react-native Pods/React-Core » RCTPackagerClient.m
› Compiling react-native Pods/React-Core » RCTMultipartStreamReader.m
› Compiling react-native Pods/React-Core » RCTMultipartDataTask.m
› Compiling react-native Pods/React-Core » RCTModuleRegistry.m
› Compiling react-native Pods/React-Core » RCTModalManager.m
› Compiling react-native Pods/React-Core » RCTKeyCommands.m
› Compiling react-native Pods/React-Core » RCTJSThread.m
› Compiling react-native Pods/React-Core » RCTJSStackFrame.m
› Compiling react-native Pods/React-Core » RCTI18nUtil.m
› Compiling react-native Pods/React-Core » RCTFrameUpdate.m
› Compiling react-native Pods/React-Core » RCTEventEmitter.m
› Compiling react-native Pods/React-Core » RCTEventDispatcher.m
› Compiling react-native Pods/React-Core » RCTErrorInfo.m
› Compiling react-native Pods/React-Core » RCTDisplayLink.m
› Compiling react-native Pods/React-Core » RCTDevLoadingViewSetEnabled.m
› Compiling react-native Pods/React-Core » RCTCxxConvert.m
› Compiling react-native Pods/React-Core » RCTConstants.m
› Compiling react-native Pods/React-Core » RCTComponentEvent.m
› Compiling react-native Pods/React-Core » RCTCallableJSModules.m
› Compiling react-native Pods/React-Core » React-Core-dummy.m
› Compiling react-native Pods/React-Core » RCTBundleManager.m
› Compiling react-native Pods/React-Core » RCTBridgeModuleDecorator.m
› Compiling react-native Pods/React-Core » RCTBridgeConstants.m
› Compiling react-native Pods/React-Core » RCTBorderDrawing.m
› Compiling react-native Pods/React-Core » RCTAssert.m
› Compiling react-native Pods/React-Core » RCTActivityIndicatorView.m
› Compiling react-native Pods/React-Core » UIView+React.m
› Compiling react-native Pods/React-Core » RCTWrapperViewController.m
› Compiling react-native Pods/React-Core » RCTViewUtils.m
› Compiling react-native Pods/React-Core » RCTViewRegistry.m
› Compiling react-native Pods/React-Core » RCTViewManager.m
› Compiling react-native Pods/React-Core » RCTView.m
› Compiling react-native Pods/React-Core » RCTTouchHandler.m
› Compiling react-native Pods/React-Core » RCTSwitchManager.m
› Compiling react-native Pods/React-Core » RCTSwitch.m
› Compiling react-native Pods/React-Core » RCTSurfaceRootShadowView.m
› Compiling react-native Pods/React-Core » RCTShadowView.m
› Compiling react-native Pods/React-Core » RCTShadowView+Layout.m
› Compiling react-native Pods/React-Core » RCTShadowView+Internal.m
› Compiling react-native Pods/React-Core » RCTScrollViewManager.m
› Compiling react-native Pods/React-Core » RCTScrollView.m
› Compiling react-native Pods/React-Core » RCTScrollContentViewManager.m
› Compiling react-native Pods/React-Core » RCTScrollContentView.m
› Compiling react-native Pods/React-Core » RCTScrollContentShadowView.m
› Compiling react-native Pods/React-Core » RCTSafeAreaViewManager.m
› Compiling react-native Pods/React-Core » RCTSafeAreaView.m
› Compiling react-native Pods/React-Core » RCTSafeAreaShadowView.m
› Compiling react-native Pods/React-Core » RCTRootView.m
› Compiling react-native Pods/React-Core » RCTRootShadowView.m
› Compiling react-native Pods/React-Core » RCTRootContentView.m
› Compiling react-native Pods/React-Core » RCTRefreshControlManager.m
› Compiling react-native Pods/React-Core » RCTReconnectingWebSocket.m
› Compiling react-native Pods/React-Core » RCTProfile.m
› Compiling react-native Pods/React-Core » RCTModalHostViewManager.m
› Compiling react-native Pods/React-Core » RCTModalHostViewController.m
› Compiling react-native Pods/React-Core » RCTModalHostView.m
› Compiling react-native Pods/React-Core » RCTLayoutAnimationGroup.m
› Compiling react-native Pods/React-Core » RCTLayoutAnimation.m
› Compiling react-native Pods/React-Core » RCTLayout.m
› Compiling react-native Pods/React-Core » RCTImageSource.m
› Compiling react-native Pods/React-Core » RCTDebuggingOverlayManager.m
› Compiling react-native Pods/React-Core » RCTDebuggingOverlay.m
› Compiling react-native Pods/React-Core » RCTConvert+Transform.m
› Compiling react-native Pods/React-Core » RCTConvert+CoreLocation.m
› Compiling react-native Pods/React-Core » RCTActivityIndicatorViewManager.m
› Compiling react-native-svg Pods/RNSVG » RNSVGViewBox.mm
› Compiling react-native-svg Pods/RNSVG » RNSVGUseManager.mm
› Compiling react-native-svg Pods/RNSVG » RNSVGUse.mm
› Compiling react-native-svg Pods/RNSVG » RNSVGTopAlignedLabel.ios.mm
› Compiling react-native-svg Pods/RNSVG » RNSVGTextProperties.mm
› Compiling react-native-svg Pods/RNSVG » RNSVGTextPathManager.mm
› Compiling react-native-svg Pods/RNSVG » RNSVGTextPath.mm
› Compiling react-native-svg Pods/RNSVG » RNSVGTextManager.mm
› Compiling react-native-svg Pods/RNSVG » RNSVGText.mm
› Compiling react-native-svg Pods/RNSVG » RNSVGTSpanManager.mm
› Compiling react-native-svg Pods/RNSVG » RNSVGTSpan.mm
› Compiling react-native-svg Pods/RNSVG » RNSVGSymbolManager.mm
› Compiling react-native-svg Pods/RNSVG » RNSVGSymbol.mm
› Compiling react-native-svg Pods/RNSVG » RNSVGSvgViewModule.mm
› Compiling react-native-svg Pods/RNSVG » RNSVGSvgViewManager.mm
› Compiling react-native-svg Pods/RNSVG » RNSVGSvgView.mm
› Compiling react-native-svg Pods/RNSVG » RNSVGSolidColorBrush.mm
› Compiling react-native-svg Pods/RNSVG » RNSVGRenderableModule.mm
› Compiling react-native-svg Pods/RNSVG » RNSVGRenderableManager.mm
› Compiling react-native-svg Pods/RNSVG » RNSVGRenderable.mm
› Compiling react-native-svg Pods/RNSVG » RNSVGRenderUtils.mm
› Compiling react-native-svg Pods/RNSVG » RNSVGRectManager.mm
› Compiling react-native-svg Pods/RNSVG » RNSVGRect.mm
› Compiling react-native-svg Pods/RNSVG » RNSVGRadialGradientManager.mm
› Compiling react-native-svg Pods/RNSVG » RNSVGRadialGradient.mm
› Compiling react-native-svg Pods/RNSVG » RNSVGPropHelper.mm
› Compiling react-native-svg Pods/RNSVG » RNSVGPatternManager.mm
› Compiling react-native-svg Pods/RNSVG » RNSVGPattern.mm
› Compiling react-native-svg Pods/RNSVG » RNSVGPathParser.mm
› Compiling react-native-svg Pods/RNSVG » RNSVGPathMeasure.mm
› Compiling react-native-svg Pods/RNSVG » RNSVGPathManager.mm
› Compiling react-native-svg Pods/RNSVG » RNSVGPath.mm
› Compiling react-native-svg Pods/RNSVG » RNSVGPainterBrush.mm
› Compiling react-native-svg Pods/RNSVG » RNSVGPainter.mm
› Compiling react-native-svg Pods/RNSVG » RNSVGNodeManager.mm
› Compiling react-native-svg Pods/RNSVG » RNSVGNode.mm
› Compiling react-native-svg Pods/RNSVG » RNSVGMaskManager.mm
› Compiling react-native-svg Pods/RNSVG » RNSVGMask.mm
› Compiling react-native-svg Pods/RNSVG » RNSVGMarkerPosition.mm
› Compiling react-native-svg Pods/RNSVG » RNSVGMarkerManager.mm
› Compiling react-native-svg Pods/RNSVG » RNSVGMarker.mm
› Compiling react-native-svg Pods/RNSVG » RNSVGLinearGradientManager.mm
› Compiling react-native-svg Pods/RNSVG » RNSVGLinearGradient.mm
› Compiling react-native-svg Pods/RNSVG » RNSVGLineManager.mm
› Compiling react-native-svg Pods/RNSVG » RNSVGLine.mm
› Compiling react-native-svg Pods/RNSVG » RNSVGLength.mm
› Compiling react-native-svg Pods/RNSVG » RNSVGImageManager.mm
› Compiling react-native-svg Pods/RNSVG » RNSVGImage.mm
› Compiling react-native-svg Pods/RNSVG » RNSVGGroupManager.mm
› Compiling react-native-svg Pods/RNSVG » RNSVGGroup.mm
› Compiling react-native-svg Pods/RNSVG » RNSVGGlyphContext.mm
› Compiling react-native-svg Pods/RNSVG » RNSVGForeignObjectManager.mm
› Compiling react-native-svg Pods/RNSVG » RNSVGForeignObject.mm
› Compiling react-native-svg Pods/RNSVG » RNSVGFontData.mm
› Compiling react-native-svg Pods/RNSVG » RNSVGFilterRegion.mm
› Compiling react-native-svg Pods/RNSVG » RNSVGFilterPrimitiveManager.mm
› Compiling react-native-svg Pods/RNSVG » RNSVGFilterPrimitive.mm
› Compiling react-native-svg Pods/RNSVG » RNSVGFilterManager.mm
› Compiling react-native-svg Pods/RNSVG » RNSVGFilter.mm
› Compiling react-native-svg Pods/RNSVG » RNSVGFeOffsetManager.mm
› Compiling react-native-svg Pods/RNSVG » RNSVGFeOffset.mm
› Compiling react-native-svg Pods/RNSVG » RNSVGFeMergeManager.mm
› Compiling react-native-svg Pods/RNSVG » RNSVGFeMerge.mm
› Compiling react-native-svg Pods/RNSVG » RNSVGFeGaussianBlurManager.mm
› Compiling react-native-svg Pods/RNSVG » RNSVGFeGaussianBlur.mm
› Compiling react-native-svg Pods/RNSVG » RNSVGFeFloodManager.mm
› Compiling react-native-svg Pods/RNSVG » RNSVGFeFlood.mm
› Compiling react-native-svg Pods/RNSVG » RNSVGFeCompositeManager.mm
› Compiling react-native-svg Pods/RNSVG » RNSVGFeComposite.mm
› Compiling react-native-svg Pods/RNSVG » RNSVGFeColorMatrixManager.mm
› Compiling react-native-svg Pods/RNSVG » RNSVGFeColorMatrix.mm
› Compiling react-native-svg Pods/RNSVG » RNSVGFeBlendManager.mm
› Compiling react-native-svg Pods/RNSVG » RNSVGFeBlend.mm
› Compiling react-native-svg Pods/RNSVG » RNSVGEllipseManager.mm
› Compiling react-native-svg Pods/RNSVG » RNSVGEllipse.mm
› Compiling react-native-svg Pods/RNSVG » RNSVGDefsManager.mm
› Compiling react-native-svg Pods/RNSVG » RNSVGDefs.mm
› Compiling react-native-svg Pods/RNSVG » RNSVGCustomFilter.mm
› Compiling react-native-svg Pods/RNSVG » RNSVGConvert.mm
› Compiling react-native-svg Pods/RNSVG » RNSVGContextBrush.mm
› Compiling react-native-svg Pods/RNSVG » RNSVGCompositeXor.mm
› Compiling react-native-svg Pods/RNSVG » RNSVGClipPathManager.mm
› Compiling react-native-svg Pods/RNSVG » RNSVGClipPath.mm
› Compiling react-native-svg Pods/RNSVG » RNSVGCircleManager.mm
› Compiling react-native-svg Pods/RNSVG » RNSVGCircle.mm
› Compiling react-native-svg Pods/RNSVG » RNSVGBrush.mm
› Compiling react-native-svg Pods/RNSVG » RNSVGBezierElement.mm
› Compiling react-native-svg Pods/RNSVG » RNSVGArithmeticFilter.mm
› Compiling react-native-svg Pods/RNSVG » RCTConvert+RNSVG.mm
› Compiling react-native-svg Pods/RNSVG » RNSVGViewBox.mm
› Compiling react-native-svg Pods/RNSVG » RNSVGUseManager.mm
› Compiling react-native-svg Pods/RNSVG » RNSVGUse.mm
› Compiling react-native-svg Pods/RNSVG » RNSVGTopAlignedLabel.ios.mm
› Compiling react-native-svg Pods/RNSVG » RNSVGTextProperties.mm
› Compiling react-native-svg Pods/RNSVG » RNSVGTextPathManager.mm
› Compiling react-native-svg Pods/RNSVG » RNSVGTextPath.mm
› Compiling react-native-svg Pods/RNSVG » RNSVGTextManager.mm
› Compiling react-native-svg Pods/RNSVG » RNSVGText.mm
› Compiling react-native-svg Pods/RNSVG » RNSVGTSpanManager.mm
› Compiling react-native-svg Pods/RNSVG » RNSVGTSpan.mm
› Compiling react-native-svg Pods/RNSVG » RNSVGSymbolManager.mm
› Compiling react-native-svg Pods/RNSVG » RNSVGSymbol.mm
› Compiling react-native-svg Pods/RNSVG » RNSVGSvgViewModule.mm
› Compiling react-native-svg Pods/RNSVG » RNSVGSvgViewManager.mm
› Compiling react-native-svg Pods/RNSVG » RNSVGSvgView.mm
› Compiling react-native-svg Pods/RNSVG » RNSVGSolidColorBrush.mm
› Compiling react-native-svg Pods/RNSVG » RNSVGRenderableModule.mm
› Compiling react-native-svg Pods/RNSVG » RNSVGRenderableManager.mm
› Compiling react-native-svg Pods/RNSVG » RNSVGRenderable.mm
› Compiling react-native-svg Pods/RNSVG » RNSVGRenderUtils.mm
› Compiling react-native-svg Pods/RNSVG » RNSVGRectManager.mm
› Compiling react-native-svg Pods/RNSVG » RNSVGRect.mm
› Compiling react-native-svg Pods/RNSVG » RNSVGRadialGradientManager.mm
› Compiling react-native-svg Pods/RNSVG » RNSVGRadialGradient.mm
› Compiling react-native-svg Pods/RNSVG » RNSVGPropHelper.mm
› Compiling react-native-svg Pods/RNSVG » RNSVGPatternManager.mm
› Compiling react-native-svg Pods/RNSVG » RNSVGPattern.mm
› Compiling react-native-svg Pods/RNSVG » RNSVGPathParser.mm
› Compiling react-native-svg Pods/RNSVG » RNSVGPathMeasure.mm
› Compiling react-native-svg Pods/RNSVG » RNSVGPathManager.mm
› Compiling react-native-svg Pods/RNSVG » RNSVGPath.mm
› Compiling react-native-svg Pods/RNSVG » RNSVGPainterBrush.mm
› Compiling react-native-svg Pods/RNSVG » RNSVGPainter.mm
› Compiling react-native-svg Pods/RNSVG » RNSVGNodeManager.mm
› Compiling react-native-svg Pods/RNSVG » RNSVGNode.mm
› Compiling react-native-svg Pods/RNSVG » RNSVGMaskManager.mm
› Compiling react-native-svg Pods/RNSVG » RNSVGMask.mm
› Compiling react-native-svg Pods/RNSVG » RNSVGMarkerPosition.mm
› Compiling react-native-svg Pods/RNSVG » RNSVGMarkerManager.mm
› Compiling react-native-svg Pods/RNSVG » RNSVGMarker.mm
› Compiling react-native-svg Pods/RNSVG » RNSVGLinearGradientManager.mm
› Compiling react-native-svg Pods/RNSVG » RNSVGLinearGradient.mm
› Compiling react-native-svg Pods/RNSVG » RNSVGLineManager.mm
› Compiling react-native-svg Pods/RNSVG » RNSVGLine.mm
› Compiling react-native-svg Pods/RNSVG » RNSVGLength.mm
› Compiling react-native-svg Pods/RNSVG » RNSVGImageManager.mm
› Compiling react-native-svg Pods/RNSVG » RNSVGImage.mm
› Compiling react-native-svg Pods/RNSVG » RNSVGGroupManager.mm
› Compiling react-native-svg Pods/RNSVG » RNSVGGroup.mm
› Compiling react-native-svg Pods/RNSVG » RNSVGGlyphContext.mm
› Compiling react-native-svg Pods/RNSVG » RNSVGForeignObjectManager.mm
› Compiling react-native-svg Pods/RNSVG » RNSVGForeignObject.mm
› Compiling react-native-svg Pods/RNSVG » RNSVGFontData.mm
› Compiling react-native-svg Pods/RNSVG » RNSVGFilterRegion.mm
› Compiling react-native-svg Pods/RNSVG » RNSVGFilterPrimitiveManager.mm
› Compiling react-native-svg Pods/RNSVG » RNSVGFilterPrimitive.mm
› Compiling react-native-svg Pods/RNSVG » RNSVGFilterManager.mm
› Compiling react-native-svg Pods/RNSVG » RNSVGFilter.mm
› Compiling react-native-svg Pods/RNSVG » RNSVGFeOffsetManager.mm
› Compiling react-native-svg Pods/RNSVG » RNSVGFeOffset.mm
› Compiling react-native-svg Pods/RNSVG » RNSVGFeMergeManager.mm
› Compiling react-native-svg Pods/RNSVG » RNSVGFeMerge.mm
› Compiling react-native-svg Pods/RNSVG » RNSVGFeGaussianBlurManager.mm
› Compiling react-native-svg Pods/RNSVG » RNSVGFeGaussianBlur.mm
› Compiling react-native-svg Pods/RNSVG » RNSVGFeFloodManager.mm
› Compiling react-native-svg Pods/RNSVG » RNSVGFeFlood.mm
› Compiling react-native-svg Pods/RNSVG » RNSVGFeCompositeManager.mm
› Compiling react-native-svg Pods/RNSVG » RNSVGFeComposite.mm
› Compiling react-native-svg Pods/RNSVG » RNSVGFeColorMatrixManager.mm
› Compiling react-native-svg Pods/RNSVG » RNSVGFeColorMatrix.mm
› Compiling react-native-svg Pods/RNSVG » RNSVGFeBlendManager.mm
› Compiling react-native-svg Pods/RNSVG » RNSVGFeBlend.mm
› Compiling react-native-svg Pods/RNSVG » RNSVGEllipseManager.mm
› Compiling react-native-svg Pods/RNSVG » RNSVGEllipse.mm
› Compiling react-native-svg Pods/RNSVG » RNSVGDefsManager.mm
› Compiling react-native-svg Pods/RNSVG » RNSVGDefs.mm
› Compiling react-native-svg Pods/RNSVG » RNSVGCustomFilter.mm
› Compiling react-native-svg Pods/RNSVG » RNSVGConvert.mm
› Compiling react-native-svg Pods/RNSVG » RNSVGContextBrush.mm
› Compiling react-native-svg Pods/RNSVG » RNSVGCompositeXor.mm
› Compiling react-native-svg Pods/RNSVG » RNSVGClipPathManager.mm
› Compiling react-native-svg Pods/RNSVG » RNSVGClipPath.mm
› Compiling react-native-svg Pods/RNSVG » RNSVGCircleManager.mm
› Compiling react-native-svg Pods/RNSVG » RNSVGCircle.mm
› Compiling react-native-svg Pods/RNSVG » RNSVGBrush.mm
› Compiling react-native-svg Pods/RNSVG » RNSVGBezierElement.mm
› Compiling react-native-svg Pods/RNSVG » RNSVGArithmeticFilter.mm
› Compiling react-native-svg Pods/RNSVG » RCTConvert+RNSVG.mm
› Creating  Pods/React-Core-React-Core_privacy » React-Core_privacy.bundle
› Preparing Pods/RNCAsyncStorage-RNCAsyncStorage_resources » ResourceBundle-RNCAsyncStorage_resources-RNCAsyncStorage-Info.plist
› Copying   ../Library/Developer/Xcode/DerivedData/Flagstone-bxiulfhbbzyculedfaeyflzgjiot/Build/Products/Release-iphonesimulator/RNCAsyncStorage/RNCAsyncStorage_resources.bundle/PrivacyInfo.xcprivacy ➜ node_modules/@react-native-async-storage/async-storage/ios/PrivacyInfo.xcprivacy
› Compiling @react-native-async-storage/async-storage Pods/RNCAsyncStorage » RNCAsyncStorage.mm
› Compiling @react-native-async-storage/async-storage Pods/RNCAsyncStorage » RNCAsyncStorage.mm
› Compiling @react-native-async-storage/async-storage Pods/RNCAsyncStorage » RNCAsyncStorage-dummy.m
› Creating  Pods/RNSVG-RNSVGFilters » RNSVGFilters.bundle
› Creating  Pods/RNCAsyncStorage-RNCAsyncStorage_resources » RNCAsyncStorage_resources.bundle
› Compiling react-native Pods/RCTTypeSafety » RCTTypedModuleConstants.mm
› Compiling react-native Pods/RCTTypeSafety » RCTConvertHelpers.mm
› Compiling react-native Pods/RCTTypeSafety » RCTTypedModuleConstants.mm
› Compiling react-native Pods/React-Core » React-Core-dummy.m
› Compiling react-native Pods/React-Core » RCTVersion.m
› Compiling react-native Pods/React-Core » RCTUtilsUIOverride.m
› Compiling react-native Pods/React-Core » RCTUIManagerUtils.m
› Compiling react-native Pods/React-Core » RCTTouchEvent.m
› Compiling react-native Pods/React-Core » RCTSurfaceStage.m
› Compiling react-native Pods/React-Core » RCTSurfacePresenterStub.m
› Compiling react-native Pods/React-Core » RCTScrollEvent.m
› Compiling react-native Pods/React-Core » RCTSafeAreaViewLocalData.m
› Compiling react-native Pods/React-Core » RCTReloadCommand.m
› Compiling react-native Pods/React-Core » RCTRefreshControl.m
› Compiling react-native Pods/React-Core » RCTRedBoxSetEnabled.m
› Compiling react-native Pods/React-Core » RCTRedBoxExtraDataViewController.m
› Compiling react-native Pods/React-Core » RCTPerformanceLoggerLabels.m
› Compiling react-native Pods/React-Core » RCTParserUtils.m
› Compiling react-native Pods/React-Core » RCTPackagerClient.m
› Compiling react-native Pods/React-Core » RCTMultipartStreamReader.m
› Compiling react-native Pods/React-Core » RCTMultipartDataTask.m
› Compiling react-native Pods/React-Core » RCTModuleRegistry.m
› Compiling react-native Pods/React-Core » RCTModalManager.m
› Compiling react-native Pods/React-Core » RCTKeyCommands.m
› Compiling react-native Pods/React-Core » RCTJSThread.m
› Compiling react-native Pods/React-Core » RCTJSStackFrame.m
› Compiling react-native Pods/React-Core » RCTI18nUtil.m
› Compiling react-native Pods/React-Core » RCTFrameUpdate.m
› Compiling react-native Pods/React-Core » RCTEventEmitter.m
› Compiling react-native Pods/React-Core » RCTEventDispatcher.m
› Compiling react-native Pods/React-Core » RCTErrorInfo.m
› Compiling react-native Pods/React-Core » RCTDisplayLink.m
› Compiling react-native Pods/React-Core » RCTDevLoadingViewSetEnabled.m
› Compiling react-native Pods/React-Core » RCTCxxConvert.m
› Compiling react-native Pods/React-Core » RCTConstants.m
› Compiling react-native Pods/React-Core » RCTComponentEvent.m
› Compiling react-native Pods/React-Core » RCTCallableJSModules.m
› Compiling react-native Pods/React-Core » RCTBundleManager.m
› Compiling react-native Pods/React-Core » RCTBridgeModuleDecorator.m
› Compiling react-native Pods/React-Core » RCTBridgeConstants.m
› Compiling react-native Pods/React-Core » RCTBorderDrawing.m
› Compiling react-native Pods/React-Core » RCTAssert.m
› Compiling react-native Pods/React-Core » RCTActivityIndicatorView.m
› Compiling @react-native-async-storage/async-storage Pods/RNCAsyncStorage » RNCAsyncStorage-dummy.m
› Compiling react-native Pods/RCTTypeSafety » RCTConvertHelpers.mm
› Compiling react-native Pods/RCTDeprecation » RCTDeprecation-dummy.m
› Compiling react-native Pods/React-Core » UIView+React.m
› Compiling react-native Pods/React-Core » RCTWrapperViewController.m
› Compiling react-native Pods/React-Core » RCTViewUtils.m
› Compiling react-native Pods/React-Core » RCTViewRegistry.m
› Compiling react-native Pods/React-Core » RCTViewManager.m
› Compiling react-native Pods/React-Core » RCTView.m
› Compiling react-native Pods/React-Core » RCTTouchHandler.m
› Compiling react-native Pods/React-Core » RCTSwitchManager.m
› Compiling react-native Pods/React-Core » RCTSwitch.m
› Compiling react-native Pods/React-Core » RCTSurfaceRootShadowView.m
› Compiling react-native Pods/React-Core » RCTShadowView.m
› Compiling react-native Pods/React-Core » RCTShadowView+Layout.m
› Compiling react-native Pods/React-Core » RCTShadowView+Internal.m
› Compiling react-native Pods/React-Core » RCTScrollViewManager.m
› Compiling react-native Pods/React-Core » RCTScrollView.m
› Compiling react-native Pods/React-Core » RCTScrollContentViewManager.m
› Compiling react-native Pods/React-Core » RCTScrollContentView.m
› Compiling react-native Pods/React-Core » RCTScrollContentShadowView.m
› Compiling react-native Pods/React-Core » RCTSafeAreaViewManager.m
› Compiling react-native Pods/React-Core » RCTSafeAreaView.m
› Compiling react-native Pods/React-Core » RCTSafeAreaShadowView.m
› Compiling react-native Pods/React-Core » RCTRootView.m
› Compiling react-native Pods/React-Core » RCTRootShadowView.m
› Compiling react-native Pods/React-Core » RCTRootContentView.m
› Compiling react-native Pods/React-Core » RCTRefreshControlManager.m
› Compiling react-native Pods/React-Core » RCTReconnectingWebSocket.m
› Compiling react-native Pods/React-Core » RCTProfile.m
› Compiling react-native Pods/React-Core » RCTModalHostViewManager.m
› Compiling react-native Pods/React-Core » RCTModalHostViewController.m
› Compiling react-native Pods/React-Core » RCTModalHostView.m
› Compiling react-native Pods/React-Core » RCTLayoutAnimationGroup.m
› Compiling react-native Pods/React-Core » RCTLayoutAnimation.m
› Compiling react-native Pods/React-Core » RCTLayout.m
› Compiling react-native Pods/React-Core » RCTImageSource.m
› Compiling react-native Pods/React-Core » RCTDebuggingOverlayManager.m
› Compiling react-native Pods/React-Core » RCTDebuggingOverlay.m
› Compiling react-native Pods/React-Core » RCTConvert+Transform.m
› Compiling react-native Pods/React-Core » RCTConvert+CoreLocation.m
› Compiling react-native Pods/React-Core » RCTActivityIndicatorViewManager.m
› Compiling react-native Pods/RCTTypeSafety » RCTTypeSafety-dummy.m
› Compiling react-native Pods/RCTDeprecation » RCTDeprecation-dummy.m
› Compiling react-native Pods/RCTTypeSafety » RCTTypeSafety-dummy.m
› Preparing Pods/RCT-Folly-RCT-Folly_privacy » ResourceBundle-RCT-Folly_privacy-RCT-Folly-Info.plist
› Preparing Pods/ExpoFileSystem-ExpoFileSystem_privacy » ResourceBundle-ExpoFileSystem_privacy-ExpoFileSystem-Info.plist
› Compiling react-native Pods/RCT-Folly » json_pointer.cpp
› Compiling react-native Pods/RCT-Folly » json.cpp
› Compiling react-native Pods/RCT-Folly » dynamic.cpp
› Compiling react-native Pods/RCT-Folly » UniqueInstance.cpp
› Compiling react-native Pods/RCT-Folly » Unicode.cpp
› Compiling react-native Pods/RCT-Folly » ToAscii.cpp
› Compiling react-native Pods/RCT-Folly » ThreadId.cpp
› Compiling react-native Pods/RCT-Folly » SysUio.cpp
› Compiling react-native Pods/RCT-Folly » String.cpp
› Compiling react-native Pods/RCT-Folly » StaticSingletonManager.cpp
› Compiling react-native Pods/RCT-Folly » SpookyHashV2.cpp
› Compiling react-native Pods/RCT-Folly » SplitStringSimd.cpp
› Compiling react-native Pods/RCT-Folly » SharedMutex.cpp
› Compiling react-native Pods/RCT-Folly » ScopeGuard.cpp
› Compiling react-native Pods/RCT-Folly » SanitizeThread.cpp
› Compiling react-native Pods/RCT-Folly » SafeAssert.cpp
› Compiling react-native Pods/RCT-Folly » ReentrantAllocator.cpp
› Compiling react-native Pods/RCT-Folly » ParkingLot.cpp
› Compiling react-native Pods/RCT-Folly » NetOps.cpp
› Compiling react-native Pods/RCT-Folly » MallocImpl.cpp
› Compiling react-native Pods/RCT-Folly » Futex.cpp
› Compiling react-native Pods/RCT-Folly » Format.cpp
› Compiling react-native Pods/RCT-Folly » FileUtilDetail.cpp
› Compiling react-native Pods/RCT-Folly » FileUtil.cpp
› Compiling react-native Pods/RCT-Folly » F14Table.cpp
› Compiling react-native Pods/RCT-Folly » Exception.cpp
› Compiling react-native Pods/RCT-Folly » Demangle.cpp
› Compiling react-native Pods/RCT-Folly » Conv.cpp
› Compiling react-native Pods/RCT-Folly » CacheLocality.cpp
› Compiling react-native Pods/RCT-Folly » CString.cpp
› Compiling react-native Pods/RCT-Folly » AtFork.cpp
› Compiling react-native Pods/RCT-Folly » json_pointer.cpp
› Compiling react-native Pods/RCT-Folly » json.cpp
› Compiling react-native Pods/RCT-Folly » dynamic.cpp
› Compiling react-native Pods/RCT-Folly » UniqueInstance.cpp
› Compiling react-native Pods/RCT-Folly » Unicode.cpp
› Compiling react-native Pods/RCT-Folly » ToAscii.cpp
› Compiling react-native Pods/RCT-Folly » ThreadId.cpp
› Compiling react-native Pods/RCT-Folly » SysUio.cpp
› Compiling react-native Pods/RCT-Folly » String.cpp
› Compiling react-native Pods/RCT-Folly » StaticSingletonManager.cpp
› Compiling react-native Pods/RCT-Folly » SpookyHashV2.cpp
› Compiling react-native Pods/RCT-Folly » SplitStringSimd.cpp
› Compiling react-native Pods/RCT-Folly » SharedMutex.cpp
› Compiling react-native Pods/RCT-Folly » ScopeGuard.cpp
› Compiling react-native Pods/RCT-Folly » SanitizeThread.cpp
› Compiling react-native Pods/RCT-Folly » SafeAssert.cpp
› Compiling react-native Pods/RCT-Folly » ReentrantAllocator.cpp
› Compiling react-native Pods/RCT-Folly » ParkingLot.cpp
› Compiling react-native Pods/RCT-Folly » NetOps.cpp
› Compiling react-native Pods/RCT-Folly » MallocImpl.cpp
› Compiling react-native Pods/RCT-Folly » Futex.cpp
› Compiling react-native Pods/RCT-Folly » Format.cpp
› Compiling react-native Pods/RCT-Folly » FileUtilDetail.cpp
› Compiling react-native Pods/RCT-Folly » FileUtil.cpp
› Compiling react-native Pods/RCT-Folly » F14Table.cpp
› Compiling react-native Pods/RCT-Folly » Exception.cpp
› Compiling react-native Pods/RCT-Folly » Demangle.cpp
› Compiling react-native Pods/RCT-Folly » Conv.cpp
› Compiling react-native Pods/RCT-Folly » CacheLocality.cpp
› Compiling react-native Pods/RCT-Folly » CString.cpp
› Compiling react-native Pods/RCT-Folly » AtFork.cpp
› Compiling react-native Pods/RCT-Folly » RCT-Folly-dummy.m
› Compiling react-native Pods/RCTDeprecation » RCTDeprecation.m
› Compiling react-native Pods/RCT-Folly » RCT-Folly-dummy.m
› Copying   ../Library/Developer/Xcode/DerivedData/Flagstone-bxiulfhbbzyculedfaeyflzgjiot/Build/Products/Release-iphonesimulator/ExpoFileSystem/ExpoFileSystem_privacy.bundle/PrivacyInfo.xcprivacy ➜ node_modules/expo-file-system/ios/PrivacyInfo.xcprivacy
› Packaging react-native Pods/RCTDeprecation » libRCTDeprecation.a
› Compiling react-native-svg Pods/RNSVG » RNSVG-dummy.m
› Compiling react-native-svg Pods/RNSVG » RNSVG-dummy.m
› Preparing Pods/EXNotifications-ExpoNotifications_privacy » ResourceBundle-ExpoNotifications_privacy-EXNotifications-Info.plist
› Copying   ../Library/Developer/Xcode/DerivedData/Flagstone-bxiulfhbbzyculedfaeyflzgjiot/Build/Products/Release-iphonesimulator/EXNotifications/ExpoNotifications_privacy.bundle/PrivacyInfo.xcprivacy ➜ node_modules/expo-notifications/ios/PrivacyInfo.xcprivacy
› Creating  Pods/RCT-Folly-RCT-Folly_privacy » RCT-Folly_privacy.bundle
› Creating  Pods/ExpoFileSystem-ExpoFileSystem_privacy » ExpoFileSystem_privacy.bundle
› Preparing Pods/EXConstants-ExpoConstants_privacy » ResourceBundle-ExpoConstants_privacy-EXConstants-Info.plist
› Copying   ../Library/Developer/Xcode/DerivedData/Flagstone-bxiulfhbbzyculedfaeyflzgjiot/Build/Products/Release-iphonesimulator/EXConstants/ExpoConstants_privacy.bundle/PrivacyInfo.xcprivacy ➜ node_modules/expo-constants/ios/PrivacyInfo.xcprivacy
› Creating  Pods/EXNotifications-ExpoNotifications_privacy » ExpoNotifications_privacy.bundle
› Preparing expo-constants Pods/EXConstants-EXConstants » ResourceBundle-EXConstants-EXConstants-Info.plist
› Preparing Pods/EXApplication-ExpoApplication_privacy » ResourceBundle-ExpoApplication_privacy-EXApplication-Info.plist
› Copying   ../Library/Developer/Xcode/DerivedData/Flagstone-bxiulfhbbzyculedfaeyflzgjiot/Build/Products/Release-iphonesimulator/EXApplication/ExpoApplication_privacy.bundle/PrivacyInfo.xcprivacy ➜ node_modules/expo-application/ios/PrivacyInfo.xcprivacy
› Compiling expo-json-utils Pods/EXJSONUtils » NSDictionary+EXJSONUtils.m
› Compiling expo-json-utils Pods/EXJSONUtils » EXJSONUtils-dummy.m
› Compiling react-native Pods/DoubleConversion » strtod.cc
› Compiling react-native Pods/DoubleConversion » fixed-dtoa.cc
› Compiling react-native Pods/DoubleConversion » fast-dtoa.cc
› Compiling react-native Pods/DoubleConversion » double-conversion.cc
› Packaging expo-json-utils Pods/EXJSONUtils » libEXJSONUtils.a
› Compiling expo-json-utils Pods/EXJSONUtils » NSDictionary+EXJSONUtils.m
› Compiling expo-json-utils Pods/EXJSONUtils » EXJSONUtils-dummy.m
› Compiling react-native Pods/DoubleConversion » diy-fp.cc
› Compiling react-native Pods/DoubleConversion » cached-powers.cc
› Compiling react-native Pods/DoubleConversion » bignum.cc
› Compiling react-native Pods/DoubleConversion » bignum-dtoa.cc
› Packaging expo-json-utils Pods/EXJSONUtils » libEXJSONUtils.a
› Compiling react-native Pods/DoubleConversion » strtod.cc
› Compiling react-native Pods/DoubleConversion » fixed-dtoa.cc
› Compiling react-native Pods/DoubleConversion » fast-dtoa.cc
› Compiling react-native Pods/DoubleConversion » double-conversion.cc
› Compiling react-native Pods/DoubleConversion » diy-fp.cc
› Compiling react-native Pods/DoubleConversion » cached-powers.cc
› Compiling react-native Pods/DoubleConversion » bignum.cc
› Compiling react-native Pods/DoubleConversion » bignum-dtoa.cc
› Creating  Pods/EXConstants-ExpoConstants_privacy » ExpoConstants_privacy.bundle
› Creating  expo-constants Pods/EXConstants-EXConstants » EXConstants.bundle
› Creating  Pods/EXApplication-ExpoApplication_privacy » ExpoApplication_privacy.bundle
› Compiling react-native Pods/DoubleConversion » DoubleConversion-dummy.m
› Compiling react-native Pods/RCTDeprecation » RCTDeprecation.m
› Packaging react-native Pods/DoubleConversion » libDoubleConversion.a
› Packaging react-native Pods/RCTDeprecation » libRCTDeprecation.a
› Compiling react-native Pods/DoubleConversion » DoubleConversion-dummy.m
› Packaging react-native Pods/DoubleConversion » libDoubleConversion.a
› Packaging react-native Pods/RCT-Folly » libRCT-Folly.a
› Packaging react-native Pods/RCT-Folly » libRCT-Folly.a
› Packaging react-native Pods/React-Mapbuffer » libReact-Mapbuffer.a
› Packaging react-native Pods/React-Mapbuffer » libReact-Mapbuffer.a
› Packaging react-native Pods/React-featureflags » libReact-featureflags.a
› Packaging react-native Pods/React-featureflags » libReact-featureflags.a
› Packaging react-native Pods/React-logger » libReact-logger.a
› Packaging react-native Pods/React-logger » libReact-logger.a
› Packaging react-native Pods/React-rendererdebug » libReact-rendererdebug.a
› Packaging react-native Pods/React-rendererdebug » libReact-rendererdebug.a
› Packaging react-native Pods/React-perflogger » libReact-perflogger.a
› Packaging react-native Pods/React-perflogger » libReact-perflogger.a
› Packaging react-native Pods/React-jsinspectortracing » libReact-jsinspectortracing.a
› Packaging react-native Pods/React-jsinspectortracing » libReact-jsinspectortracing.a
› Packaging react-native Pods/React-jsinspectorcdp » libReact-jsinspectorcdp.a
› Packaging react-native Pods/React-jsinspectorcdp » libReact-jsinspectorcdp.a
› Packaging react-native Pods/React-jsi » libReact-jsi.a
› Packaging react-native Pods/React-jsi » libReact-jsi.a
› Packaging react-native Pods/React-performancetimeline » libReact-performancetimeline.a
› Packaging react-native Pods/React-performancetimeline » libReact-performancetimeline.a
› Packaging react-native Pods/React-utils » libReact-utils.a
› Packaging react-native Pods/React-utils » libReact-utils.a
› Packaging react-native Pods/React-runtimeexecutor » libReact-runtimeexecutor.a
› Packaging react-native Pods/React-renderercss » libReact-renderercss.a
› Packaging react-native Pods/React-renderercss » libReact-renderercss.a
› Packaging react-native Pods/React-runtimeexecutor » libReact-runtimeexecutor.a
› Packaging react-native Pods/React-jsinspectornetwork » libReact-jsinspectornetwork.a
› Packaging react-native Pods/React-jsinspectornetwork » libReact-jsinspectornetwork.a
› Packaging react-native Pods/React-jsinspector » libReact-jsinspector.a
› Packaging react-native Pods/React-jsinspector » libReact-jsinspector.a
› Packaging react-native Pods/React-cxxreact » libReact-cxxreact.a
› Packaging react-native Pods/React-cxxreact » libReact-cxxreact.a
› Packaging react-native Pods/React-jsitooling » libReact-jsitooling.a
› Packaging react-native Pods/React-runtimescheduler » libReact-runtimescheduler.a
› Packaging react-native Pods/React-jsitooling » libReact-jsitooling.a
› Packaging react-native Pods/React-jsiexecutor » libReact-jsiexecutor.a
› Packaging react-native Pods/React-jsiexecutor » libReact-jsiexecutor.a
› Packaging react-native Pods/React-runtimescheduler » libReact-runtimescheduler.a
› Packaging react-native Pods/ReactCommon » libReactCommon.a
› Packaging react-native Pods/ReactCommon » libReactCommon.a
› Packaging react-native Pods/React-hermes » libReact-hermes.a
› Packaging react-native Pods/React-hermes » libReact-hermes.a
› Packaging react-native Pods/React-graphics » libReact-graphics.a
› Packaging react-native Pods/React-graphics » libReact-graphics.a
› Packaging react-native Pods/React-jserrorhandler » libReact-jserrorhandler.a
› Packaging react-native Pods/React-jserrorhandler » libReact-jserrorhandler.a
› Packaging react-native Pods/React-Core » libReact-Core.a
› Packaging react-native Pods/React-Core » libReact-Core.a
› Packaging react-native Pods/React-NativeModulesApple » libReact-NativeModulesApple.a
› Packaging react-native-svg Pods/RNSVG » libRNSVG.a
› Packaging react-native Pods/React-NativeModulesApple » libReact-NativeModulesApple.a
› Packaging react-native Pods/React-RCTText » libReact-RCTText.a
› Packaging react-native Pods/React-RCTText » libReact-RCTText.a
› Packaging react-native-svg Pods/RNSVG » libRNSVG.a
› Packaging react-native-safe-area-context Pods/react-native-safe-area-context » libreact-native-safe-area-context.a
› Packaging react-native-safe-area-context Pods/react-native-safe-area-context » libreact-native-safe-area-context.a
› Packaging react-native-maps Pods/react-native-maps » libreact-native-maps.a
› Packaging react-native-maps Pods/react-native-maps » libreact-native-maps.a
› Packaging @react-native-async-storage/async-storage Pods/RNCAsyncStorage » libRNCAsyncStorage.a
› Packaging @react-native-async-storage/async-storage Pods/RNCAsyncStorage » libRNCAsyncStorage.a
› Packaging react-native Pods/RCTTypeSafety » libRCTTypeSafety.a
› Packaging react-native Pods/RCTTypeSafety » libRCTTypeSafety.a
› Packaging react-native Pods/React-Fabric » libReact-Fabric.a
› Packaging react-native Pods/React-Fabric » libReact-Fabric.a
› Packaging react-native Pods/React-ImageManager » libReact-ImageManager.a
› Executing react-native Pods/React-RCTFBReactNativeSpec » [CP-User] [RN]Check FBReactNativeSpec
› Packaging react-native Pods/React-RuntimeCore » libReact-RuntimeCore.a
› Packaging react-native Pods/React-RuntimeCore » libReact-RuntimeCore.a
› Packaging react-native Pods/React-ImageManager » libReact-ImageManager.a
› Packaging react-native Pods/React-FabricImage » libReact-FabricImage.a
› Packaging react-native Pods/React-FabricImage » libReact-FabricImage.a
› Packaging react-native Pods/React-RuntimeHermes » libReact-RuntimeHermes.a
› Packaging react-native Pods/React-RuntimeHermes » libReact-RuntimeHermes.a
› Compiling react-native Pods/React-RCTFBReactNativeSpec » States.cpp
› Compiling react-native Pods/React-RCTFBReactNativeSpec » ShadowNodes.cpp
› Compiling react-native Pods/React-RCTFBReactNativeSpec » Props.cpp
› Compiling react-native Pods/React-RCTFBReactNativeSpec » FBReactNativeSpec-generated.mm
› Compiling react-native Pods/React-RCTFBReactNativeSpec » EventEmitters.cpp
› Compiling react-native Pods/React-RCTFBReactNativeSpec » ComponentDescriptors.cpp
› Compiling react-native Pods/React-RCTFBReactNativeSpec » FBReactNativeSpecJSI-generated.cpp
› Compiling react-native Pods/React-RCTFBReactNativeSpec » States.cpp
› Compiling react-native Pods/React-RCTFBReactNativeSpec » ShadowNodes.cpp
› Compiling react-native Pods/React-RCTFBReactNativeSpec » Props.cpp
› Compiling react-native Pods/React-RCTFBReactNativeSpec » FBReactNativeSpecJSI-generated.cpp
› Compiling react-native Pods/React-RCTFBReactNativeSpec » FBReactNativeSpec-generated.mm
› Compiling react-native Pods/React-RCTFBReactNativeSpec » EventEmitters.cpp
› Compiling react-native Pods/React-RCTFBReactNativeSpec » ComponentDescriptors.cpp
› Compiling react-native Pods/React-microtasksnativemodule » NativeMicrotasks.cpp
› Compiling react-native Pods/React-microtasksnativemodule » NativeMicrotasks.cpp
› Compiling react-native Pods/React-RCTFBReactNativeSpec » React-RCTFBReactNativeSpec-dummy.m
› Packaging react-native Pods/React-RCTFBReactNativeSpec » libReact-RCTFBReactNativeSpec.a
› Compiling react-native Pods/React-RCTFBReactNativeSpec » React-RCTFBReactNativeSpec-dummy.m
› Compiling react-native Pods/React-microtasksnativemodule » React-microtasksnativemodule-dummy.m
› Compiling react-native Pods/React-featureflagsnativemodule » NativeReactNativeFeatureFlags.cpp
› Compiling react-native Pods/React-featureflagsnativemodule » NativeReactNativeFeatureFlags.cpp
› Compiling react-native Pods/React-microtasksnativemodule » React-microtasksnativemodule-dummy.m
› Compiling react-native Pods/React-featureflagsnativemodule » React-featureflagsnativemodule-dummy.m
› Compiling react-native Pods/React-idlecallbacksnativemodule » NativeIdleCallbacks.cpp
› Compiling react-native Pods/React-idlecallbacksnativemodule » NativeIdleCallbacks.cpp
› Compiling react-native Pods/React-featureflagsnativemodule » React-featureflagsnativemodule-dummy.m
› Compiling react-native Pods/React-RCTVibration » RCTVibrationPlugins.mm
› Compiling react-native Pods/React-RCTVibration » RCTVibration.mm
› Compiling react-native Pods/React-idlecallbacksnativemodule » React-idlecallbacksnativemodule-dummy.m
› Compiling react-native Pods/React-idlecallbacksnativemodule » React-idlecallbacksnativemodule-dummy.m
› Compiling react-native Pods/React-RCTVibration » RCTVibrationPlugins.mm
› Compiling react-native Pods/React-RCTVibration » RCTVibration.mm
› Compiling react-native Pods/React-RCTSettings » RCTSettingsPlugins.mm
› Compiling react-native Pods/React-RCTSettings » RCTSettingsManager.mm
› Packaging react-native Pods/React-RCTFBReactNativeSpec » libReact-RCTFBReactNativeSpec.a
› Compiling react-native Pods/React-RCTSettings » RCTSettingsPlugins.mm
› Compiling react-native Pods/React-RCTSettings » RCTSettingsManager.mm
› Compiling react-native Pods/React-domnativemodule » NativeDOM.cpp
› Compiling react-native Pods/React-domnativemodule » NativeDOM.cpp
› Compiling react-native Pods/React-RCTVibration » React-RCTVibration-dummy.m
› Compiling react-native Pods/React-RCTSettings » React-RCTSettings-dummy.m
› Compiling react-native Pods/React-RCTVibration » React-RCTVibration-dummy.m
› Compiling react-native Pods/React-RCTSettings » React-RCTSettings-dummy.m
› Compiling react-native Pods/React-defaultsnativemodule » DefaultTurboModules.cpp
› Compiling react-native Pods/React-defaultsnativemodule » DefaultTurboModules.cpp
› Compiling react-native Pods/React-domnativemodule » React-domnativemodule-dummy.m
› Compiling react-native Pods/React-domnativemodule » React-domnativemodule-dummy.m
› Compiling react-native Pods/React-RCTNetwork » RCTNetworking.mm
› Compiling react-native Pods/React-RuntimeApple » RCTPerformanceLoggerUtils.mm
› Compiling react-native Pods/React-defaultsnativemodule » React-defaultsnativemodule-dummy.m
› Compiling react-native Pods/React-RuntimeApple » RCTLegacyUIManagerConstantsProvider.mm
› Compiling react-native Pods/React-RuntimeApple » RCTJSThreadManager.mm
› Compiling react-native Pods/React-defaultsnativemodule » React-defaultsnativemodule-dummy.m
› Compiling react-native Pods/React-RuntimeApple » RCTInstance.mm
› Compiling react-native Pods/React-RuntimeApple » RCTHost.mm
› Compiling react-native Pods/React-RuntimeApple » RCTHermesInstance.mm
› Compiling react-native Pods/React-RuntimeApple » ObjCTimerRegistry.mm
› Compiling react-native Pods/React-RuntimeApple » RCTPerformanceLoggerUtils.mm
› Compiling react-native Pods/React-RuntimeApple » RCTLegacyUIManagerConstantsProvider.mm
› Compiling react-native Pods/React-RuntimeApple » RCTJSThreadManager.mm
› Compiling react-native Pods/React-RuntimeApple » RCTInstance.mm
› Compiling react-native Pods/React-RuntimeApple » RCTHost.mm
› Compiling react-native Pods/React-RuntimeApple » RCTHermesInstance.mm
› Compiling react-native Pods/React-RuntimeApple » ObjCTimerRegistry.mm
› Compiling react-native Pods/React-RCTNetwork » RCTNetworkTask.mm
› Compiling react-native Pods/React-RCTNetwork » RCTNetworkPlugins.mm
› Compiling react-native Pods/React-RCTNetwork » RCTInspectorNetworkReporter.mm
› Compiling react-native Pods/React-RCTNetwork » RCTHTTPRequestHandler.mm
› Compiling react-native Pods/React-RCTNetwork » RCTFileRequestHandler.mm
› Compiling react-native Pods/React-RCTNetwork » RCTDataRequestHandler.mm
› Compiling react-native Pods/React-RCTNetwork » RCTNetworking.mm
› Compiling react-native Pods/React-RCTNetwork » RCTNetworkTask.mm
› Compiling react-native Pods/React-RCTNetwork » RCTNetworkPlugins.mm
› Compiling react-native Pods/React-RCTNetwork » RCTInspectorNetworkReporter.mm
› Compiling react-native Pods/React-RCTNetwork » RCTHTTPRequestHandler.mm
› Compiling react-native Pods/React-RCTNetwork » RCTFileRequestHandler.mm
› Compiling react-native Pods/React-RCTNetwork » RCTDataRequestHandler.mm
› Compiling react-native Pods/React-RuntimeApple » React-RuntimeApple-dummy.m
› Compiling react-native Pods/React-RuntimeApple » React-RuntimeApple-dummy.m
› Compiling react-native Pods/React-RCTRuntime » RCTHermesInstanceFactory.mm
› Compiling react-native Pods/React-RCTRuntime » RCTHermesInstanceFactory.mm
› Compiling react-native Pods/React-RCTNetwork » React-RCTNetwork-dummy.m
› Compiling react-native Pods/React-RCTNetwork » React-RCTNetwork-dummy.m
› Compiling react-native Pods/React-RCTLinking » RCTLinkingPlugins.mm
› Compiling react-native Pods/React-RCTLinking » RCTLinkingManager.mm
› Compiling react-native Pods/React-RCTRuntime » React-RCTRuntime-dummy.m
› Compiling react-native Pods/React-RCTLinking » RCTLinkingPlugins.mm
› Compiling react-native Pods/React-RCTLinking » RCTLinkingManager.mm
› Compiling react-native Pods/React-RCTRuntime » React-RCTRuntime-dummy.m
› Compiling react-native Pods/React-RCTLinking » React-RCTLinking-dummy.m
› Compiling react-native Pods/React-RCTImage » RCTUIImageViewAnimated.mm
› Compiling react-native Pods/React-RCTImage » RCTResizeMode.mm
› Compiling react-native Pods/React-RCTLinking » React-RCTLinking-dummy.m
› Compiling react-native Pods/React-RCTImage » RCTLocalAssetImageLoader.mm
› Compiling react-native Pods/React-RCTImage » RCTImageViewManager.mm
› Compiling react-native Pods/React-RCTImage » RCTImageView.mm
› Compiling react-native Pods/React-RCTImage » RCTImageUtils.mm
› Compiling react-native Pods/React-RCTImage » RCTImageURLLoaderWithAttribution.mm
› Compiling react-native Pods/React-RCTImage » RCTImageStoreManager.mm
› Compiling react-native Pods/React-RCTImage » RCTImageShadowView.mm
› Compiling react-native Pods/React-RCTImage » RCTImagePlugins.mm
› Compiling react-native Pods/React-RCTImage » RCTImageLoader.mm
› Compiling react-native Pods/React-RCTImage » RCTImageEditingManager.mm
› Compiling react-native Pods/React-RCTImage » RCTImageCache.mm
› Compiling react-native Pods/React-RCTImage » RCTImageBlurUtils.mm
› Compiling react-native Pods/React-RCTImage » RCTGIFImageDecoder.mm
› Compiling react-native Pods/React-RCTImage » RCTDisplayWeakRefreshable.mm
› Compiling react-native Pods/React-RCTImage » RCTBundleAssetImageLoader.mm
› Compiling react-native Pods/React-RCTImage » RCTAnimatedImage.mm
› Compiling react-native Pods/React-RCTImage » RCTUIImageViewAnimated.mm
› Compiling react-native Pods/React-RCTImage » RCTResizeMode.mm
› Compiling react-native Pods/React-RCTImage » RCTLocalAssetImageLoader.mm
› Compiling react-native Pods/React-RCTImage » RCTImageViewManager.mm
› Compiling react-native Pods/React-RCTImage » RCTImageView.mm
› Compiling react-native Pods/React-RCTImage » RCTImageUtils.mm
› Compiling react-native Pods/React-RCTImage » RCTImageURLLoaderWithAttribution.mm
› Compiling react-native Pods/React-RCTImage » RCTImageStoreManager.mm
› Compiling react-native Pods/React-RCTImage » RCTImageShadowView.mm
› Compiling react-native Pods/React-RCTImage » RCTImagePlugins.mm
› Compiling react-native Pods/React-RCTImage » RCTImageLoader.mm
› Compiling react-native Pods/React-RCTImage » RCTImageEditingManager.mm
› Compiling react-native Pods/React-RCTImage » RCTImageCache.mm
› Compiling react-native Pods/React-RCTImage » RCTImageBlurUtils.mm
› Compiling react-native Pods/React-RCTImage » RCTGIFImageDecoder.mm
› Compiling react-native Pods/React-RCTImage » RCTDisplayWeakRefreshable.mm
› Compiling react-native Pods/React-RCTImage » RCTBundleAssetImageLoader.mm
› Compiling react-native Pods/React-RCTImage » RCTAnimatedImage.mm
› Compiling react-native Pods/React-RCTFabric » UIView+ComponentViewProtocol.mm
› Compiling react-native Pods/React-RCTFabric » RCTVirtualViewComponentView.mm
› Compiling react-native Pods/React-RCTFabric » RCTViewComponentView.mm
› Compiling react-native Pods/React-RCTFabric » RCTViewAccessibilityElement.mm
› Compiling react-native Pods/React-RCTImage » React-RCTImage-dummy.m
› Compiling react-native Pods/React-RCTImage » React-RCTImage-dummy.m
› Compiling react-native Pods/React-RCTFabric » RCTUnimplementedViewComponentView.mm
› Compiling react-native Pods/React-RCTFabric » RCTUnimplementedNativeComponentView.mm
› Compiling react-native Pods/React-RCTFabric » RCTTextInputUtils.mm
› Compiling react-native Pods/React-RCTFabric » RCTTextInputComponentView.mm
› Compiling react-native Pods/React-RCTFabric » RCTSwitchComponentView.mm
› Compiling react-native Pods/React-RCTFabric » RCTSurfaceTouchHandler.mm
› Compiling react-native Pods/React-RCTFabric » RCTSurfaceRegistry.mm
› Compiling react-native Pods/React-RCTFabric » RCTSurfacePresenterBridgeAdapter.mm
› Compiling react-native Pods/React-RCTFabric » RCTSurfacePresenter.mm
› Compiling react-native Pods/React-RCTFabric » RCTSurfacePointerHandler.mm
› Compiling react-native Pods/React-RCTFabric » RCTScrollViewComponentView.mm
› Compiling react-native Pods/React-RCTFabric » RCTScheduler.mm
› Compiling react-native Pods/React-RCTFabric » RCTSafeAreaViewComponentView.mm
› Compiling react-native Pods/React-RCTFabric » RCTRootComponentView.mm
› Compiling react-native Pods/React-RCTFabric » RCTReactTaggedView.mm
› Compiling react-native Pods/React-RCTFabric » RCTRadialGradient.mm
› Compiling react-native Pods/React-RCTFabric » RCTPullToRefreshViewComponentView.mm
› Compiling react-native Pods/React-RCTFabric » RCTParagraphComponentView.mm
› Compiling react-native Pods/React-RCTFabric » RCTParagraphComponentAccessibilityProvider.mm
› Compiling react-native Pods/React-RCTFabric » RCTMountingTransactionObserverCoordinator.mm
› Compiling react-native Pods/React-RCTFabric » RCTMountingManager.mm
› Compiling react-native Pods/React-RCTFabric » RCTModalHostViewComponentView.mm
› Compiling react-native Pods/React-RCTFabric » RCTLocalizationProvider.mm
› Compiling react-native Pods/React-RCTFabric » RCTLinearGradient.mm
› Compiling react-native Pods/React-RCTFabric » RCTLegacyViewManagerInteropCoordinatorAdapter.mm
› Compiling react-native Pods/React-RCTFabric » RCTLegacyViewManagerInteropComponentView.mm
› Compiling react-native Pods/React-RCTFabric » RCTInputAccessoryContentView.mm
› Compiling react-native Pods/React-RCTFabric » RCTInputAccessoryComponentView.mm
› Compiling react-native Pods/React-RCTFabric » RCTImageResponseObserverProxy.mm
› Compiling react-native Pods/React-RCTFabric » RCTImageComponentView.mm
› Compiling react-native Pods/React-RCTFabric » RCTGradientUtils.mm
› Compiling react-native Pods/React-RCTFabric » RCTGenericDelegateSplitter.mm
› Compiling react-native Pods/React-RCTFabric » RCTFabricSurface.mm
› Compiling react-native Pods/React-RCTFabric » RCTFabricModalHostViewController.mm
› Compiling react-native Pods/React-RCTFabric » RCTFabricComponentsPlugins.mm
› Compiling react-native Pods/React-RCTFabric » RCTEnhancedScrollView.mm
› Compiling react-native Pods/React-RCTFabric » RCTDebuggingOverlayComponentView.mm
› Compiling react-native Pods/React-RCTFabric » RCTComponentViewRegistry.mm
› Compiling react-native Pods/React-RCTFabric » RCTComponentViewFactory.mm
› Compiling react-native Pods/React-RCTFabric » RCTColorSpaceUtils.mm
› Compiling react-native Pods/React-RCTFabric » RCTBoxShadow.mm
› Compiling react-native Pods/React-RCTFabric » RCTActivityIndicatorViewComponentView.mm
› Compiling react-native Pods/React-RCTFabric » RCTAccessibilityElement.mm
› Compiling react-native Pods/React-RCTFabric » PlatformRunLoopObserver.mm
› Compiling react-native Pods/React-RCTFabric » AppleEventBeat.cpp
› Compiling react-native Pods/React-RCTFabric » UIView+ComponentViewProtocol.mm
› Compiling react-native Pods/React-RCTFabric » RCTVirtualViewComponentView.mm
› Compiling react-native Pods/React-RCTFabric » RCTViewComponentView.mm
› Compiling react-native Pods/React-RCTFabric » RCTViewAccessibilityElement.mm
› Compiling react-native Pods/React-RCTFabric » RCTUnimplementedViewComponentView.mm
› Compiling react-native Pods/React-RCTFabric » RCTUnimplementedNativeComponentView.mm
› Compiling react-native Pods/React-RCTFabric » RCTTextInputUtils.mm
› Compiling react-native Pods/React-RCTFabric » RCTTextInputComponentView.mm
› Compiling react-native Pods/React-RCTFabric » RCTSwitchComponentView.mm
› Compiling react-native Pods/React-RCTFabric » RCTSurfaceTouchHandler.mm
› Compiling react-native Pods/React-RCTFabric » RCTSurfaceRegistry.mm
› Compiling react-native Pods/React-RCTFabric » RCTSurfacePresenterBridgeAdapter.mm
› Compiling react-native Pods/React-RCTFabric » RCTSurfacePresenter.mm
› Compiling react-native Pods/React-RCTFabric » RCTSurfacePointerHandler.mm
› Compiling react-native Pods/React-RCTFabric » RCTScrollViewComponentView.mm
› Compiling react-native Pods/React-RCTFabric » RCTScheduler.mm
› Compiling react-native Pods/React-RCTFabric » RCTSafeAreaViewComponentView.mm
› Compiling react-native Pods/React-RCTFabric » RCTRootComponentView.mm
› Compiling react-native Pods/React-RCTFabric » RCTReactTaggedView.mm
› Compiling react-native Pods/React-RCTFabric » RCTRadialGradient.mm
› Compiling react-native Pods/React-RCTFabric » RCTPullToRefreshViewComponentView.mm
› Compiling react-native Pods/React-RCTFabric » RCTParagraphComponentView.mm
› Compiling react-native Pods/React-RCTFabric » RCTParagraphComponentAccessibilityProvider.mm
› Compiling react-native Pods/React-RCTFabric » RCTMountingTransactionObserverCoordinator.mm
› Compiling react-native Pods/React-RCTFabric » RCTMountingManager.mm
› Compiling react-native Pods/React-RCTFabric » RCTModalHostViewComponentView.mm
› Compiling react-native Pods/React-RCTFabric » RCTLocalizationProvider.mm
› Compiling react-native Pods/React-RCTFabric » RCTLinearGradient.mm
› Compiling react-native Pods/React-RCTFabric » RCTLegacyViewManagerInteropCoordinatorAdapter.mm
› Compiling react-native Pods/React-RCTFabric » RCTLegacyViewManagerInteropComponentView.mm
› Compiling react-native Pods/React-RCTFabric » RCTInputAccessoryContentView.mm
› Compiling react-native Pods/React-RCTFabric » RCTInputAccessoryComponentView.mm
› Compiling react-native Pods/React-RCTFabric » RCTImageResponseObserverProxy.mm
› Compiling react-native Pods/React-RCTFabric » RCTImageComponentView.mm
› Compiling react-native Pods/React-RCTFabric » RCTGradientUtils.mm
› Compiling react-native Pods/React-RCTFabric » RCTGenericDelegateSplitter.mm
› Compiling react-native Pods/React-RCTFabric » RCTFabricSurface.mm
› Compiling react-native Pods/React-RCTFabric » RCTFabricModalHostViewController.mm
› Compiling react-native Pods/React-RCTFabric » RCTFabricComponentsPlugins.mm
› Compiling react-native Pods/React-RCTFabric » RCTEnhancedScrollView.mm
› Compiling react-native Pods/React-RCTFabric » RCTDebuggingOverlayComponentView.mm
› Compiling react-native Pods/React-RCTFabric » RCTComponentViewRegistry.mm
› Compiling react-native Pods/React-RCTFabric » RCTComponentViewFactory.mm
› Compiling react-native Pods/React-RCTFabric » RCTColorSpaceUtils.mm
› Compiling react-native Pods/React-RCTFabric » RCTBoxShadow.mm
› Compiling react-native Pods/React-RCTFabric » RCTActivityIndicatorViewComponentView.mm
› Compiling react-native Pods/React-RCTFabric » RCTAccessibilityElement.mm
› Compiling react-native Pods/React-RCTFabric » PlatformRunLoopObserver.mm
› Compiling react-native Pods/React-RCTFabric » AppleEventBeat.cpp
› Compiling react-native Pods/React-RCTBlob » RCTFileReaderModule.mm
› Compiling react-native Pods/React-RCTBlob » RCTBlobPlugins.mm
› Compiling react-native Pods/React-RCTBlob » RCTBlobManager.mm
› Compiling react-native Pods/React-RCTBlob » RCTBlobCollector.mm
› Compiling react-native Pods/React-RCTFabric » React-RCTFabric-dummy.m
› Compiling react-native Pods/React-RCTFabric » React-RCTFabric-dummy.m
› Compiling react-native Pods/React-RCTBlob » RCTFileReaderModule.mm
› Compiling react-native Pods/React-RCTBlob » RCTBlobPlugins.mm
› Compiling react-native Pods/React-RCTBlob » RCTBlobManager.mm
› Compiling react-native Pods/React-RCTBlob » RCTBlobCollector.mm
› Compiling react-native Pods/React-RCTAnimation » RCTValueAnimatedNode.mm
› Compiling react-native Pods/React-RCTAnimation » RCTTransformAnimatedNode.mm
› Compiling react-native Pods/React-RCTAnimation » RCTTrackingAnimatedNode.mm
› Compiling react-native Pods/React-RCTAnimation » RCTSubtractionAnimatedNode.mm
› Compiling react-native Pods/React-RCTAnimation » RCTStyleAnimatedNode.mm
› Compiling react-native Pods/React-RCTBlob » React-RCTBlob-dummy.m
› Compiling react-native Pods/React-RCTBlob » React-RCTBlob-dummy.m
› Compiling react-native Pods/React-RCTAnimation » RCTSpringAnimation.mm
› Compiling react-native Pods/React-RCTAnimation » RCTPropsAnimatedNode.mm
› Compiling react-native Pods/React-RCTAnimation » RCTObjectAnimatedNode.mm
› Compiling react-native Pods/React-RCTAnimation » RCTNativeAnimatedTurboModule.mm
› Compiling react-native Pods/React-RCTAnimation » RCTNativeAnimatedNodesManager.mm
› Compiling react-native Pods/React-RCTAnimation » RCTNativeAnimatedModule.mm
› Compiling react-native Pods/React-RCTAnimation » RCTMultiplicationAnimatedNode.mm
› Compiling react-native Pods/React-RCTAnimation » RCTModuloAnimatedNode.mm
› Compiling react-native Pods/React-RCTAnimation » RCTInterpolationAnimatedNode.mm
› Compiling react-native Pods/React-RCTAnimation » RCTFrameAnimation.mm
› Compiling react-native Pods/React-RCTAnimation » RCTEventAnimation.mm
› Compiling react-native Pods/React-RCTAnimation » RCTDivisionAnimatedNode.mm
› Compiling react-native Pods/React-RCTAnimation » RCTDiffClampAnimatedNode.mm
› Compiling react-native Pods/React-RCTAnimation » RCTDecayAnimation.mm
› Compiling react-native Pods/React-RCTAnimation » RCTColorAnimatedNode.mm
› Compiling react-native Pods/React-RCTAnimation » RCTAnimationUtils.mm
› Compiling react-native Pods/React-RCTAnimation » RCTAnimationPlugins.mm
› Compiling react-native Pods/React-RCTAnimation » RCTAnimatedNode.mm
› Compiling react-native Pods/React-RCTAnimation » RCTAdditionAnimatedNode.mm
› Compiling react-native Pods/React-RCTAnimation » RCTValueAnimatedNode.mm
› Compiling react-native Pods/React-RCTAnimation » RCTTransformAnimatedNode.mm
› Compiling react-native Pods/React-RCTAnimation » RCTTrackingAnimatedNode.mm
› Compiling react-native Pods/React-RCTAnimation » RCTSubtractionAnimatedNode.mm
› Compiling react-native Pods/React-RCTAnimation » RCTStyleAnimatedNode.mm
› Compiling react-native Pods/React-RCTAnimation » RCTSpringAnimation.mm
› Compiling react-native Pods/React-RCTAnimation » RCTPropsAnimatedNode.mm
› Compiling react-native Pods/React-RCTAnimation » RCTObjectAnimatedNode.mm
› Compiling react-native Pods/React-RCTAnimation » RCTNativeAnimatedTurboModule.mm
› Compiling react-native Pods/React-RCTAnimation » RCTNativeAnimatedNodesManager.mm
› Compiling react-native Pods/React-RCTAnimation » RCTNativeAnimatedModule.mm
› Compiling react-native Pods/React-RCTAnimation » RCTMultiplicationAnimatedNode.mm
› Compiling react-native Pods/React-RCTAnimation » RCTModuloAnimatedNode.mm
› Compiling react-native Pods/React-RCTAnimation » RCTInterpolationAnimatedNode.mm
› Compiling react-native Pods/React-RCTAnimation » RCTFrameAnimation.mm
› Compiling react-native Pods/React-RCTAnimation » RCTEventAnimation.mm
› Compiling react-native Pods/React-RCTAnimation » RCTDivisionAnimatedNode.mm
› Compiling react-native Pods/React-RCTAnimation » RCTDiffClampAnimatedNode.mm
› Compiling react-native Pods/React-RCTAnimation » RCTDecayAnimation.mm
› Compiling react-native Pods/React-RCTAnimation » RCTColorAnimatedNode.mm
› Compiling react-native Pods/React-RCTAnimation » RCTAnimationUtils.mm
› Compiling react-native Pods/React-RCTAnimation » RCTAnimationPlugins.mm
› Compiling react-native Pods/React-RCTAnimation » RCTAnimatedNode.mm
› Compiling react-native Pods/React-RCTAnimation » RCTAdditionAnimatedNode.mm
› Compiling react-native Pods/React-FabricComponents » UnimplementedViewShadowNode.cpp
› Compiling react-native Pods/React-FabricComponents » UnimplementedViewProps.cpp
› Compiling react-native Pods/React-FabricComponents » UnimplementedViewComponentDescriptor.cpp
› Compiling react-native Pods/React-RCTAnimation » React-RCTAnimation-dummy.m
› Compiling react-native Pods/React-FabricComponents » TextShadowNode.cpp
› Compiling react-native Pods/React-FabricComponents » TextProps.cpp
› Compiling react-native Pods/React-RCTAnimation » React-RCTAnimation-dummy.m
› Compiling react-native Pods/React-FabricComponents » TextMeasureCache.cpp
› Compiling react-native Pods/React-FabricComponents » TextLayoutManager.mm
› Compiling react-native Pods/React-FabricComponents » TextInputShadowNode.cpp
› Compiling react-native Pods/React-FabricComponents » TextInputProps.cpp
› Compiling react-native Pods/React-FabricComponents » TextInputEventEmitter.cpp
› Compiling react-native Pods/React-FabricComponents » ScrollViewState.cpp
› Compiling react-native Pods/React-FabricComponents » ScrollViewShadowNode.cpp
› Compiling react-native Pods/React-FabricComponents » ScrollViewEventEmitter.cpp
› Compiling react-native Pods/React-FabricComponents » ScrollEvent.cpp
› Compiling react-native Pods/React-FabricComponents » SafeAreaViewState.cpp
› Compiling react-native Pods/React-FabricComponents » SafeAreaViewShadowNode.cpp
› Compiling react-native Pods/React-FabricComponents » RawTextShadowNode.cpp
› Compiling react-native Pods/React-FabricComponents » RawTextProps.cpp
› Compiling react-native Pods/React-FabricComponents » RCTTextLayoutManager.mm
› Compiling react-native Pods/React-FabricComponents » RCTFontUtils.mm
› Compiling react-native Pods/React-FabricComponents » RCTAttributedTextUtils.mm
› Compiling react-native Pods/React-FabricComponents » ParagraphShadowNode.cpp
› Compiling react-native Pods/React-FabricComponents » ParagraphProps.cpp
› Compiling react-native Pods/React-FabricComponents » ParagraphEventEmitter.cpp
› Compiling react-native Pods/React-FabricComponents » ParagraphComponentDescriptor.cpp
› Compiling react-native Pods/React-FabricComponents » ModalHostViewUtils.mm
› Compiling react-native Pods/React-FabricComponents » ModalHostViewState.cpp
› Compiling react-native Pods/React-FabricComponents » ModalHostViewShadowNode.cpp
› Compiling react-native Pods/React-FabricComponents » InputAccessoryShadowNode.cpp
› Compiling react-native Pods/React-FabricComponents » IOSSwitchShadowNode.mm
› Compiling react-native Pods/React-FabricComponents » BaseTextShadowNode.cpp
› Compiling react-native Pods/React-FabricComponents » BaseTextProps.cpp
› Compiling react-native Pods/React-FabricComponents » BaseTextInputProps.cpp
› Compiling react-native Pods/React-FabricComponents » BaseScrollViewProps.cpp
› Compiling react-native Pods/React-FabricComponents » UnimplementedViewShadowNode.cpp
› Compiling react-native Pods/React-FabricComponents » UnimplementedViewProps.cpp
› Compiling react-native Pods/React-FabricComponents » UnimplementedViewComponentDescriptor.cpp
› Compiling react-native Pods/React-FabricComponents » TextShadowNode.cpp
› Compiling react-native Pods/React-FabricComponents » TextProps.cpp
› Compiling react-native Pods/React-FabricComponents » TextMeasureCache.cpp
› Compiling react-native Pods/React-FabricComponents » TextLayoutManager.mm
› Compiling react-native Pods/React-FabricComponents » TextInputShadowNode.cpp
› Compiling react-native Pods/React-FabricComponents » TextInputProps.cpp
› Compiling react-native Pods/React-FabricComponents » TextInputEventEmitter.cpp
› Compiling react-native Pods/React-FabricComponents » ScrollViewState.cpp
› Compiling react-native Pods/React-FabricComponents » ScrollViewShadowNode.cpp
› Compiling react-native Pods/React-FabricComponents » ScrollViewEventEmitter.cpp
› Compiling react-native Pods/React-FabricComponents » ScrollEvent.cpp
› Compiling react-native Pods/React-FabricComponents » SafeAreaViewState.cpp
› Compiling react-native Pods/React-FabricComponents » SafeAreaViewShadowNode.cpp
› Compiling react-native Pods/React-FabricComponents » RawTextShadowNode.cpp
› Compiling react-native Pods/React-FabricComponents » RawTextProps.cpp
› Compiling react-native Pods/React-FabricComponents » RCTTextLayoutManager.mm
› Compiling react-native Pods/React-FabricComponents » RCTFontUtils.mm
› Compiling react-native Pods/React-FabricComponents » RCTAttributedTextUtils.mm
› Compiling react-native Pods/React-FabricComponents » ParagraphShadowNode.cpp
› Compiling react-native Pods/React-FabricComponents » ParagraphProps.cpp
› Compiling react-native Pods/React-FabricComponents » ParagraphEventEmitter.cpp
› Compiling react-native Pods/React-FabricComponents » ParagraphComponentDescriptor.cpp
› Compiling react-native Pods/React-FabricComponents » ModalHostViewUtils.mm
› Compiling react-native Pods/React-FabricComponents » ModalHostViewState.cpp
› Compiling react-native Pods/React-FabricComponents » ModalHostViewShadowNode.cpp
› Compiling react-native Pods/React-FabricComponents » InputAccessoryShadowNode.cpp
› Compiling react-native Pods/React-FabricComponents » IOSSwitchShadowNode.mm
› Compiling react-native Pods/React-FabricComponents » BaseTextShadowNode.cpp
› Compiling react-native Pods/React-FabricComponents » BaseTextProps.cpp
› Compiling react-native Pods/React-FabricComponents » BaseTextInputProps.cpp
› Compiling react-native Pods/React-FabricComponents » BaseScrollViewProps.cpp
› Compiling react-native Pods/React-FabricComponents » React-FabricComponents-dummy.m
› Compiling react-native Pods/React-CoreModules » RCTWebSocketModule.mm
› Compiling react-native Pods/React-RCTAppDelegate » RCTRootViewFactory.mm
› Compiling react-native Pods/React-RCTAppDelegate » RCTReactNativeFactory.mm
› Compiling react-native Pods/React-RCTAppDelegate » RCTDefaultReactNativeFactoryDelegate.mm
› Compiling react-native Pods/React-RCTAppDelegate » RCTAppSetupUtils.mm
› Compiling react-native Pods/React-RCTAppDelegate » RCTAppDelegate.mm
› Compiling react-native Pods/React-RCTAppDelegate » RCTRootViewFactory.mm
› Compiling react-native Pods/React-RCTAppDelegate » RCTReactNativeFactory.mm
› Compiling react-native Pods/React-RCTAppDelegate » RCTDefaultReactNativeFactoryDelegate.mm
› Compiling react-native Pods/React-RCTAppDelegate » RCTAppSetupUtils.mm
› Compiling react-native Pods/React-RCTAppDelegate » RCTAppDelegate.mm
› Compiling react-native Pods/React-FabricComponents » React-FabricComponents-dummy.m
› Compiling react-native Pods/React-CoreModules » RCTTiming.mm
› Compiling react-native Pods/React-CoreModules » RCTStatusBarManager.mm
› Compiling react-native Pods/React-CoreModules » RCTSourceCode.mm
› Compiling react-native Pods/React-CoreModules » RCTRedBox.mm
› Compiling react-native Pods/React-CoreModules » RCTPlatform.mm
› Compiling react-native Pods/React-CoreModules » RCTPerfMonitor.mm
› Compiling react-native Pods/React-CoreModules » RCTLogBoxView.mm
› Compiling react-native Pods/React-CoreModules » RCTLogBox.mm
› Compiling react-native Pods/React-CoreModules » RCTKeyboardObserver.mm
› Compiling react-native Pods/React-CoreModules » RCTI18nManager.mm
› Compiling react-native Pods/React-CoreModules » RCTFPSGraph.mm
› Compiling react-native Pods/React-CoreModules » RCTExceptionsManager.mm
› Compiling react-native Pods/React-CoreModules » RCTEventDispatcher.mm
› Compiling react-native Pods/React-CoreModules » RCTDeviceInfo.mm
› Compiling react-native Pods/React-CoreModules » RCTDevToolsRuntimeSettingsModule.mm
› Compiling react-native Pods/React-CoreModules » RCTDevSettings.mm
› Compiling react-native Pods/React-CoreModules » RCTDevMenu.mm
› Compiling react-native Pods/React-CoreModules » RCTDevLoadingView.mm
› Compiling react-native Pods/React-CoreModules » RCTClipboard.mm
› Compiling react-native Pods/React-CoreModules » RCTAppearance.mm
› Compiling react-native Pods/React-CoreModules » RCTAppState.mm
› Compiling react-native Pods/React-CoreModules » RCTAlertManager.mm
› Compiling react-native Pods/React-CoreModules » RCTAlertController.mm
› Compiling react-native Pods/React-CoreModules » RCTActionSheetManager.mm
› Compiling react-native Pods/React-CoreModules » RCTAccessibilityManager.mm
› Compiling react-native Pods/React-CoreModules » CoreModulesPlugins.mm
› Compiling react-native Pods/React-CoreModules » RCTWebSocketModule.mm
› Compiling react-native Pods/React-CoreModules » RCTTiming.mm
› Compiling react-native Pods/React-CoreModules » RCTStatusBarManager.mm
› Compiling react-native Pods/React-CoreModules » RCTSourceCode.mm
› Compiling react-native Pods/React-CoreModules » RCTRedBox.mm
› Compiling react-native Pods/React-CoreModules » RCTPlatform.mm
› Compiling react-native Pods/React-CoreModules » RCTPerfMonitor.mm
› Compiling react-native Pods/React-CoreModules » RCTLogBoxView.mm
› Compiling react-native Pods/React-CoreModules » RCTLogBox.mm
› Compiling react-native Pods/React-CoreModules » RCTKeyboardObserver.mm
› Compiling react-native Pods/React-CoreModules » RCTI18nManager.mm
› Compiling react-native Pods/React-CoreModules » RCTFPSGraph.mm
› Compiling react-native Pods/React-CoreModules » RCTExceptionsManager.mm
› Compiling react-native Pods/React-CoreModules » RCTEventDispatcher.mm
› Compiling react-native Pods/React-CoreModules » RCTDeviceInfo.mm
› Compiling react-native Pods/React-CoreModules » RCTDevToolsRuntimeSettingsModule.mm
› Compiling react-native Pods/React-CoreModules » RCTDevSettings.mm
› Compiling react-native Pods/React-CoreModules » RCTDevMenu.mm
› Compiling react-native Pods/React-CoreModules » RCTDevLoadingView.mm
› Compiling react-native Pods/React-CoreModules » RCTClipboard.mm
› Compiling react-native Pods/React-CoreModules » RCTAppearance.mm
› Compiling react-native Pods/React-CoreModules » RCTAppState.mm
› Compiling react-native Pods/React-CoreModules » RCTAlertManager.mm
› Compiling react-native Pods/React-CoreModules » RCTAlertController.mm
› Compiling react-native Pods/React-CoreModules » RCTActionSheetManager.mm
› Compiling react-native Pods/React-CoreModules » RCTAccessibilityManager.mm
› Compiling react-native Pods/React-CoreModules » CoreModulesPlugins.mm
› Packaging react-native Pods/React-microtasksnativemodule » libReact-microtasksnativemodule.a
› Packaging react-native Pods/React-microtasksnativemodule » libReact-microtasksnativemodule.a
› Packaging react-native Pods/React-idlecallbacksnativemodule » libReact-idlecallbacksnativemodule.a
› Packaging react-native Pods/React-idlecallbacksnativemodule » libReact-idlecallbacksnativemodule.a
› Packaging react-native Pods/React-featureflagsnativemodule » libReact-featureflagsnativemodule.a
› Packaging react-native Pods/React-featureflagsnativemodule » libReact-featureflagsnativemodule.a
› Packaging react-native Pods/React-RCTVibration » libReact-RCTVibration.a
› Packaging react-native Pods/React-RCTVibration » libReact-RCTVibration.a
› Packaging react-native Pods/React-RCTSettings » libReact-RCTSettings.a
› Packaging react-native Pods/React-RCTSettings » libReact-RCTSettings.a
› Packaging react-native Pods/React-RCTNetwork » libReact-RCTNetwork.a
› Packaging react-native Pods/React-RCTNetwork » libReact-RCTNetwork.a
› Packaging react-native Pods/React-RCTLinking » libReact-RCTLinking.a
› Packaging react-native Pods/React-RCTLinking » libReact-RCTLinking.a
› Packaging react-native Pods/React-RCTAnimation » libReact-RCTAnimation.a
› Packaging react-native Pods/React-RCTAnimation » libReact-RCTAnimation.a
› Packaging react-native Pods/React-FabricComponents » libReact-FabricComponents.a
› Packaging react-native Pods/React-FabricComponents » libReact-FabricComponents.a
› Compiling react-native Pods/React-RCTAppDelegate » React-RCTAppDelegate-dummy.m
› Packaging react-native Pods/React-RCTImage » libReact-RCTImage.a
› Packaging react-native Pods/React-RCTImage » libReact-RCTImage.a
› Packaging react-native Pods/React-RCTBlob » libReact-RCTBlob.a
› Packaging react-native Pods/React-RCTBlob » libReact-RCTBlob.a
› Packaging react-native Pods/React-domnativemodule » libReact-domnativemodule.a
› Packaging react-native Pods/React-domnativemodule » libReact-domnativemodule.a
› Packaging react-native Pods/React-RCTFabric » libReact-RCTFabric.a
› Packaging react-native Pods/React-RCTFabric » libReact-RCTFabric.a
› Compiling react-native Pods/React-CoreModules » React-CoreModules-dummy.m
› Packaging react-native Pods/React-defaultsnativemodule » libReact-defaultsnativemodule.a
› Packaging react-native Pods/React-defaultsnativemodule » libReact-defaultsnativemodule.a
› Packaging react-native Pods/React-CoreModules » libReact-CoreModules.a
› Compiling react-native Pods/React-RCTAppDelegate » React-RCTAppDelegate-dummy.m
› Compiling react-native Pods/React-CoreModules » React-CoreModules-dummy.m
› Packaging react-native Pods/React-CoreModules » libReact-CoreModules.a
› Packaging react-native Pods/React-RuntimeApple » libReact-RuntimeApple.a
› Packaging react-native Pods/React-RuntimeApple » libReact-RuntimeApple.a
› Packaging react-native Pods/React-RCTRuntime » libReact-RCTRuntime.a
› Packaging react-native Pods/React-RCTRuntime » libReact-RCTRuntime.a
› Packaging react-native Pods/React-RCTAppDelegate » libReact-RCTAppDelegate.a
› Packaging react-native Pods/React-RCTAppDelegate » libReact-RCTAppDelegate.a
› Executing accessmap Pods/ReactCodegen » [CP-User] Generate Specs
› Compiling accessmap Pods/ReactCodegen » safeareacontextJSI-generated.cpp
› Compiling accessmap Pods/ReactCodegen » safeareacontext-generated.mm
› Compiling accessmap Pods/ReactCodegen » rnsvgJSI-generated.cpp
› Compiling accessmap Pods/ReactCodegen » rnsvg-generated.mm
› Compiling accessmap Pods/ReactCodegen » rnscreensJSI-generated.cpp
› Compiling accessmap Pods/ReactCodegen » rnscreens-generated.mm
› Compiling accessmap Pods/ReactCodegen » rngesturehandler_codegenJSI-generated.cpp
› Compiling accessmap Pods/ReactCodegen » rngesturehandler_codegen-generated.mm
› Compiling accessmap Pods/ReactCodegen » rnasyncstorageJSI-generated.cpp
› Compiling accessmap Pods/ReactCodegen » rnasyncstorage-generated.mm
› Compiling accessmap Pods/ReactCodegen » States.cpp
› Compiling accessmap Pods/ReactCodegen » States.cpp
› Compiling accessmap Pods/ReactCodegen » States.cpp
› Compiling accessmap Pods/ReactCodegen » States.cpp
› Compiling accessmap Pods/ReactCodegen » ShadowNodes.cpp
› Compiling accessmap Pods/ReactCodegen » ShadowNodes.cpp
› Compiling accessmap Pods/ReactCodegen » ShadowNodes.cpp
› Compiling accessmap Pods/ReactCodegen » ShadowNodes.cpp
› Compiling accessmap Pods/ReactCodegen » ReactCodegen-dummy.m
› Compiling accessmap Pods/ReactCodegen » RCTUnstableModulesRequiringMainQueueSetupProvider.mm
› Compiling accessmap Pods/ReactCodegen » RCTThirdPartyComponentsProvider.mm
› Compiling accessmap Pods/ReactCodegen » RCTModulesConformingToProtocolsProvider.mm
› Compiling accessmap Pods/ReactCodegen » RCTModuleProviders.mm
› Compiling accessmap Pods/ReactCodegen » Props.cpp
› Compiling accessmap Pods/ReactCodegen » Props.cpp
› Compiling accessmap Pods/ReactCodegen » Props.cpp
› Compiling accessmap Pods/ReactCodegen » Props.cpp
› Compiling accessmap Pods/ReactCodegen » EventEmitters.cpp
› Compiling accessmap Pods/ReactCodegen » EventEmitters.cpp
› Compiling accessmap Pods/ReactCodegen » EventEmitters.cpp
› Compiling accessmap Pods/ReactCodegen » EventEmitters.cpp
› Compiling accessmap Pods/ReactCodegen » ComponentDescriptors.cpp
› Compiling accessmap Pods/ReactCodegen » ComponentDescriptors.cpp
› Compiling accessmap Pods/ReactCodegen » ComponentDescriptors.cpp
› Compiling accessmap Pods/ReactCodegen » ComponentDescriptors.cpp
› Compiling accessmap Pods/ReactCodegen » safeareacontextJSI-generated.cpp
› Compiling accessmap Pods/ReactCodegen » safeareacontext-generated.mm
› Compiling accessmap Pods/ReactCodegen » rnsvgJSI-generated.cpp
› Compiling accessmap Pods/ReactCodegen » rnsvg-generated.mm
› Compiling accessmap Pods/ReactCodegen » rnscreensJSI-generated.cpp
› Compiling accessmap Pods/ReactCodegen » rnscreens-generated.mm
› Compiling accessmap Pods/ReactCodegen » rngesturehandler_codegenJSI-generated.cpp
› Compiling accessmap Pods/ReactCodegen » rngesturehandler_codegen-generated.mm
› Compiling accessmap Pods/ReactCodegen » rnasyncstorageJSI-generated.cpp
› Compiling accessmap Pods/ReactCodegen » rnasyncstorage-generated.mm
› Compiling accessmap Pods/ReactCodegen » States.cpp
› Compiling accessmap Pods/ReactCodegen » States.cpp
› Packaging accessmap Pods/ReactCodegen » libReactCodegen.a
› Compiling accessmap Pods/ReactCodegen » States.cpp
› Compiling accessmap Pods/ReactCodegen » States.cpp
› Compiling accessmap Pods/ReactCodegen » ShadowNodes.cpp
› Compiling accessmap Pods/ReactCodegen » ShadowNodes.cpp
› Compiling accessmap Pods/ReactCodegen » ShadowNodes.cpp
› Compiling accessmap Pods/ReactCodegen » ShadowNodes.cpp
› Compiling accessmap Pods/ReactCodegen » RCTUnstableModulesRequiringMainQueueSetupProvider.mm
› Compiling accessmap Pods/ReactCodegen » RCTThirdPartyComponentsProvider.mm
› Compiling accessmap Pods/ReactCodegen » RCTModulesConformingToProtocolsProvider.mm
› Compiling accessmap Pods/ReactCodegen » RCTModuleProviders.mm
› Compiling accessmap Pods/ReactCodegen » Props.cpp
› Compiling accessmap Pods/ReactCodegen » Props.cpp
› Compiling accessmap Pods/ReactCodegen » Props.cpp
› Compiling accessmap Pods/ReactCodegen » Props.cpp
› Compiling accessmap Pods/ReactCodegen » EventEmitters.cpp
› Compiling accessmap Pods/ReactCodegen » EventEmitters.cpp
› Compiling accessmap Pods/ReactCodegen » EventEmitters.cpp
› Compiling accessmap Pods/ReactCodegen » EventEmitters.cpp
› Compiling accessmap Pods/ReactCodegen » ComponentDescriptors.cpp
› Compiling accessmap Pods/ReactCodegen » ComponentDescriptors.cpp
› Compiling accessmap Pods/ReactCodegen » ComponentDescriptors.cpp
› Compiling accessmap Pods/ReactCodegen » ComponentDescriptors.cpp
› Compiling accessmap Pods/ReactAppDependencyProvider » RCTAppDependencyProvider.mm
› Compiling accessmap Pods/ReactAppDependencyProvider » RCTAppDependencyProvider.mm
› Compiling accessmap Pods/ReactCodegen » ReactCodegen-dummy.m
› Compiling accessmap Pods/ReactAppDependencyProvider » ReactAppDependencyProvider-dummy.m
› Compiling react-native-screens Pods/RNScreens » UIWindow+RNScreens.mm
› Compiling react-native-screens Pods/RNScreens » UIViewController+RNScreens.mm
› Compiling react-native-screens Pods/RNScreens » UIView+RNSUtility.mm
› Compiling accessmap Pods/ReactAppDependencyProvider » ReactAppDependencyProvider-dummy.m
› Compiling react-native-screens Pods/RNScreens » UIScrollView+RNScreens.mm
› Compiling react-native-screens Pods/RNScreens » UINavigationBar+RNSUtility.mm
› Compiling react-native-screens Pods/RNScreens » RNScreensTurboModule.cpp
› Compiling react-native-screens Pods/RNScreens » RNSViewControllerInvalidator.mm
› Compiling react-native-screens Pods/RNScreens » RNSTabsScreenViewController.mm
› Compiling react-native-screens Pods/RNScreens » RNSTabBarControllerDelegate.mm
› Compiling react-native-screens Pods/RNScreens » RNSTabBarController.mm
› Compiling react-native-screens Pods/RNScreens » RNSTabBarAppearanceCoordinator.mm
› Compiling react-native-screens Pods/RNScreens » RNSSearchBar.mm
› Compiling react-native-screens Pods/RNScreens » RNSScrollViewHelper.mm
› Compiling react-native-screens Pods/RNScreens » RNSScrollViewFinder.mm
› Packaging accessmap Pods/ReactCodegen » libReactCodegen.a
› Compiling react-native-screens Pods/RNScreens » RNSScreenWindowTraits.mm
› Compiling react-native-screens Pods/RNScreens » RNSScreenViewEvent.mm
› Compiling react-native-screens Pods/RNScreens » RNSScreenStackHeaderSubview.mm
› Compiling react-native-screens Pods/RNScreens » RNSScreenStackHeaderConfig.mm
› Compiling react-native-screens Pods/RNScreens » RNSScreenStackAnimator.mm
› Compiling react-native-screens Pods/RNScreens » RNSScreenStack.mm
› Compiling react-native-screens Pods/RNScreens » RNSScreenNavigationContainer.mm
› Compiling react-native-screens Pods/RNScreens » RNSScreenFooter.mm
› Compiling react-native-screens Pods/RNScreens » RNSScreenContentWrapper.mm
› Compiling react-native-screens Pods/RNScreens » RNSScreenContainer.mm
› Compiling react-native-screens Pods/RNScreens » RNSScreen.mm
› Compiling react-native-screens Pods/RNScreens » RNSReactBaseView.mm
› Compiling react-native-screens Pods/RNScreens » RNSPercentDrivenInteractiveTransition.mm
› Compiling react-native-screens Pods/RNScreens » RNSModule.mm
› Compiling react-native-screens Pods/RNScreens » RNSModalScreen.mm
› Compiling react-native-screens Pods/RNScreens » RNSInvalidatedComponentsRegistry.mm
› Compiling react-native-screens Pods/RNScreens » RNSHeaderHeightChangeEvent.mm
› Compiling react-native-screens Pods/RNScreens » RNSGammaStubs.mm
› Compiling react-native-screens Pods/RNScreens » RNSFullWindowOverlay.mm
› Compiling react-native-screens Pods/RNScreens » RNSConvert.mm
› Compiling react-native-screens Pods/RNScreens » RNSConversions.mm
› Compiling react-native-screens Pods/RNScreens » RNSConversions-SplitView.mm
› Compiling react-native-screens Pods/RNScreens » RNSConversions-Fabric.mm
› Compiling react-native-screens Pods/RNScreens » RNSConversions-BottomTabs.mm
› Compiling react-native-screens Pods/RNScreens » RNSBottomTabsScreenEventEmitter.mm
› Compiling react-native-screens Pods/RNScreens » RNSBottomTabsScreenComponentViewManager.mm
› Compiling react-native-screens Pods/RNScreens » RNSBottomTabsScreenComponentView.mm
› Compiling react-native-screens Pods/RNScreens » RNSBottomTabsHostEventEmitter.mm
› Compiling react-native-screens Pods/RNScreens » RNSBottomTabsHostComponentViewManager.mm
› Compiling react-native-screens Pods/RNScreens » RNSBottomTabsHostComponentView.mm
› Compiling react-native-screens Pods/RNScreens » RNSBottomTabsHostComponentView+RNSImageLoader.mm
› Compiling react-native-screens Pods/RNScreens » RNSBackBarButtonItem.mm
› Compiling react-native-screens Pods/RNScreens » RCTTouchHandler+RNSUtility.mm
› Compiling react-native-screens Pods/RNScreens » RCTSurfaceTouchHandler+RNSUtility.mm
› Compiling react-native-screens Pods/RNScreens » RCTImageComponentView+RNSScreenStackHeaderConfig.mm
› Compiling react-native-screens Pods/RNScreens » RCTConvert+RNScreens.mm
› Compiling react-native-screens Pods/RNScreens » RCTConvert+RNSBottomTabs.mm
› Compiling react-native-screens Pods/RNScreens » NSString+RNSUtility.mm
› Compiling react-native-screens Pods/RNScreens » UIWindow+RNScreens.mm
› Compiling react-native-screens Pods/RNScreens » UIViewController+RNScreens.mm
› Compiling react-native-screens Pods/RNScreens » UIView+RNSUtility.mm
› Compiling react-native-screens Pods/RNScreens » UIScrollView+RNScreens.mm
› Compiling react-native-screens Pods/RNScreens » UINavigationBar+RNSUtility.mm
› Compiling react-native-screens Pods/RNScreens » RNScreensTurboModule.cpp
› Compiling react-native-screens Pods/RNScreens » RNSViewControllerInvalidator.mm
› Compiling react-native-screens Pods/RNScreens » RNSTabsScreenViewController.mm
› Compiling react-native-screens Pods/RNScreens » RNSTabBarControllerDelegate.mm
› Compiling react-native-screens Pods/RNScreens » RNSTabBarController.mm
› Compiling react-native-screens Pods/RNScreens » RNSTabBarAppearanceCoordinator.mm
› Compiling react-native-screens Pods/RNScreens » RNSSearchBar.mm
› Compiling react-native-screens Pods/RNScreens » RNSScrollViewHelper.mm
› Compiling react-native-screens Pods/RNScreens » RNSScrollViewFinder.mm
› Compiling react-native-screens Pods/RNScreens » RNSScreenWindowTraits.mm
› Compiling react-native-screens Pods/RNScreens » RNSScreenViewEvent.mm
› Compiling react-native-screens Pods/RNScreens » RNSScreenStackHeaderSubview.mm
› Compiling react-native-screens Pods/RNScreens » RNSScreenStackHeaderConfig.mm
› Compiling react-native-screens Pods/RNScreens » RNSScreenStackAnimator.mm
› Compiling react-native-screens Pods/RNScreens » RNSScreenStack.mm
› Compiling react-native-screens Pods/RNScreens » RNSScreenNavigationContainer.mm
› Compiling react-native-screens Pods/RNScreens » RNSScreenFooter.mm
› Compiling react-native-screens Pods/RNScreens » RNSScreenContentWrapper.mm
› Compiling react-native-screens Pods/RNScreens » RNSScreenContainer.mm
› Compiling react-native-screens Pods/RNScreens » RNSScreen.mm
› Compiling react-native-screens Pods/RNScreens » RNSReactBaseView.mm
› Compiling react-native-screens Pods/RNScreens » RNSPercentDrivenInteractiveTransition.mm
› Compiling react-native-screens Pods/RNScreens » RNSModule.mm
› Compiling react-native-screens Pods/RNScreens » RNSModalScreen.mm
› Compiling react-native-screens Pods/RNScreens » RNSInvalidatedComponentsRegistry.mm
› Compiling react-native-screens Pods/RNScreens » RNSHeaderHeightChangeEvent.mm
› Compiling react-native-screens Pods/RNScreens » RNSGammaStubs.mm
› Compiling react-native-screens Pods/RNScreens » RNSFullWindowOverlay.mm
› Compiling react-native-screens Pods/RNScreens » RNSConvert.mm
› Compiling react-native-screens Pods/RNScreens » RNSConversions.mm
› Compiling react-native-screens Pods/RNScreens » RNSConversions-SplitView.mm
› Compiling react-native-screens Pods/RNScreens » RNSConversions-Fabric.mm
› Compiling react-native-screens Pods/RNScreens » RNSConversions-BottomTabs.mm
› Compiling react-native-screens Pods/RNScreens » RNSBottomTabsScreenEventEmitter.mm
› Compiling react-native-screens Pods/RNScreens » RNSBottomTabsScreenComponentViewManager.mm
› Compiling react-native-screens Pods/RNScreens » RNSBottomTabsScreenComponentView.mm
› Compiling react-native-screens Pods/RNScreens » RNSBottomTabsHostEventEmitter.mm
› Compiling react-native-screens Pods/RNScreens » RNSBottomTabsHostComponentViewManager.mm
› Compiling react-native-screens Pods/RNScreens » RNSBottomTabsHostComponentView.mm
› Compiling react-native-screens Pods/RNScreens » RNSBottomTabsHostComponentView+RNSImageLoader.mm
› Compiling react-native-screens Pods/RNScreens » RNSBackBarButtonItem.mm
› Compiling react-native-screens Pods/RNScreens » RCTTouchHandler+RNSUtility.mm
› Compiling react-native-screens Pods/RNScreens » RCTSurfaceTouchHandler+RNSUtility.mm
› Compiling react-native-screens Pods/RNScreens » RCTImageComponentView+RNSScreenStackHeaderConfig.mm
› Compiling react-native-screens Pods/RNScreens » RCTConvert+RNScreens.mm
› Compiling react-native-screens Pods/RNScreens » RCTConvert+RNSBottomTabs.mm
› Compiling react-native-screens Pods/RNScreens » NSString+RNSUtility.mm
› Compiling react-native-gesture-handler Pods/RNGestureHandler » RNNativeViewHandler.mm
› Compiling react-native-gesture-handler Pods/RNGestureHandler » RNGestureHandlerRootViewComponentView.mm
› Compiling react-native-gesture-handler Pods/RNGestureHandler » RNGestureHandlerModule.mm
› Compiling react-native-gesture-handler Pods/RNGestureHandler » RNGestureHandlerManager.mm
› Compiling react-native-gesture-handler Pods/RNGestureHandler » RNGestureHandlerButtonManager.mm
› Compiling react-native-gesture-handler Pods/RNGestureHandler » RNGestureHandlerButtonComponentView.mm
› Compiling react-native-screens Pods/RNScreens » RNScreens-dummy.m
› Compiling react-native-screens Pods/RNScreens » RNScreens-dummy.m
› Compiling react-native-gesture-handler Pods/RNGestureHandler » RNGestureHandlerButton.mm
› Compiling react-native-gesture-handler Pods/RNGestureHandler » RNGestureHandler.mm
› Compiling react-native-gesture-handler Pods/RNGestureHandler » RNNativeViewHandler.mm
› Compiling react-native-gesture-handler Pods/RNGestureHandler » RNGestureHandlerRootViewComponentView.mm
› Compiling react-native-gesture-handler Pods/RNGestureHandler » RNGestureHandlerModule.mm
› Compiling react-native-gesture-handler Pods/RNGestureHandler » RNGestureHandlerManager.mm
› Compiling react-native-gesture-handler Pods/RNGestureHandler » RNGestureHandlerButtonManager.mm
› Compiling react-native-gesture-handler Pods/RNGestureHandler » RNGestureHandlerButtonComponentView.mm
› Compiling react-native-gesture-handler Pods/RNGestureHandler » RNGestureHandlerButton.mm
› Compiling react-native-gesture-handler Pods/RNGestureHandler » RNGestureHandler.mm
› Compiling react-native-gesture-handler Pods/RNGestureHandler » RNGestureHandlerEvents.m
› Compiling react-native-gesture-handler Pods/RNGestureHandler » RNGestureHandler-dummy.m
› Compiling react-native-gesture-handler Pods/RNGestureHandler » RNGHStylusData.m
› Compiling react-native-gesture-handler Pods/RNGestureHandler » RNGHVector.m
› Compiling react-native-gesture-handler Pods/RNGestureHandler » RNTapHandler.m
› Compiling react-native-gesture-handler Pods/RNGestureHandler » RNRotationHandler.m
› Compiling react-native-gesture-handler Pods/RNGestureHandler » RNRootViewGestureRecognizer.m
› Compiling react-native-gesture-handler Pods/RNGestureHandler » RNPinchHandler.m
› Compiling react-native-gesture-handler Pods/RNGestureHandler » RNPanHandler.m
› Compiling react-native-gesture-handler Pods/RNGestureHandler » RNManualHandler.m
› Compiling react-native-gesture-handler Pods/RNGestureHandler » RNManualActivationRecognizer.m
› Compiling react-native-gesture-handler Pods/RNGestureHandler » RNLongPressHandler.m
› Compiling react-native-gesture-handler Pods/RNGestureHandler » RNHoverHandler.m
› Compiling react-native-gesture-handler Pods/RNGestureHandler » RNGestureHandlerRegistry.m
› Compiling react-native-gesture-handler Pods/RNGestureHandler » RNGestureHandlerPointerTracker.m
› Compiling react-native-gesture-handler Pods/RNGestureHandler » RNForceTouchHandler.m
› Compiling react-native-gesture-handler Pods/RNGestureHandler » RNFlingHandler.m
› Compiling react-native-gesture-handler Pods/RNGestureHandler » RNGestureHandler-dummy.m
› Compiling react-native-gesture-handler Pods/RNGestureHandler » RNGHVector.m
› Compiling react-native-gesture-handler Pods/RNGestureHandler » RNGestureHandlerEvents.m
› Compiling react-native-gesture-handler Pods/RNGestureHandler » RNGHStylusData.m
› Packaging accessmap Pods/ReactAppDependencyProvider » libReactAppDependencyProvider.a
› Packaging accessmap Pods/ReactAppDependencyProvider » libReactAppDependencyProvider.a
› Packaging react-native-screens Pods/RNScreens » libRNScreens.a
› Packaging react-native-screens Pods/RNScreens » libRNScreens.a
› Packaging react-native-gesture-handler Pods/RNGestureHandler » libRNGestureHandler.a
› Compiling react-native-gesture-handler Pods/RNGestureHandler » RNTapHandler.m
› Compiling react-native-gesture-handler Pods/RNGestureHandler » RNRotationHandler.m
› Compiling react-native-gesture-handler Pods/RNGestureHandler » RNRootViewGestureRecognizer.m
› Compiling react-native-gesture-handler Pods/RNGestureHandler » RNPinchHandler.m
› Compiling react-native-gesture-handler Pods/RNGestureHandler » RNPanHandler.m
› Compiling react-native-gesture-handler Pods/RNGestureHandler » RNManualHandler.m
› Compiling react-native-gesture-handler Pods/RNGestureHandler » RNManualActivationRecognizer.m
› Compiling react-native-gesture-handler Pods/RNGestureHandler » RNLongPressHandler.m
› Compiling react-native-gesture-handler Pods/RNGestureHandler » RNHoverHandler.m
› Compiling react-native-gesture-handler Pods/RNGestureHandler » RNGestureHandlerRegistry.m
› Compiling react-native-gesture-handler Pods/RNGestureHandler » RNGestureHandlerPointerTracker.m
› Compiling react-native-gesture-handler Pods/RNGestureHandler » RNForceTouchHandler.m
› Compiling react-native-gesture-handler Pods/RNGestureHandler » RNFlingHandler.m
› Packaging react-native-gesture-handler Pods/RNGestureHandler » libRNGestureHandler.a
› Compiling expo-modules-core Pods/ExpoModulesCore » TypedArray.cpp
› Compiling expo-modules-core Pods/ExpoModulesCore » SwiftUIVirtualViewObjC.mm
› Compiling expo-modules-core Pods/ExpoModulesCore » SharedRef.cpp
› Compiling expo-modules-core Pods/ExpoModulesCore » SharedObject.cpp
› Compiling expo-modules-core Pods/ExpoModulesCore » ObjectDeallocator.cpp
› Compiling expo-modules-core Pods/ExpoModulesCore » NativeModule.cpp
› Compiling expo-modules-core Pods/ExpoModulesCore » MainThreadInvoker.mm
› Compiling expo-modules-core Pods/ExpoModulesCore » LazyObject.cpp
› Compiling expo-modules-core Pods/ExpoModulesCore » JSIUtils.cpp
› Compiling expo-modules-core Pods/ExpoModulesCore » ExpoViewShadowNode.cpp
› Compiling expo-modules-core Pods/ExpoModulesCore » ExpoViewProps.cpp
› Compiling expo-modules-core Pods/ExpoModulesCore » ExpoViewEventEmitter.cpp
› Compiling expo-modules-core Pods/ExpoModulesCore » ExpoViewComponentDescriptor.cpp
› Compiling expo-modules-core Pods/ExpoModulesCore » ExpoModulesHostObject.mm
› Compiling expo-modules-core Pods/ExpoModulesCore » ExpoFabricViewObjC.mm
› Compiling expo-modules-core Pods/ExpoModulesCore » ExpoBridgeModule.mm
› Compiling expo-modules-core Pods/ExpoModulesCore » EventEmitter.cpp
› Compiling expo-modules-core Pods/ExpoModulesCore » EXStringUtils.cpp
› Compiling expo-modules-core Pods/ExpoModulesCore » EXSharedObjectUtils.mm
› Compiling expo-modules-core Pods/ExpoModulesCore » EXReactNativeAdapter.mm
› Compiling expo-modules-core Pods/ExpoModulesCore » EXReactDelegateWrapper.mm
› Compiling expo-modules-core Pods/ExpoModulesCore » EXRawJavaScriptFunction.mm
› Compiling expo-modules-core Pods/ExpoModulesCore » EXNativeModulesProxy.mm
› Compiling expo-modules-core Pods/ExpoModulesCore » EXJavaScriptWeakObject.mm
› Compiling expo-modules-core Pods/ExpoModulesCore » EXJavaScriptValue.mm
› Compiling expo-modules-core Pods/ExpoModulesCore » EXJavaScriptTypedArray.mm
› Compiling expo-modules-core Pods/ExpoModulesCore » EXJavaScriptSharedObjectBinding.mm
› Compiling expo-modules-core Pods/ExpoModulesCore » EXJavaScriptRuntime.mm
› Compiling expo-modules-core Pods/ExpoModulesCore » EXJavaScriptObject.mm
› Compiling expo-modules-core Pods/ExpoModulesCore » EXJSIUtils.mm
› Compiling expo-modules-core Pods/ExpoModulesCore » EXJSIInstaller.mm
› Compiling expo-modules-core Pods/ExpoModulesCore » EXJSIConversions.mm
› Compiling expo-modules-core Pods/ExpoModulesCore » TypedArray.cpp
› Compiling expo-modules-core Pods/ExpoModulesCore » SwiftUIVirtualViewObjC.mm
› Compiling expo-modules-core Pods/ExpoModulesCore » SharedRef.cpp
› Compiling expo-modules-core Pods/ExpoModulesCore » SharedObject.cpp
› Compiling expo-modules-core Pods/ExpoModulesCore » ObjectDeallocator.cpp
› Compiling expo-modules-core Pods/ExpoModulesCore » NativeModule.cpp
› Compiling expo-modules-core Pods/ExpoModulesCore » MainThreadInvoker.mm
› Compiling expo-modules-core Pods/ExpoModulesCore » LazyObject.cpp
› Compiling expo-modules-core Pods/ExpoModulesCore » JSIUtils.cpp
› Compiling expo-modules-core Pods/ExpoModulesCore » ExpoViewShadowNode.cpp
› Compiling expo-modules-core Pods/ExpoModulesCore » ExpoViewProps.cpp
› Compiling expo-modules-core Pods/ExpoModulesCore » ExpoViewEventEmitter.cpp
› Compiling expo-modules-core Pods/ExpoModulesCore » ExpoViewComponentDescriptor.cpp
› Compiling expo-modules-core Pods/ExpoModulesCore » ExpoModulesHostObject.mm
› Compiling expo-modules-core Pods/ExpoModulesCore » ExpoFabricViewObjC.mm
› Compiling expo-modules-core Pods/ExpoModulesCore » ExpoBridgeModule.mm
› Compiling expo-modules-core Pods/ExpoModulesCore » EventEmitter.cpp
› Compiling expo-modules-core Pods/ExpoModulesCore » EXStringUtils.cpp
› Compiling expo-modules-core Pods/ExpoModulesCore » EXSharedObjectUtils.mm
› Compiling expo-modules-core Pods/ExpoModulesCore » EXReactNativeAdapter.mm
› Compiling expo-modules-core Pods/ExpoModulesCore » EXReactDelegateWrapper.mm
› Compiling expo-modules-core Pods/ExpoModulesCore » EXRawJavaScriptFunction.mm
› Compiling expo-modules-core Pods/ExpoModulesCore » EXNativeModulesProxy.mm
› Compiling expo-modules-core Pods/ExpoModulesCore » EXJavaScriptWeakObject.mm
› Compiling expo-modules-core Pods/ExpoModulesCore » EXJavaScriptValue.mm
› Compiling expo-modules-core Pods/ExpoModulesCore » EXJavaScriptTypedArray.mm
› Compiling expo-modules-core Pods/ExpoModulesCore » EXJavaScriptSharedObjectBinding.mm
› Compiling expo-modules-core Pods/ExpoModulesCore » EXJavaScriptRuntime.mm
› Compiling expo-modules-core Pods/ExpoModulesCore » EXJavaScriptObject.mm
› Compiling expo-modules-core Pods/ExpoModulesCore » EXJSIUtils.mm
› Compiling expo-modules-core Pods/ExpoModulesCore » EXJSIInstaller.mm
› Compiling expo-modules-core Pods/ExpoModulesCore » EXJSIConversions.mm
› Compiling expo-modules-core Pods/ExpoModulesCore » EXUtilities.m
› Compiling expo-modules-core Pods/ExpoModulesCore » ExpoModulesCore-dummy.m
› Compiling expo-modules-core Pods/ExpoModulesCore » EXSingletonModule.m
› Compiling expo-modules-core Pods/ExpoModulesCore » EXReactNativeUserNotificationCenterProxy.m
› Compiling expo-modules-core Pods/ExpoModulesCore » EXReactLogHandler.m
› Compiling expo-modules-core Pods/ExpoModulesCore » EXPermissionsService.m
› Compiling expo-modules-core Pods/ExpoModulesCore » EXPermissionsMethodsDelegate.m
› Compiling expo-modules-core Pods/ExpoModulesCore » EXModuleRegistryHolderReactModule.m
› Compiling expo-modules-core Pods/ExpoModulesCore » EXModuleRegistryAdapter.m
› Compiling expo-modules-core Pods/ExpoModulesCore » EXLogManager.m
› Compiling expo-modules-core Pods/ExpoModulesCore » EXExportedModule.m
› Compiling expo-modules-core Pods/ExpoModulesCore » EXAppDefines.m
› Compiling expo-modules-core Pods/ExpoModulesCore » CoreModuleHelper.m
› Compiling expo-modules-core Pods/ExpoModulesCore » RCTComponentData+Privates.m
› Compiling expo-modules-core Pods/ExpoModulesCore » EXReactNativeEventEmitter.m
› Compiling expo-modules-core Pods/ExpoModulesCore » EXModuleRegistryProvider.m
› Compiling expo-modules-core Pods/ExpoModulesCore » EXModuleRegistry.m
› Packaging expo-modules-core Pods/ExpoModulesCore » libExpoModulesCore.a
› Compiling expo-modules-core Pods/ExpoModulesCore » ExpoModulesCore-dummy.m
› Compiling expo-modules-core Pods/ExpoModulesCore » EXModuleRegistryAdapter.m
› Compiling expo-modules-core Pods/ExpoModulesCore » EXUtilities.m
› Compiling expo-modules-core Pods/ExpoModulesCore » EXSingletonModule.m
› Compiling expo-modules-core Pods/ExpoModulesCore » EXReactNativeUserNotificationCenterProxy.m
› Compiling expo-modules-core Pods/ExpoModulesCore » EXReactLogHandler.m
› Compiling expo-modules-core Pods/ExpoModulesCore » EXPermissionsMethodsDelegate.m
› Compiling expo-modules-core Pods/ExpoModulesCore » EXPermissionsService.m
› Compiling expo-modules-core Pods/ExpoModulesCore » EXModuleRegistryHolderReactModule.m
› Compiling expo-modules-core Pods/ExpoModulesCore » EXLogManager.m
› Compiling expo-modules-core Pods/ExpoModulesCore » EXExportedModule.m
› Compiling expo-modules-core Pods/ExpoModulesCore » EXAppDefines.m
› Compiling expo-modules-core Pods/ExpoModulesCore » CoreModuleHelper.m
› Compiling expo-modules-core Pods/ExpoModulesCore » RCTComponentData+Privates.m
› Compiling expo-modules-core Pods/ExpoModulesCore » EXReactNativeEventEmitter.m
› Compiling expo-modules-core Pods/ExpoModulesCore » EXModuleRegistryProvider.m
› Compiling expo-modules-core Pods/ExpoModulesCore » EXModuleRegistry.m
› Packaging expo-modules-core Pods/ExpoModulesCore » libExpoModulesCore.a
› Executing expo-modules-core Pods/ExpoModulesCore » Copy generated compatibility header
› Compiling expo-location Pods/ExpoLocation » ExpoLocation-dummy.m
› Compiling expo-location Pods/ExpoLocation » EXLocationTaskConsumer.m
› Compiling expo-secure-store Pods/ExpoSecureStore » ExpoSecureStore-dummy.m
› Compiling expo-location Pods/ExpoLocation » EXLocationPermissionRequester.m
› Compiling expo-location Pods/ExpoLocation » EXLocation.m
› Compiling expo-secure-store Pods/ExpoSecureStore » ExpoSecureStore-dummy.m
› Compiling expo-location Pods/ExpoLocation » EXGeofencingTaskConsumer.m
› Compiling expo-location Pods/ExpoLocation » EXForegroundPermissionRequester.m
› Compiling expo-location Pods/ExpoLocation » EXBaseLocationRequester.m
› Compiling expo-location Pods/ExpoLocation » EXBackgroundLocationPermissionRequester.m
› Compiling expo-location Pods/ExpoLocation » ExpoLocation-dummy.m
› Compiling expo-location Pods/ExpoLocation » EXLocation.m
› Compiling expo-location Pods/ExpoLocation » EXLocationPermissionRequester.m
› Compiling expo-location Pods/ExpoLocation » EXForegroundPermissionRequester.m
› Compiling expo-location Pods/ExpoLocation » EXLocationTaskConsumer.m
› Compiling expo-location Pods/ExpoLocation » EXGeofencingTaskConsumer.m
› Compiling expo-location Pods/ExpoLocation » EXBaseLocationRequester.m
› Compiling expo-location Pods/ExpoLocation » EXBackgroundLocationPermissionRequester.m
› Compiling expo-linear-gradient Pods/ExpoLinearGradient » ExpoLinearGradient-dummy.m
› Compiling expo-keep-awake Pods/ExpoKeepAwake » ExpoKeepAwake-dummy.m
› Compiling expo-linear-gradient Pods/ExpoLinearGradient » ExpoLinearGradient-dummy.m
› Compiling expo-keep-awake Pods/ExpoKeepAwake » ExpoKeepAwake-dummy.m
› Compiling expo-haptics Pods/ExpoHaptics » ExpoHaptics-dummy.m
› Compiling expo-haptics Pods/ExpoHaptics » ExpoHaptics-dummy.m
› Compiling expo-blur Pods/ExpoBlur » ExpoBlur-dummy.m
› Compiling expo-blur Pods/ExpoBlur » ExpoBlur-dummy.m
› Compiling expo-font Pods/ExpoFont » ExpoFont-dummy.m
› Compiling expo-font Pods/ExpoFont » ExpoFont-dummy.m
› Compiling expo-crypto Pods/ExpoCrypto » ExpoCrypto-dummy.m
› Compiling expo-asset Pods/ExpoAsset » ExpoAsset-dummy.m
› Compiling expo-crypto Pods/ExpoCrypto » ExpoCrypto-dummy.m
› Compiling expo-asset Pods/ExpoAsset » ExpoAsset-dummy.m
› Compiling expo-file-system Pods/ExpoFileSystem » NSData+EXFileSystem.m
› Compiling expo-file-system Pods/ExpoFileSystem » ExpoFileSystem-dummy.m
› Compiling expo-file-system Pods/ExpoFileSystem » EXTaskHandlersManager.m
› Compiling expo-file-system Pods/ExpoFileSystem » EXSessionUploadTaskDelegate.m
› Compiling expo-file-system Pods/ExpoFileSystem » EXSessionTaskDispatcher.m
› Compiling expo-file-system Pods/ExpoFileSystem » EXSessionTaskDelegate.m
› Compiling expo-file-system Pods/ExpoFileSystem » EXSessionResumableDownloadTaskDelegate.m
› Compiling expo-file-system Pods/ExpoFileSystem » EXSessionHandler.m
› Compiling expo-file-system Pods/ExpoFileSystem » EXSessionDownloadTaskDelegate.m
› Compiling expo-file-system Pods/ExpoFileSystem » EXSessionCancelableUploadTaskDelegate.m
› Compiling expo-file-system Pods/ExpoFileSystem » EXTaskHandlersManager.m
› Compiling expo-file-system Pods/ExpoFileSystem » ExpoFileSystem-dummy.m
› Compiling expo-file-system Pods/ExpoFileSystem » NSData+EXFileSystem.m
› Compiling expo-file-system Pods/ExpoFileSystem » EXSessionUploadTaskDelegate.m
› Compiling expo-file-system Pods/ExpoFileSystem » EXSessionTaskDispatcher.m
› Compiling expo-file-system Pods/ExpoFileSystem » EXSessionTaskDelegate.m
› Compiling expo-file-system Pods/ExpoFileSystem » EXSessionResumableDownloadTaskDelegate.m
› Compiling expo-file-system Pods/ExpoFileSystem » EXSessionHandler.m
› Compiling expo-file-system Pods/ExpoFileSystem » EXSessionDownloadTaskDelegate.m
› Compiling expo-file-system Pods/ExpoFileSystem » EXSessionCancelableUploadTaskDelegate.m
› Compiling expo-image-manipulator Pods/ExpoImageManipulator » ExpoImageManipulator-dummy.m
› Compiling expo-image-picker Pods/ExpoImagePicker » ExpoImagePicker-dummy.m
› Compiling expo-image-picker Pods/ExpoImagePicker » ExpoImagePicker-dummy.m
› Compiling expo-image-manipulator Pods/ExpoImageManipulator » ExpoImageManipulator-dummy.m
› Packaging expo-secure-store Pods/ExpoSecureStore » libExpoSecureStore.a
› Packaging expo-secure-store Pods/ExpoSecureStore » libExpoSecureStore.a
› Packaging expo-location Pods/ExpoLocation » libExpoLocation.a
› Packaging expo-location Pods/ExpoLocation » libExpoLocation.a
› Compiling expo-file-system Pods/ExpoFileSystem » EXFileSystemLocalFileHandler.m
› Compiling expo-file-system Pods/ExpoFileSystem » EXFileSystemAssetLibraryHandler.m
› Packaging expo-linear-gradient Pods/ExpoLinearGradient » libExpoLinearGradient.a
› Packaging expo-linear-gradient Pods/ExpoLinearGradient » libExpoLinearGradient.a
› Packaging expo-keep-awake Pods/ExpoKeepAwake » libExpoKeepAwake.a
› Packaging expo-keep-awake Pods/ExpoKeepAwake » libExpoKeepAwake.a
› Packaging expo-image-picker Pods/ExpoImagePicker » libExpoImagePicker.a
› Packaging expo-image-picker Pods/ExpoImagePicker » libExpoImagePicker.a
› Packaging expo-haptics Pods/ExpoHaptics » libExpoHaptics.a
› Packaging expo-haptics Pods/ExpoHaptics » libExpoHaptics.a
› Packaging expo-font Pods/ExpoFont » libExpoFont.a
› Packaging expo-font Pods/ExpoFont » libExpoFont.a
› Packaging expo-crypto Pods/ExpoCrypto » libExpoCrypto.a
› Packaging expo-crypto Pods/ExpoCrypto » libExpoCrypto.a
› Packaging expo-blur Pods/ExpoBlur » libExpoBlur.a
› Packaging expo-blur Pods/ExpoBlur » libExpoBlur.a
› Packaging expo-asset Pods/ExpoAsset » libExpoAsset.a
› Packaging expo-asset Pods/ExpoAsset » libExpoAsset.a
› Executing expo-secure-store Pods/ExpoSecureStore » Copy generated compatibility header
› Packaging expo-file-system Pods/ExpoFileSystem » libExpoFileSystem.a
› Executing expo-location Pods/ExpoLocation » Copy generated compatibility header
› Executing expo-linear-gradient Pods/ExpoLinearGradient » Copy generated compatibility header
› Executing expo-keep-awake Pods/ExpoKeepAwake » Copy generated compatibility header
› Executing expo-image-picker Pods/ExpoImagePicker » Copy generated compatibility header
› Executing expo-haptics Pods/ExpoHaptics » Copy generated compatibility header
› Executing expo-font Pods/ExpoFont » Copy generated compatibility header
› Executing expo-crypto Pods/ExpoCrypto » Copy generated compatibility header
› Executing expo-blur Pods/ExpoBlur » Copy generated compatibility header
› Executing expo-asset Pods/ExpoAsset » Copy generated compatibility header
› Compiling expo-file-system Pods/ExpoFileSystem » EXFileSystemLocalFileHandler.m
› Compiling expo-file-system Pods/ExpoFileSystem » EXFileSystemAssetLibraryHandler.m
› Compiling expo-updates-interface Pods/EXUpdatesInterface » EXUpdatesInterface-dummy.m
› Compiling expo-updates-interface Pods/EXUpdatesInterface » noop-file.m
› Compiling expo-updates-interface Pods/EXUpdatesInterface » noop-file.m
› Compiling expo-updates-interface Pods/EXUpdatesInterface » EXUpdatesInterface-dummy.m
› Packaging expo-updates-interface Pods/EXUpdatesInterface » libEXUpdatesInterface.a
› Packaging expo-updates-interface Pods/EXUpdatesInterface » libEXUpdatesInterface.a
› Executing expo-updates-interface Pods/EXUpdatesInterface » Copy generated compatibility header
› Compiling expo Pods/Expo » EXReactRootViewFactory.mm
› Compiling expo Pods/Expo » EXAppDelegateWrapper.mm
› Compiling expo Pods/Expo » EXReactRootViewFactory.mm
› Compiling expo Pods/Expo » EXAppDelegateWrapper.mm
› Packaging expo-file-system Pods/ExpoFileSystem » libExpoFileSystem.a
› Compiling expo Pods/Expo » Expo-dummy.m
› Compiling expo Pods/Expo » Expo-dummy.m
› Compiling expo Pods/Expo » EXLegacyAppDelegateWrapper.m
› Compiling expo Pods/Expo » EXLegacyAppDelegateWrapper.m
› Executing expo-file-system Pods/ExpoFileSystem » Copy generated compatibility header
› Compiling expo Pods/Expo » EXAppDefinesLoader.m
› Compiling expo Pods/Expo » EXAppDelegatesLoader.m
› Compiling expo Pods/Expo » EXAppDelegatesLoader.m
› Compiling expo Pods/Expo » EXAppDefinesLoader.m
› Packaging expo Pods/Expo » libExpo.a
› Packaging expo Pods/Expo » libExpo.a
› Compiling expo-image-loader Pods/EXImageLoader » EXImageLoader-dummy.m
› Compiling expo-image-loader Pods/EXImageLoader » EXImageLoader.m
› Executing expo Pods/Expo » Copy generated compatibility header
› Packaging expo-image-loader Pods/EXImageLoader » libEXImageLoader.a
› Compiling expo-image-loader Pods/EXImageLoader » EXImageLoader-dummy.m
› Executing expo-constants Pods/EXConstants » [CP-User] Generate app.config for prebuilt Constants.manifest
› Compiling expo-image-loader Pods/EXImageLoader » EXImageLoader.m
› Packaging expo-image-loader Pods/EXImageLoader » libEXImageLoader.a
› Packaging expo-image-manipulator Pods/ExpoImageManipulator » libExpoImageManipulator.a
› Packaging expo-image-manipulator Pods/ExpoImageManipulator » libExpoImageManipulator.a
› Executing expo-image-manipulator Pods/ExpoImageManipulator » Copy generated compatibility header
› Compiling expo-notifications Pods/EXNotifications » EXUserFacingNotificationsPermissionsRequester.m
› Compiling expo-notifications Pods/EXNotifications » EXNotifications-dummy.m
› Compiling expo-notifications Pods/EXNotifications » EXNotificationSerializer.m
› Compiling expo-notifications Pods/EXNotifications » EXUserFacingNotificationsPermissionsRequester.m
› Compiling expo-notifications Pods/EXNotifications » EXNotifications-dummy.m
› Compiling expo-notifications Pods/EXNotifications » EXNotificationSerializer.m
› Compiling expo-constants Pods/EXConstants » EXConstantsInstallationIdProvider.m
› Compiling expo-constants Pods/EXConstants » EXConstantsService.m
› Compiling expo-constants Pods/EXConstants » EXConstants-dummy.m
› Packaging expo-notifications Pods/EXNotifications » libEXNotifications.a
› Packaging expo-notifications Pods/EXNotifications » libEXNotifications.a
› Packaging expo-constants Pods/EXConstants » libEXConstants.a
› Compiling expo-constants Pods/EXConstants » EXConstantsService.m
› Compiling expo-constants Pods/EXConstants » EXConstants-dummy.m
› Compiling expo-constants Pods/EXConstants » EXConstantsInstallationIdProvider.m
› Compiling expo-application Pods/EXApplication » EXProvisioningProfile.m
› Executing expo-notifications Pods/EXNotifications » Copy generated compatibility header
› Compiling expo-application Pods/EXApplication » EXApplication-dummy.m
› Packaging expo-constants Pods/EXConstants » libEXConstants.a
› Executing expo-constants Pods/EXConstants » Copy generated compatibility header
› Packaging expo-application Pods/EXApplication » libEXApplication.a
› Compiling expo-application Pods/EXApplication » EXProvisioningProfile.m
› Compiling expo-application Pods/EXApplication » EXApplication-dummy.m
› Compiling expo-manifests Pods/EXManifests » EXManifests-dummy.m
› Packaging expo-application Pods/EXApplication » libEXApplication.a
› Executing expo-application Pods/EXApplication » Copy generated compatibility header
› Packaging expo-manifests Pods/EXManifests » libEXManifests.a
› Compiling expo-manifests Pods/EXManifests » EXManifests-dummy.m
› Packaging expo-manifests Pods/EXManifests » libEXManifests.a
› Executing expo-manifests Pods/EXManifests » Copy generated compatibility header
› Compiling expo-dev-menu Pods/expo-dev-menu » expo-dev-menu-dummy.m
› Compiling expo-dev-menu Pods/expo-dev-menu » DevClientNoOpLoadingView.m
› Compiling expo-dev-menu Pods/expo-dev-menu » DevClientNoOpLoadingView.m
› Compiling expo-dev-menu Pods/expo-dev-menu » expo-dev-menu-dummy.m
› Compiling expo-dev-menu Pods/expo-dev-menu » EXDevMenuAppInfo.m
› Compiling expo-dev-menu Pods/expo-dev-menu » EXDevMenuAppInfo.m
› Packaging expo-dev-menu Pods/expo-dev-menu » libexpo-dev-menu.a
› Packaging expo-dev-menu Pods/expo-dev-menu » libexpo-dev-menu.a
› Executing expo-dev-menu Pods/expo-dev-menu » Copy generated compatibility header
› Compiling expo-dev-launcher Pods/expo-dev-launcher » RCTPackagerConnection+EXDevLauncherPackagerConnectionInterceptor.m
› Compiling expo-dev-launcher Pods/expo-dev-launcher » EXDevLauncherReactNativeFactory.mm
› Compiling expo-dev-launcher Pods/expo-dev-launcher » RCTPackagerConnection+EXDevLauncherPackagerConnectionInterceptor.m
› Compiling expo-dev-launcher Pods/expo-dev-launcher » EXDevLauncherReactNativeFactory.mm
› Compiling expo-dev-launcher Pods/expo-dev-launcher » EXDevLauncherDeferredRCTRootView.m
› Compiling expo-dev-launcher Pods/expo-dev-launcher » expo-dev-launcher-dummy.m
› Compiling expo-dev-launcher Pods/expo-dev-launcher » EXDevLauncherUpdatesHelper.m
› Compiling expo-dev-launcher Pods/expo-dev-launcher » EXDevLauncherRCTDevSettings.m
› Compiling expo-dev-launcher Pods/expo-dev-launcher » EXDevLauncherDevMenuExtensions.m
› Compiling expo-dev-launcher Pods/expo-dev-launcher » EXDevLauncherRCTBridge.m
› Compiling expo-dev-launcher Pods/expo-dev-launcher » expo-dev-launcher-dummy.m
› Compiling expo-dev-launcher Pods/expo-dev-launcher » EXDevLauncherDeferredRCTRootView.m
› Compiling expo-dev-launcher Pods/expo-dev-launcher » EXDevLauncherUpdatesHelper.m
› Compiling expo-dev-launcher Pods/expo-dev-launcher » EXDevLauncherRCTDevSettings.m
› Compiling expo-dev-launcher Pods/expo-dev-launcher » EXDevLauncherRCTBridge.m
› Compiling expo-dev-launcher Pods/expo-dev-launcher » EXDevLauncherDevMenuExtensions.m
› Compiling expo-dev-launcher Pods/expo-dev-launcher » EXDevLauncherManifestParser.m
› Compiling expo-dev-launcher Pods/expo-dev-launcher » EXDevLauncherRedBox.m
› Compiling expo-dev-launcher Pods/expo-dev-launcher » EXDevLauncher.m
› Compiling expo-dev-launcher Pods/expo-dev-launcher » EXDevLauncherController.m
› Compiling expo-dev-launcher Pods/expo-dev-launcher » EXDevLauncher.m
› Compiling expo-dev-launcher Pods/expo-dev-launcher » EXDevLauncherRedBox.m
› Compiling expo-dev-launcher Pods/expo-dev-launcher » EXDevLauncherManifestParser.m
› Compiling expo-dev-launcher Pods/expo-dev-launcher » EXDevLauncherController.m
› Packaging expo-dev-launcher Pods/expo-dev-launcher » libexpo-dev-launcher.a
› Packaging expo-dev-launcher Pods/expo-dev-launcher » libexpo-dev-launcher.a
› Executing expo-dev-launcher Pods/expo-dev-launcher » Copy generated compatibility header
› Compiling Pods/Pods-Flagstone » Pods-Flagstone-dummy.m
› Packaging Pods/Pods-Flagstone » libPods-Flagstone.a
› Compiling Pods/Pods-Flagstone » Pods-Flagstone-dummy.m
› Packaging Pods/Pods-Flagstone » libPods-Flagstone.a
› Executing Flagstone » [CP] Check Pods Manifest.lock
› Executing Flagstone » [Expo] Configure project
› Copying   ../Library/Developer/Xcode/DerivedData/Flagstone-bxiulfhbbzyculedfaeyflzgjiot/Build/Products/Release-iphonesimulator/Flagstone.app/PrivacyInfo.xcprivacy ➜ ios/Flagstone/PrivacyInfo.xcprivacy
› Compiling Flagstone » SplashScreen.storyboard
› Copying   ios/Flagstone/Supporting/Expo.plist ➜ ./Expo.plist
› Compiling Flagstone » Flagstone_vers.c
› Compiling Flagstone » Flagstone_vers.c
› Linking   Flagstone » Flagstone
› Linking   Flagstone » Flagstone
› Preparing Flagstone » Info.plist
› Executing Flagstone » Bundle React Native code and images
› Generating debug Flagstone » Flagstone.app.dSYM
› Executing Flagstone » [CP] Copy Pods Resources
› Executing Flagstone » [CP] Embed Pods Frameworks
› Signing   Flagstone » Flagstone.app
› Creating  Flagstone » Flagstone.app
⚠️  Pods/react-native-maps-ReactNativeMapsPrivacy: iOS@11.0 deployment version mismatch, expected >= 2.0 <= 26.5.99
⚠️  Pods/SDWebImage-SDWebImage: iOS@9.0 deployment version mismatch, expected >= 2.0 <= 26.5.99
⚠️  Pods/RNCAsyncStorage-RNCAsyncStorage_resources: iOS@9.0 deployment version mismatch, expected >= 2.0 <= 26.5.99
› Build Succeeded

› 0 error(s), and 3 warning(s)

Waiting on http://localhost:8081
› Installing /Users/skypie/Library/Developer/Xcode/DerivedData/Flagstone-bxiulfhbbzyculedfaeyflzgjiot/Build/Products/Release-iphonesimulator/Flagstone.app
- Connecting to: Flagstone Audit B33 iPhone 17 Pro
✖ Connecting to: Flagstone Audit B33 iPhone 17 Pro
Error: null
Error: null
    at ChildProcess.<anonymous> (/Users/skypie/AccessMap-deep-audit-20260902-b33/node_modules/@expo/cli/src/start/platforms/ios/devicectl.ts:280:21)
    at ChildProcess.emit (node:events:509:28)
    at maybeClose (node:internal/child_process:1124:16)
    at Socket.<anonymous> (node:internal/child_process:481:11)
    at Socket.emit (node:events:509:28)
    at Pipe.<anonymous> (node:net:350:12)
